commit_hash,commit_timestamp,lines_added,lines_deleted,code_churn,files_changed,functions_changed,num_directories_touched,is_test_file_modified,avg_lines_changed_per_file,max_lines_changed_in_single_file,num_source_files_changed,bug_introduced
f302723,2009-06-30T20:27:53+02:00,3,0,3,1,1,1,0,3.0,3,0,0
c78437f,2009-06-30T20:36:00+02:00,65,0,65,1,1,1,0,65.0,65,0,0
6a6995f,2009-07-01T00:19:03+02:00,6,7,13,1,5,1,0,13.0,13,0,0
4f50cec,2009-07-01T13:01:59+02:00,600,0,600,1,1,1,0,600.0,600,1,1
0688ac3,2009-07-01T13:18:38+02:00,48,11,59,2,14,1,0,29.5,44,1,0
9f7737b,2009-07-01T13:39:39+02:00,0,7,7,1,1,1,0,7.0,7,1,0
60f3155,2009-07-02T15:17:05+02:00,1,1,2,1,1,1,0,2.0,2,1,0
82a6520,2009-07-02T20:31:56+02:00,8,5,13,1,4,1,0,13.0,13,1,0
852f6ea,2009-07-02T20:33:14+02:00,3,1,4,1,1,1,0,4.0,4,1,0
17ed1cf,2009-07-02T23:01:49+02:00,9,6,15,1,3,1,0,15.0,15,1,1
1a7266f,2009-07-03T10:04:39+02:00,6,3,9,1,4,1,0,9.0,9,1,1
4354207,2009-07-03T10:08:56+02:00,1,1,2,1,1,1,0,2.0,2,1,0
6498608,2009-07-03T11:00:32+02:00,8,4,12,1,3,1,0,12.0,12,1,1
af592df,2009-07-03T11:00:59+02:00,63,0,63,1,1,1,0,63.0,63,1,0
5cce51b,2009-07-03T11:02:15+02:00,1,1,2,1,1,1,0,2.0,2,1,1
b4048dc,2009-07-03T13:28:37+02:00,10,8,18,1,5,1,0,18.0,18,1,1
dde0d63,2009-07-03T13:51:46+02:00,14,0,14,1,1,1,0,14.0,14,1,1
5e6265c,2009-07-03T14:01:11+02:00,1,1,2,1,1,1,0,2.0,2,1,0
120019b,2009-07-04T18:46:15+02:00,45,1,46,2,5,1,0,23.0,37,2,1
444443c,2009-07-04T18:48:00+02:00,1,1,2,1,1,1,0,2.0,2,1,0
d0d829a,2009-07-06T21:23:20+02:00,336,213,549,3,31,1,0,183.0,515,2,1
8645103,2009-07-06T22:02:43+02:00,24,16,40,2,9,1,0,20.0,38,2,0
79fdf46,2009-07-06T22:04:15+02:00,4,4,8,1,4,1,0,8.0,8,1,0
732bb5d,2009-07-06T23:23:33+02:00,97,44,141,4,16,1,0,35.25,110,2,0
850c2ab,2009-07-06T23:38:48+02:00,3,3,6,1,2,1,0,6.0,6,0,0
587ed46,2009-07-07T01:27:31+02:00,35,5,40,3,6,1,0,13.33,28,2,0
7ab2af1,2009-07-07T01:34:44+02:00,1,0,1,1,1,1,0,1.0,1,0,0
53e5957,2009-07-07T02:01:54+02:00,1,2,3,1,1,1,0,3.0,3,1,0
7d8131b,2009-07-07T10:27:41+02:00,1,1,2,1,1,1,0,2.0,2,1,0
47d554c,2009-07-07T10:34:20+02:00,3,0,3,1,2,1,0,3.0,3,0,0
b37e4f2,2009-07-07T13:06:26+02:00,10,14,24,1,3,1,0,24.0,24,0,0
56fe36a,2009-07-07T13:47:42+02:00,22,14,36,4,11,1,0,9.0,26,3,0
f2c50b2,2009-07-07T14:06:49+02:00,13,13,26,1,7,1,0,26.0,26,1,0
b5c4886,2009-07-07T14:07:12+02:00,1,1,2,1,1,1,0,2.0,2,1,0
5560f1c,2009-07-07T15:00:55+02:00,3,19,22,1,3,1,0,22.0,22,1,1
946a22a,2009-07-07T18:21:46+02:00,5,3,8,1,3,1,0,8.0,8,1,0
3dbafec,2009-07-07T18:29:05+02:00,3,0,3,1,1,1,0,3.0,3,0,0
4ad47e1,2009-07-08T15:23:22+02:00,93,89,182,1,12,1,0,182.0,182,1,1
a61c895,2009-07-08T16:32:48+02:00,1,1,2,1,1,1,0,2.0,2,1,1
bd70cf7,2009-07-08T16:52:16+02:00,14,14,28,1,8,1,0,28.0,28,1,1
fc6ce99,2009-07-09T11:28:35+02:00,120,3,123,2,8,1,0,61.5,112,2,1
323699d,2009-07-09T12:22:04+02:00,10,7,17,1,5,1,0,17.0,17,0,0
ae1f99b,2009-07-09T14:35:40+02:00,1,1,2,1,1,1,0,2.0,2,1,0
681ca7b,2009-07-09T14:36:06+02:00,4,2,6,1,2,1,0,6.0,6,1,0
9efbda5,2009-07-09T16:27:05+02:00,160,3,163,3,3,1,0,54.33,156,0,0
10f76a0,2009-07-09T16:29:11+02:00,4,0,4,1,3,1,0,4.0,4,0,0
3335cc8,2009-07-09T16:32:47+02:00,1,1,2,2,1,1,0,1.0,2,1,0
4f57afa,2009-07-09T18:11:05+02:00,2,0,2,1,1,1,0,2.0,2,0,0
808e441,2009-07-09T18:30:14+02:00,3,2,5,2,2,1,0,2.5,3,1,0
5ae0f94,2009-07-09T19:45:29+02:00,4,2,6,1,4,1,0,6.0,6,1,0
2c66628,2009-07-09T19:46:55+02:00,2,2,4,2,2,1,0,2.0,2,2,0
d4fc123,2009-07-09T19:50:32+02:00,7,1,8,1,1,1,0,8.0,8,1,0
ddcad7b,2009-07-09T20:03:18+02:00,1,1,2,1,1,1,0,2.0,2,1,0
4872566,2009-07-09T20:06:09+02:00,1,1,2,1,1,1,0,2.0,2,1,1
e157d47,2009-07-09T20:48:47+02:00,46,14,60,1,12,1,0,60.0,60,1,0
914d03f,2009-07-10T15:04:39+02:00,5,5,10,1,3,1,0,10.0,10,1,0
9dfe6a4,2009-07-10T17:25:58+02:00,1,0,1,1,1,1,0,1.0,1,1,0
4aed007,2009-07-10T19:13:34+02:00,9,8,17,1,2,1,0,17.0,17,1,1
97218d5,2009-07-10T19:15:30+02:00,1,1,2,1,1,1,0,2.0,2,1,0
9a06235,2009-07-10T19:22:38+02:00,1,1,2,1,1,1,0,2.0,2,1,0
e7be30e,2009-07-10T19:32:02+02:00,4,4,8,1,3,1,0,8.0,8,1,0
18c4cb0,2009-07-10T22:06:36+02:00,8,17,25,1,4,1,0,25.0,25,1,1
16a131d,2009-07-10T22:07:45+02:00,1,1,2,1,1,1,0,2.0,2,1,0
8ad8e61,2009-07-12T22:51:07+02:00,7,2,9,1,4,1,0,9.0,9,1,1
3da3db5,2009-07-13T12:24:30+02:00,112,9,121,6,11,2,1,20.17,46,4,1
f4513dd,2009-07-13T14:11:50+02:00,1,2,3,1,2,1,0,3.0,3,1,0
c813059,2009-07-13T15:37:56+02:00,33,44,77,1,18,1,0,77.0,77,1,1
018c905,2009-07-14T12:11:28+02:00,2,2,4,1,2,1,0,4.0,4,1,0
f3410db,2009-07-14T12:19:31+02:00,1,1,2,1,1,1,0,2.0,2,1,0
3f5c259,2009-07-14T15:57:46+02:00,1,1,2,1,1,1,0,2.0,2,1,0
5616f37,2009-07-14T15:58:11+02:00,1,1,2,1,1,1,0,2.0,2,1,0
9d1e7aa,2009-07-17T23:00:42+02:00,1,0,1,1,1,1,0,1.0,1,1,0
e07d4ab,2009-07-17T23:23:04+02:00,1,1,2,1,1,1,0,2.0,2,1,1
a9c5e5a,2009-07-17T23:33:47+02:00,1,1,2,1,1,1,0,2.0,2,1,0
8cda56c,2009-07-18T17:54:46+02:00,8,12,20,1,7,1,0,20.0,20,1,1
eabd331,2009-07-18T17:55:55+02:00,87,1,88,4,6,1,1,22.0,67,4,0
b5dea8f,2009-07-18T18:04:41+02:00,88,0,88,1,1,1,0,88.0,88,1,0
c3c094f,2009-07-18T18:09:39+02:00,1,1,2,1,1,1,0,2.0,2,1,0
566bf6b,2009-07-18T18:13:29+02:00,20,0,20,4,4,1,0,5.0,10,1,0
3c5aa5c,2009-07-18T18:14:01+02:00,1,1,2,1,1,1,0,2.0,2,1,0
893b8d0,2009-07-22T14:44:43+02:00,0,0,0,4,0,2,0,0.0,0,0,0
d725cf5,2009-07-22T17:06:56+02:00,2,1,3,1,1,1,0,3.0,3,1,0
92594b1,2009-07-23T14:02:49+02:00,42,39,81,3,27,2,1,27.0,59,3,1
361d5fc,2009-07-23T14:34:56+02:00,10,40,50,1,6,1,0,50.0,50,1,0
963d8e1,2009-07-23T14:42:33+02:00,39,0,39,1,1,1,1,39.0,39,1,0
30c1dfc,2009-07-24T10:36:50+02:00,0,7,7,1,2,1,1,7.0,7,1,0
1c15aaf,2009-07-24T22:30:36+02:00,45,31,76,5,26,2,1,15.2,60,5,0
0ae30a4,2009-07-24T22:44:39+02:00,38,39,77,1,8,1,0,77.0,77,1,1
bd3b3ff,2009-07-24T22:51:37+02:00,3,2,5,1,3,1,0,5.0,5,1,0
6d1b591,2009-07-25T12:04:55+02:00,114,116,230,3,29,2,1,76.67,192,3,1
070f74a,2009-07-25T15:52:26+02:00,30,22,52,2,11,2,1,26.0,28,2,1
b3ed01d,2009-07-25T17:00:22+02:00,43,51,94,1,14,1,0,94.0,94,1,0
30d13b2,2009-07-25T19:05:23+02:00,8,12,20,1,10,1,0,20.0,20,1,0
bb71cf4,2009-07-26T01:25:33+02:00,7,3,10,1,4,1,0,10.0,10,1,0
50fa0ad,2009-07-26T16:00:00+02:00,7,7,14,2,3,1,0,7.0,10,1,1
6ac06c7,2009-07-26T21:56:14+02:00,4,5,9,1,3,1,0,9.0,9,1,0
d02da4a,2009-07-26T21:56:47+02:00,1,1,2,1,1,1,0,2.0,2,1,0
aae43b4,2009-07-26T22:35:28+02:00,15,10,25,1,6,1,0,25.0,25,0,0
549ee0e,2009-07-26T22:36:58+02:00,1,1,2,1,1,1,0,2.0,2,0,0
1bd50fb,2009-07-26T22:38:46+02:00,2,1,3,1,2,1,0,3.0,3,0,0
7bf6089,2009-07-28T16:01:48+02:00,2,2,4,1,2,1,0,4.0,4,1,0
add3870,2009-07-30T09:10:08+02:00,20,6,26,1,6,1,0,26.0,26,1,1
75bd9b3,2009-07-30T11:07:28+02:00,59,58,117,7,29,2,1,16.71,59,7,1
d805f06,2009-07-30T11:15:17+02:00,10,11,21,2,6,1,0,10.5,16,1,0
f9df11b,2009-07-30T16:31:56+02:00,65,1,66,3,4,2,1,22.0,62,3,1
f293560,2009-07-30T17:00:37+02:00,2,0,2,1,2,1,1,2.0,2,1,1
734ac60,2009-07-30T21:10:53+02:00,2,0,2,1,1,1,0,2.0,2,1,0
950680e,2009-08-11T08:23:43+02:00,22,15,37,1,13,1,0,37.0,37,1,1
ed1c165,2009-08-11T08:35:56+02:00,7,4,11,1,3,1,0,11.0,11,1,1
863527a,2009-08-11T08:50:10+02:00,9,2,11,2,3,2,1,5.5,9,2,1
333ff16,2009-08-20T22:03:58+02:00,32,0,32,2,5,2,1,16.0,16,2,1
13e59c9,2009-08-20T22:40:13+02:00,13,1,14,1,1,1,0,14.0,14,1,1
aabcc3c,2009-08-21T01:57:57+02:00,63,13,76,2,9,2,1,38.0,48,2,1
2cc0d88,2009-08-21T02:03:40+02:00,3,3,6,2,3,2,1,3.0,4,2,0
783731c,2009-08-21T02:11:56+02:00,4,2,6,1,3,1,1,6.0,6,1,0
25c02f2,2009-08-21T17:03:10+02:00,4,1,5,1,1,1,0,5.0,5,1,0
d99613e,2009-09-09T02:05:21+02:00,3,2,5,1,3,1,0,5.0,5,1,0
a1e0f4d,2009-09-16T18:41:04+02:00,1,1,2,1,1,1,0,2.0,2,1,0
a7059a8,2009-09-23T22:54:17-04:00,26,10,36,1,6,1,0,36.0,36,1,0
0e8ac83,2009-09-23T22:55:38-04:00,6,6,12,1,3,1,0,12.0,12,1,0
9498374,2009-09-24T09:54:44+02:00,35,1,36,1,3,1,0,36.0,36,1,0
9e7c298,2009-09-24T10:01:55+02:00,1,1,2,1,1,1,0,2.0,2,1,0
a6b5ab4,2009-09-24T12:17:39+02:00,7,1,8,1,3,1,0,8.0,8,1,0
6365d98,2009-09-24T14:17:54+02:00,51,10,61,1,6,1,0,61.0,61,1,0
663b9b1,2009-09-24T19:08:48+02:00,2,54,56,1,4,1,0,56.0,56,0,0
db8d396,2009-09-24T19:13:28+02:00,1,1,2,1,1,1,0,2.0,2,0,0
6897f3b,2009-09-24T20:08:39+02:00,1,1,2,1,1,1,0,2.0,2,1,0
be875ed,2009-09-25T19:34:36+02:00,63,53,116,2,19,2,1,58.0,88,2,1
3fba16b,2009-10-01T01:13:17+02:00,12,10,22,1,9,1,0,22.0,22,1,1
a02cbc6,2009-10-01T01:33:32+02:00,1,0,1,1,1,1,0,1.0,1,1,0
db85702,2009-10-01T14:16:23+02:00,13,8,21,1,7,1,0,21.0,21,1,0
240f9b8,2009-10-01T15:02:08+02:00,37,2,39,3,5,1,1,13.0,36,1,0
cb038e5,2009-10-01T15:34:53+02:00,12,8,20,1,7,1,0,20.0,20,1,0
a713819,2009-10-01T18:08:57+02:00,125,35,160,7,11,2,1,22.86,71,5,1
e2240c9,2009-10-01T21:05:21+02:00,23,34,57,1,3,1,0,57.0,57,1,0
203f717,2009-10-01T21:53:33+02:00,36,0,36,2,3,1,1,18.0,34,2,1
78ed4c4,2009-10-01T21:58:53+02:00,6,5,11,1,4,1,0,11.0,11,1,0
604c44c,2009-10-01T22:22:59+02:00,51,45,96,1,12,1,0,96.0,96,1,1
4f575e1,2009-10-01T22:53:19+02:00,18,19,37,1,9,1,0,37.0,37,1,0
c18a405,2009-10-01T23:33:23+02:00,10,9,19,3,8,1,1,6.33,12,2,1
a571b8f,2009-10-02T00:06:53+02:00,143,91,234,1,62,1,0,234.0,234,1,1
6239a83,2009-10-02T15:03:29+02:00,70,43,113,1,21,1,0,113.0,113,1,1
2e59f8b,2009-10-02T20:58:05+02:00,29,18,47,1,14,1,0,47.0,47,1,1
4d623c3,2009-10-02T23:52:36+02:00,25,30,55,2,12,2,1,27.5,37,2,1
ef12d0b,2009-10-03T00:41:43+02:00,2,2,4,1,2,1,0,4.0,4,1,0
28a9c8b,2009-10-03T00:47:03+02:00,4,1,5,1,1,1,0,5.0,5,1,0
3ce77ca,2009-10-03T00:49:17+02:00,1,1,2,1,1,1,0,2.0,2,1,0
e5a18cb,2009-10-03T18:37:08+02:00,7,8,15,3,7,2,1,5.0,11,3,1
5356b94,2009-10-04T19:06:37+02:00,24,3,27,1,4,1,0,27.0,27,1,1
06ca8be,2009-10-05T21:45:42+02:00,2,2,4,1,2,1,0,4.0,4,1,1
4549d64,2009-10-05T22:34:22+02:00,26,11,37,1,9,1,0,37.0,37,1,1
8668a76,2009-10-06T00:19:07+02:00,16,15,31,1,11,1,0,31.0,31,1,1
cd8c6b7,2009-10-06T00:28:53+02:00,2,2,4,1,1,1,0,4.0,4,1,0
0d04251,2009-10-06T00:48:00+02:00,14,12,26,1,3,1,0,26.0,26,1,1
5149f6b,2009-10-06T01:11:00+02:00,22,0,22,4,4,1,1,5.5,8,1,1
33dbe5a,2009-10-06T14:59:23+02:00,1,0,1,1,1,1,0,1.0,1,1,0
1483ac2,2009-10-06T18:11:33+02:00,214,81,295,7,22,2,1,42.14,161,6,1
051ed1a,2009-10-06T18:17:17+02:00,0,34,34,1,1,1,1,34.0,34,1,0
7588401,2009-10-06T18:24:29+02:00,4,8,12,1,2,1,0,12.0,12,1,1
d1a8684,2009-10-06T19:11:41+02:00,9,45,54,12,9,3,1,4.5,38,4,1
918fad9,2009-10-06T19:31:22+02:00,15,1,16,2,5,2,1,8.0,8,2,0
f80baf1,2009-10-06T21:25:54+02:00,9,1,10,2,2,2,1,5.0,6,2,1
6efb58e,2009-10-07T02:11:16+02:00,5,4,9,1,3,1,1,9.0,9,1,1
7d6ca12,2009-10-07T02:11:44+02:00,1,5,6,1,1,1,0,6.0,6,1,1
9ef63f3,2009-10-07T02:33:36+02:00,22,12,34,2,12,2,1,17.0,32,2,0
3dd7bbf,2009-10-10T17:34:08+08:00,6,6,12,1,5,1,0,12.0,12,0,0
fda5d1f,2009-10-10T18:21:31+08:00,79,1,80,7,9,3,1,11.43,43,3,1
565eef9,2009-10-10T14:45:18+02:00,5,161,166,2,3,1,0,83.0,158,0,0
8d86015,2009-10-10T14:53:34+02:00,8,0,8,1,2,1,0,8.0,8,1,0
67a2cb0,2009-10-11T04:38:49+02:00,2,0,2,1,2,1,0,2.0,2,1,0
c9b133b,2009-10-13T04:39:11+02:00,1,0,1,1,1,1,0,1.0,1,0,0
4af1ce1,2009-10-13T04:40:09+02:00,1,0,1,1,1,1,0,1.0,1,1,1
e1c5642,2009-10-15T16:57:28+02:00,12,8,20,2,6,2,1,10.0,16,2,1
7d6dd1b,2009-10-15T16:59:53+02:00,1,0,1,1,1,1,0,1.0,1,1,0
a16c138,2009-10-16T16:34:07+02:00,44,25,69,2,7,2,1,34.5,54,2,1
66c4a2f,2009-10-16T18:43:56+02:00,161,15,176,3,23,2,1,58.67,109,3,1
aac2aca,2009-10-16T21:53:20+02:00,3,7,10,1,3,1,0,10.0,10,1,0
54f716b,2009-10-16T23:15:33+02:00,1,1,2,1,1,1,1,2.0,2,1,1
ca8b8c5,2009-10-21T12:06:24+02:00,2,0,2,1,1,1,0,2.0,2,1,0
a0a1724,2009-10-21T15:13:52+02:00,7,0,7,1,1,1,0,7.0,7,1,0
589aad6,2009-10-21T15:32:41+02:00,9,5,14,1,4,1,0,14.0,14,1,0
0615a99,2009-10-21T15:38:10+02:00,6,3,9,2,4,2,1,4.5,6,2,0
0d9cd93,2009-10-22T12:29:26+02:00,2,2,4,1,1,1,0,4.0,4,1,1
d3dbd8e,2009-10-22T15:13:30+02:00,2,5,7,1,4,1,0,7.0,7,1,0
ad33a46,2009-10-22T15:15:03+02:00,1,1,2,1,1,1,0,2.0,2,1,0
719241f,2009-10-23T16:59:06+02:00,2,2,4,1,2,1,0,4.0,4,1,0
b46eb37,2009-10-27T18:41:14+01:00,66,0,66,1,1,1,0,66.0,66,1,1
5c3a513,2009-10-27T18:42:12+01:00,0,130,130,6,6,2,0,21.67,84,2,0
97ff3c2,2009-10-27T23:03:17+01:00,0,38,38,1,1,1,1,38.0,38,1,0
1dceb78,2009-10-27T23:05:17+01:00,34,95,129,3,27,1,1,43.0,122,3,0
f61781a,2009-10-29T09:32:49+01:00,61,38,99,2,11,1,1,49.5,66,2,1
e0611ed,2009-10-29T09:39:40+01:00,12,4,16,1,3,1,0,16.0,16,1,0
eb5ad62,2009-10-29T13:40:03+01:00,30,32,62,1,6,1,1,62.0,62,1,1
a71a1d0,2009-11-03T09:07:19+01:00,1115,88,1203,43,15,6,0,27.98,461,5,1
3527ea4,2009-11-03T09:13:01+01:00,0,0,0,1,0,1,0,0.0,0,0,0
5bbccc1,2009-11-10T20:05:21+01:00,91,13,104,3,23,2,1,34.67,61,3,1
71d4a25,2009-11-12T20:41:48+01:00,246,109,355,2,16,2,1,177.5,182,2,1
fe11852,2009-11-12T21:41:44+01:00,2,0,2,1,2,1,0,2.0,2,1,0
05855c6,2009-11-12T21:42:12+01:00,9,3,12,1,5,1,0,12.0,12,1,0
7d31859,2009-11-12T22:53:50+01:00,94,85,179,1,48,1,0,179.0,179,1,1
6f67eae,2009-11-12T22:54:56+01:00,1,5,6,1,1,1,0,6.0,6,1,0
9d3516d,2009-11-12T23:04:04+01:00,6,3,9,1,4,1,0,9.0,9,1,0
d1c721f,2009-11-13T12:03:13+01:00,0,1,1,1,1,1,0,1.0,1,0,0
aef15d3,2009-11-13T13:29:23+01:00,297,91,388,1,57,1,0,388.0,388,0,1
bdb0d9e,2009-11-16T18:02:25+01:00,89,19,108,6,11,3,1,18.0,85,2,0
25f2238,2009-11-16T18:30:14+01:00,38,8,46,4,7,2,0,11.5,21,1,0
356bd77,2009-11-16T19:00:17+01:00,20,6,26,3,7,2,0,8.67,19,1,1
357f354,2009-11-17T21:16:11+01:00,42,6,48,1,3,1,0,48.0,48,0,0
c29458a,2009-11-17T21:19:36+01:00,1,0,1,1,1,1,0,1.0,1,0,0
4feb48f,2009-11-20T22:18:05+01:00,1,2,3,9,2,3,1,0.33,2,1,0
b4035db,2009-11-21T19:10:11+01:00,3,144,147,1,5,1,0,147.0,147,1,0
e9da50a,2009-11-23T08:53:24+01:00,3,1,4,2,2,1,0,2.0,2,1,0
649c2df,2009-11-24T09:58:37+01:00,0,3,3,1,3,1,0,3.0,3,1,0
53ade2a,2009-11-24T09:59:20+01:00,32,0,32,1,1,1,0,32.0,32,0,0
206576a,2009-11-24T18:33:00+01:00,56,47,103,5,15,2,0,20.6,64,0,1
2bb5ce8,2009-11-26T09:11:10+01:00,61,20,81,3,26,2,1,27.0,46,3,1
cf48731,2009-11-26T09:31:26+01:00,1,1,2,1,1,1,0,2.0,2,0,0
ca786b8,2009-11-26T17:42:57+01:00,122,101,223,1,18,1,0,223.0,223,1,1
74edcfd,2009-11-26T19:28:48+01:00,73,121,194,2,37,2,1,97.0,113,2,1
d24f47d,2009-11-27T09:03:58+01:00,2,0,2,1,1,1,0,2.0,2,1,0
46535ad,2009-11-27T09:05:00+01:00,2,2,4,1,2,1,1,4.0,4,1,0
5946e2c,2009-11-27T09:35:39+01:00,5,4,9,1,3,1,0,9.0,9,1,1
39b7851,2009-11-27T09:38:44+01:00,2,2,4,1,1,1,0,4.0,4,1,0
ef91777,2009-11-27T10:01:17+01:00,31,22,53,1,9,1,0,53.0,53,1,1
04cee51,2009-11-27T10:34:56+01:00,53,45,98,4,20,3,1,24.5,53,2,1
7c515c5,2009-11-27T15:04:05+01:00,109,86,195,4,11,2,1,48.75,98,3,1
e5731a5,2009-11-27T17:48:26+01:00,91,69,160,2,25,2,1,80.0,148,2,1
6f4b769,2009-11-27T18:55:14+01:00,8,1,9,1,2,1,0,9.0,9,1,0
a6b87db,2009-11-27T19:10:15+01:00,7,3,10,1,2,1,0,10.0,10,1,1
3ac0049,2009-11-27T20:08:33+01:00,30,4,34,3,6,2,1,11.33,18,1,0
4b56fec,2009-11-27T22:04:53+01:00,6,6,12,1,6,1,0,12.0,12,1,1
66ccf95,2009-11-27T23:39:33+01:00,4,3,7,1,2,1,0,7.0,7,1,0
a49050a,2009-12-03T01:04:38+08:00,1,1,2,1,1,1,0,2.0,2,1,0
5bc132d,2009-12-08T08:47:12+01:00,85,176,261,13,23,2,1,20.08,110,11,1
96e2a2a,2009-12-08T08:56:01+01:00,12,13,25,2,9,2,1,12.5,21,2,1
a8fa9f1,2009-12-09T12:07:25+01:00,54,31,85,9,18,4,1,9.44,59,1,0
6a8c78d,2009-12-09T12:08:10+01:00,131,0,131,1,1,1,0,131.0,131,1,0
6c71f3d,2009-12-10T09:44:07+01:00,12,0,12,1,2,1,0,12.0,12,1,1
7f9631b,2009-12-15T17:09:46+01:00,14,5,19,1,8,1,0,19.0,19,1,1
617fda9,2009-12-15T17:11:31+01:00,1342,18,1360,3,20,1,1,453.33,1318,3,0
49e395c,2009-12-15T17:12:23+01:00,59,78,137,2,17,1,0,68.5,124,0,0
612f1f1,2009-12-15T17:17:21+01:00,21,4,25,1,3,1,0,25.0,25,1,0
fd9d7e0,2009-12-15T17:21:12+01:00,0,0,0,1,0,1,0,0.0,0,0,0
09f75c5,2009-12-17T16:15:19+01:00,20,3,23,2,9,2,1,11.5,14,2,1
08047f7,2009-12-17T16:24:53+01:00,7,1,8,1,2,1,1,8.0,8,1,1
8575843,2009-12-17T19:51:47+01:00,107,122,229,3,40,3,1,76.33,130,2,1
0e2b42e,2009-12-18T20:21:56+01:00,3,2,5,1,1,1,0,5.0,5,1,1
884adea,2009-12-18T22:43:22+02:00,2,9,11,2,2,2,0,5.5,9,1,0
6b699df,2009-12-19T04:43:51+08:00,0,0,0,1,0,1,0,0.0,0,1,0
b9517a7,2009-12-18T23:05:14+01:00,23,3,26,1,4,1,0,26.0,26,1,1
15ab907,2009-12-27T16:54:40+01:00,22,7,29,2,9,2,0,14.5,28,1,1
bd2887a,2010-01-01T23:03:09+01:00,126,4,130,4,5,2,0,32.5,97,0,0
f68c962,2010-01-02T01:46:15+01:00,151,175,326,17,46,5,1,19.18,77,1,1
2bb067b,2010-01-03T00:07:52+01:00,6,3,9,6,5,3,0,1.5,7,0,0
db63493,2010-01-03T18:19:59+01:00,13,3,16,1,4,1,0,16.0,16,1,0
5d7f726,2010-01-03T18:20:28+01:00,664,11,675,3,9,2,0,225.0,657,1,0
99514a7,2010-01-09T11:45:34+01:00,8,1327,1335,2,3,2,0,667.5,1318,2,0
341152e,2010-01-09T12:45:45+01:00,620,0,620,3,3,2,0,206.67,618,0,0
9dae247,2010-01-11T15:38:12+01:00,22,4,26,1,2,1,0,26.0,26,0,0
8ee3a39,2010-01-11T15:39:02+01:00,35,13,48,1,15,1,0,48.0,48,1,1
c3fa440,2010-01-12T00:27:35+01:00,64,110,174,2,14,2,1,87.0,170,2,1
18d73ce,2010-01-12T01:11:37+01:00,1,1,2,1,1,1,0,2.0,2,1,0
97fd4f8,2010-01-12T19:29:01+01:00,64,58,122,1,22,1,0,122.0,122,1,1
cb0cacd,2010-01-14T14:35:21+01:00,82,92,174,2,25,2,1,87.0,140,2,1
96aa3c7,2010-01-14T16:55:27+01:00,14,9,23,1,8,1,0,23.0,23,1,0
bdfb51d,2010-01-14T17:06:30+01:00,52,19,71,1,32,1,0,71.0,71,1,1
148fff0,2010-01-21T16:25:25+01:00,46,37,83,2,17,2,1,41.5,75,2,1
5278373,2010-01-21T16:25:34+01:00,42,15,57,2,10,1,0,28.5,34,0,1
89117e5,2010-01-25T23:43:39+01:00,212,110,322,8,59,2,1,40.25,149,8,1
1625213,2010-01-26T22:30:38+01:00,1,1,2,1,1,1,0,2.0,2,1,0
d429d68,2010-01-29T11:00:07+01:00,10,26,36,1,5,1,0,36.0,36,1,0
968abbd,2010-01-29T11:07:03+01:00,9,11,20,2,9,2,1,10.0,14,2,1
a68c343,2010-01-29T11:53:34+01:00,1,1,2,1,1,1,0,2.0,2,1,0
b7412e8,2010-01-31T12:32:16+01:00,4,2,6,1,3,1,0,6.0,6,0,0
62c0025,2010-01-31T12:34:51+01:00,7,12,19,1,6,1,0,19.0,19,0,0
2ad572e,2010-02-02T09:21:46+01:00,94,66,160,1,12,1,0,160.0,160,1,1
a9dd321,2010-02-02T17:30:40+01:00,13,13,26,1,13,1,0,26.0,26,1,1
7fb0c1b,2010-02-02T19:14:37+01:00,9,17,26,1,7,1,0,26.0,26,1,1
013d6af,2010-02-02T20:47:32+01:00,24,22,46,2,14,2,1,23.0,44,2,1
0b58196,2010-02-03T00:03:14+01:00,11,12,23,1,11,1,0,23.0,23,1,1
38f0403,2010-02-04T01:24:39+01:00,8,5,13,1,6,1,0,13.0,13,1,1
03de26f,2010-02-04T01:28:38+01:00,5,5,10,1,5,1,0,10.0,10,1,0
e0f75b9,2010-02-04T15:47:31+01:00,1,1,2,1,1,1,0,2.0,2,0,0
33a8012,2010-02-05T14:25:41+01:00,52,53,105,1,10,1,0,105.0,105,1,1
9aaf5b0,2010-02-05T16:28:12+01:00,92,67,159,2,34,1,1,79.5,118,2,1
dbfa4a2,2010-02-05T16:29:25+01:00,12,12,24,1,12,1,0,24.0,24,1,1
7616b67,2010-02-05T17:07:13+01:00,57,70,127,3,27,2,1,42.33,117,3,1
23b5be7,2010-02-05T17:11:08+01:00,5,56,61,2,6,1,0,30.5,59,0,0
5ff1d8c,2010-02-05T17:33:36+01:00,24,23,47,5,19,2,1,9.4,35,5,1
82804ac,2010-02-07T06:02:54+08:00,1,1,2,1,1,1,0,2.0,2,1,0
6b8b4f0,2010-02-07T22:24:10+01:00,3,9,12,1,2,1,0,12.0,12,1,0
c97be18,2010-02-09T13:53:50+01:00,25,26,51,3,13,2,1,17.0,34,3,1
423b6c0,2010-02-09T14:08:32+01:00,26,9,35,2,12,2,1,17.5,21,2,1
07502ac,2010-02-11T16:47:40+08:00,10,10,20,1,10,1,0,20.0,20,0,0
9ab072a,2010-02-11T16:48:15+08:00,1,1,2,1,1,1,0,2.0,2,0,0
65abb0a,2010-02-11T11:39:34+01:00,46,1,47,1,2,1,0,47.0,47,1,1
630eb2d,2010-02-12T14:11:02+01:00,1,1,2,1,1,1,0,2.0,2,0,0
0987c6c,2010-02-12T14:11:35+01:00,89,21,110,1,24,1,0,110.0,110,1,1
9f229bc,2010-02-14T17:37:37+01:00,1,3,4,1,1,1,0,4.0,4,1,0
87cfbb6,2010-02-15T13:05:27+01:00,94,51,145,1,35,1,0,145.0,145,1,0
283bd63,2010-02-18T11:19:38+01:00,66,116,182,1,41,1,0,182.0,182,1,0
22256ec,2010-02-18T13:31:56+01:00,77,41,118,3,30,2,1,39.33,105,3,1
865a015,2010-02-18T16:02:29+01:00,14,2,16,1,7,1,0,16.0,16,1,1
99319dc,2010-02-18T16:07:03+01:00,347,0,347,8,6,5,0,43.38,196,1,0
06971ca,2010-02-18T16:27:36+01:00,91,50,141,1,32,1,0,141.0,141,1,1
05654e3,2010-02-18T18:34:42+01:00,37,32,69,8,33,6,0,8.62,46,1,0
d1b1232,2010-02-18T23:22:18+01:00,224,63,287,5,34,3,0,57.4,113,2,1
24bc783,2010-02-19T11:36:24+01:00,6,1,7,1,3,1,0,7.0,7,1,0
567f5dc,2010-02-19T23:43:15+01:00,3,1,4,1,2,1,0,4.0,4,0,0
237ec46,2010-02-22T13:15:24+01:00,1,1,2,1,1,1,0,2.0,2,1,1
9681af7,2010-02-23T23:04:04+01:00,3,3,6,1,3,1,0,6.0,6,0,0
f6a3374,2010-02-23T23:09:02+01:00,3,3,6,1,3,1,0,6.0,6,0,0
08bdc6c,2010-02-24T08:50:34+01:00,1,1,2,1,1,1,0,2.0,2,0,0
95925bd,2010-02-24T14:36:54+01:00,1,1,2,1,1,1,0,2.0,2,0,0
261e5ad,2010-02-24T14:43:18+01:00,1,1,2,1,1,1,0,2.0,2,0,0
385aa20,2010-02-25T11:39:21+01:00,1,1,2,1,1,1,0,2.0,2,1,0
77c2dd1,2010-02-25T23:27:26+01:00,1,1,2,1,1,1,0,2.0,2,1,1
16e0b10,2010-02-25T23:28:55+01:00,1,1,2,1,1,1,0,2.0,2,1,0
b4b6af2,2010-02-25T23:32:11+01:00,3,3,6,1,3,1,0,6.0,6,1,1
feb447b,2010-02-26T01:35:54+01:00,1,1,2,1,1,1,1,2.0,2,1,0
513e2b7,2010-02-26T11:02:03+01:00,5,5,10,1,3,1,0,10.0,10,0,0
98201ce,2010-02-26T15:47:32+01:00,15,0,15,1,1,1,0,15.0,15,0,0
45d44ed,2010-02-26T16:05:50+01:00,1,1,2,1,1,1,0,2.0,2,1,0
c924ef2,2010-02-28T21:35:47+01:00,51,35,86,2,21,2,1,43.0,53,2,1
ccdcfc7,2010-03-01T01:07:06+01:00,132,137,269,3,31,2,1,89.67,143,3,1
ecbfcd0,2010-03-01T01:26:48+01:00,1,1,2,1,1,1,0,2.0,2,1,0
e6e6f2b,2010-03-01T01:40:45+01:00,14,0,14,1,1,1,1,14.0,14,1,0
e6b896c,2010-03-03T15:16:42+01:00,2,2,4,2,2,2,0,2.0,2,1,1
bdfdc0c,2010-03-03T19:58:05+01:00,11,11,22,1,6,1,0,22.0,22,0,0
15f6a3c,2010-03-04T06:35:52+01:00,1,1,2,1,1,1,0,2.0,2,0,0
b5ffd08,2010-03-04T08:08:55+01:00,1,1,2,1,1,1,0,2.0,2,0,0
2d0f2d8,2010-03-04T13:47:15+01:00,7,4,11,2,2,2,0,5.5,9,2,1
c5d2cf1,2010-03-04T18:20:18+01:00,1,1,2,1,1,1,0,2.0,2,1,0
bdfce3e,2010-03-04T18:20:57+01:00,1,1,2,1,1,1,0,2.0,2,1,0
43c91f1,2010-03-05T16:20:24+01:00,26,26,52,1,18,1,0,52.0,52,1,1
541e0ba,2010-03-05T16:40:55+01:00,27,27,54,1,16,1,0,54.0,54,1,1
a2e78a3,2010-03-05T16:52:14+01:00,4,4,8,1,3,1,0,8.0,8,1,1
2b2f529,2010-03-05T16:52:50+01:00,192,0,192,1,1,1,0,192.0,192,1,0
7039b74,2010-03-05T17:48:20+01:00,24,17,41,1,7,1,0,41.0,41,1,1
0351d7e,2010-03-05T17:48:42+01:00,3,1,4,1,2,1,0,4.0,4,1,0
67c6338,2010-03-05T16:55:59Z,4,4,8,2,4,1,0,4.0,4,0,0
a9d91b5,2010-03-06T06:10:59Z,2,2,4,1,2,1,0,4.0,4,0,0
4d9bc85,2010-03-06T09:56:01Z,1,1,2,1,1,1,0,2.0,2,0,0
0f02ea0,2010-03-06T16:29:22+01:00,55,41,96,1,17,1,0,96.0,96,1,0
36f2b00,2010-03-07T23:18:27+01:00,35,17,52,1,15,1,0,52.0,52,1,1
afdf10d,2010-03-07T23:23:31+01:00,172,55,227,3,16,1,1,75.67,146,3,1
3bbd56a,2010-03-07T23:25:48+01:00,106,5,111,7,10,3,0,15.86,51,2,1
ce0a16a,2010-03-07T23:34:12+01:00,6,0,6,1,1,1,1,6.0,6,1,1
fc084d3,2010-03-07T23:35:07+01:00,0,8,8,1,1,1,0,8.0,8,1,0
cab6bb7,2010-03-07T23:39:52+01:00,12,10,22,1,4,1,0,22.0,22,1,0
e4df553,2010-03-08T00:03:16+01:00,1,0,1,1,1,1,0,1.0,1,1,0
369be61,2010-03-08T00:17:15+01:00,8,4,12,2,4,2,1,6.0,6,2,1
7355063,2010-03-08T00:47:08+01:00,33,10,43,2,6,2,1,21.5,33,2,1
e68aa73,2010-03-08T00:59:53+01:00,1,1,2,1,1,1,0,2.0,2,1,0
9ef4ca8,2010-03-08T01:06:16+01:00,2,2,4,1,2,1,0,4.0,4,1,0
2fe1e80,2010-03-08T02:02:34+01:00,15,11,26,2,12,2,0,13.0,16,0,1
2f6c6c9,2010-03-08T02:34:03+01:00,8,3,11,2,4,2,1,5.5,7,2,1
648741b,2010-03-08T02:44:28+01:00,2,0,2,1,1,1,0,2.0,2,0,0
9414211,2010-03-08T02:52:17+01:00,4,5,9,4,5,2,0,2.25,3,0,0
09074c0,2010-03-08T14:32:56+01:00,22,20,42,4,16,2,1,10.5,26,4,0
f1ce63d,2010-03-08T14:52:26+01:00,12,10,22,2,7,2,1,11.0,20,2,0
77d5391,2010-03-08T16:03:08+01:00,0,1,1,1,1,1,0,1.0,1,1,0
557029e,2010-03-09T15:18:21+01:00,71,13,84,2,11,2,1,42.0,59,2,1
1f8f5fc,2010-03-09T15:35:37+01:00,50,9,59,2,13,2,1,29.5,39,2,1
fcc614d,2010-03-09T16:56:47+01:00,77,74,151,2,32,2,1,75.5,136,2,1
c366fa6,2010-03-09T14:57:00-03:00,13,2,15,3,4,3,1,5.0,9,2,0
8e57587,2010-03-10T04:00:35+01:00,4,3,7,1,3,1,0,7.0,7,1,0
0530ad1,2010-03-10T04:20:37+01:00,11,8,19,1,5,1,0,19.0,19,1,1
e4de4bf,2010-03-10T04:31:44+01:00,2,28,30,2,5,2,1,15.0,16,2,1
8a27ff1,2010-03-10T06:01:57+01:00,14,20,34,2,9,2,1,17.0,30,2,1
cf3fcf9,2010-03-10T17:09:59+01:00,1,1,2,1,1,1,0,2.0,2,1,0
b82e119,2010-03-10T18:09:34+01:00,1,1,2,1,1,1,0,2.0,2,1,0
fc2c72b,2010-03-10T18:56:12+01:00,45,0,45,3,3,1,0,15.0,39,0,1
6c72270,2010-03-10T21:17:20+01:00,1,2,3,1,2,1,0,3.0,3,1,0
8cbffed,2010-03-11T00:58:14+01:00,34,45,79,1,9,1,0,79.0,79,1,1
159ef53,2010-03-11T01:38:59+01:00,4,1,5,1,2,1,0,5.0,5,1,0
64f3617,2010-03-11T15:54:52+01:00,849,32,881,7,18,2,0,125.86,694,1,1
058be42,2010-03-11T16:19:43+01:00,8,5,13,2,6,1,0,6.5,11,0,1
7904ea9,2010-03-11T22:08:49+01:00,8,5,13,3,2,3,0,4.33,13,0,0
26556d2,2010-03-11T22:32:15+01:00,10,0,10,1,1,1,1,10.0,10,1,0
6fa816b,2010-03-12T12:10:10+01:00,8,2,10,1,1,1,0,10.0,10,1,1
2890a7a,2010-03-12T12:42:55+01:00,1,1,2,1,1,1,0,2.0,2,0,0
6a894d3,2010-03-12T13:03:12+01:00,11,8,19,1,7,1,0,19.0,19,0,1
bd3b2c5,2010-03-12T13:04:04+01:00,54,54,108,1,32,1,0,108.0,108,0,1
8426a15,2010-03-12T17:14:43+01:00,80,57,137,2,29,1,0,68.5,135,0,1
8ec194a,2010-03-12T20:15:43+01:00,37,41,78,1,20,1,0,78.0,78,1,0
2b70909,2010-03-12T20:21:40+01:00,19,1,20,1,2,1,1,20.0,20,1,1
9a73565,2010-03-13T02:26:31+01:00,43,18,61,1,13,1,0,61.0,61,1,1
a99242e,2010-03-13T14:54:49+01:00,5,5,10,1,2,1,0,10.0,10,1,0
482b929,2010-03-13T14:58:24+01:00,1,1,2,1,1,1,0,2.0,2,1,0
93ec253,2010-03-13T15:57:01+01:00,2,2,4,1,1,1,0,4.0,4,1,0
b60a345,2010-03-14T13:30:31+01:00,11,0,11,1,2,1,0,11.0,11,0,1
2c413a2,2010-03-14T14:23:50+01:00,5,4,9,1,4,1,0,9.0,9,0,0
1f6ca61,2010-03-14T15:05:55+01:00,20,1,21,1,1,1,1,21.0,21,1,0
1a97452,2010-03-14T15:26:14+01:00,1,0,1,1,1,1,0,1.0,1,1,1
e5592aa,2010-03-14T15:57:38+01:00,8,8,16,2,5,2,0,8.0,8,1,1
5d88c63,2010-03-15T13:07:06+01:00,15,1,16,1,4,1,0,16.0,16,1,1
95799c9,2010-03-15T13:27:32+01:00,5,5,10,1,5,1,0,10.0,10,1,1
83d5daa,2010-03-15T15:06:42+01:00,7,7,14,1,7,1,0,14.0,14,1,0
4995e0c,2010-03-15T15:33:22+01:00,1,1,2,1,1,1,0,2.0,2,1,0
ae068c5,2010-03-16T15:45:45+01:00,3,2,5,1,1,1,0,5.0,5,1,0
f065114,2010-03-16T16:13:48+01:00,1,1,2,1,1,1,0,2.0,2,1,0
05a69fe,2010-03-17T14:51:29+01:00,2,2,4,2,2,2,0,2.0,2,0,0
aad52b0,2010-03-18T12:28:36+01:00,7,1,8,1,2,1,0,8.0,8,0,1
69d1e38,2010-03-19T14:10:13+01:00,2,3,5,1,2,1,0,5.0,5,1,1
176443d,2010-03-19T18:53:53+01:00,652,0,652,2,2,1,0,326.0,651,0,1
d677584,2010-03-23T16:01:45+01:00,173,198,371,1,136,1,0,371.0,371,0,1
38a50b6,2010-03-23T16:02:55+01:00,30,45,75,1,25,1,0,75.0,75,0,0
436c478,2010-03-23T16:07:37+01:00,52,35,87,1,32,1,0,87.0,87,0,1
c2c19c9,2010-03-30T10:35:39+02:00,3,9,12,1,6,1,0,12.0,12,0,0
dd4fc5b,2010-04-03T01:13:16+02:00,14,1,15,2,2,2,1,7.5,12,2,1
b178eb8,2010-04-05T14:07:30+02:00,1,1,2,1,1,1,0,2.0,2,1,0
daac525,2010-04-06T00:33:40+02:00,15,2,17,2,3,2,1,8.5,15,2,1
c214c09,2010-04-07T12:47:03+02:00,536,329,865,16,163,7,0,54.06,326,4,1
7e38dd7,2010-04-07T21:55:16+02:00,1,1,2,1,1,1,0,2.0,2,1,0
831a15a,2010-04-08T11:29:37+02:00,16,11,27,3,8,2,0,9.0,22,3,0
2efeba4,2010-04-08T13:31:44+02:00,56,6,62,3,5,1,0,20.67,45,0,1
826a9c5,2010-04-09T00:20:26+02:00,57,47,104,3,17,2,0,34.67,72,1,1
3f71b8c,2010-04-09T09:16:06+02:00,13,3,16,1,4,1,0,16.0,16,1,0
92f8366,2010-04-11T15:16:26+02:00,0,3,3,1,1,1,0,3.0,3,1,0
2d0237f,2010-04-11T20:32:28+02:00,3,3,6,1,3,1,0,6.0,6,1,0
ea7eab9,2010-04-12T16:28:22+02:00,43,49,92,1,19,1,0,92.0,92,0,1
4d03888,2010-04-12T17:13:37+02:00,56,36,92,2,5,2,1,46.0,68,2,1
66e5ca9,2010-04-12T17:55:08+02:00,23,23,46,2,19,2,1,23.0,41,2,1
664451b,2010-04-12T18:15:23+02:00,26,35,61,4,10,2,1,15.25,29,4,1
023d0b0,2010-04-12T19:21:23+02:00,27,24,51,2,4,2,0,25.5,49,1,0
d0b626a,2010-04-12T19:24:20+02:00,4,5,9,1,4,1,0,9.0,9,1,1
b4f7d8b,2010-04-13T23:12:04+02:00,2,2,4,2,2,1,0,2.0,2,0,0
c58fb13,2010-04-14T00:08:28+02:00,2,2,4,1,2,1,0,4.0,4,0,1
af8a736,2010-04-14T00:16:55+02:00,2,2,4,1,2,1,0,4.0,4,0,0
0bfe8a9,2010-04-14T00:35:07+02:00,11,14,25,1,8,1,0,25.0,25,0,1
2c387ba,2010-04-14T09:40:44+02:00,4,4,8,1,1,1,0,8.0,8,1,1
39ad4f2,2010-04-14T09:42:08+02:00,74,30,104,2,22,2,0,52.0,102,1,1
fa757f6,2010-04-14T12:59:26+02:00,13,2,15,2,4,2,1,7.5,9,2,1
5bced2a,2010-04-14T13:16:10+02:00,6,4,10,1,3,1,0,10.0,10,1,1
9c938d4,2010-04-15T20:19:02+02:00,102,49,151,1,32,1,0,151.0,151,0,1
d928f6e,2010-04-17T10:39:10+02:00,1,1,2,1,1,1,0,2.0,2,1,0
aacef68,2010-04-17T11:24:37+02:00,18,7,25,3,6,2,0,8.33,9,0,0
0d463f7,2010-04-17T14:16:05+02:00,7,0,7,1,2,1,0,7.0,7,1,1
18d2a93,2010-04-18T09:35:12+02:00,7,0,7,1,2,1,1,7.0,7,1,0
ecd2261,2010-04-18T09:44:20+02:00,2,1,3,1,2,1,1,3.0,3,1,0
05bbdbe,2010-04-20T13:49:24+02:00,2,2,4,1,2,1,0,4.0,4,1,0
406974d,2010-04-20T13:50:45+02:00,5,1,6,1,1,1,0,6.0,6,1,0
cb51973,2010-04-20T13:54:57+02:00,6,7,13,1,3,1,0,13.0,13,1,1
3f719a2,2010-04-20T14:14:18+02:00,9,12,21,2,5,2,1,10.5,13,2,1
ada3d6b,2010-04-22T17:19:23+02:00,10,1,11,1,2,1,0,11.0,11,1,1
04ac700,2010-04-26T17:59:50+02:00,4,0,4,1,1,1,0,4.0,4,1,0
62e56f0,2010-04-26T18:16:15+02:00,1,1,2,1,1,1,0,2.0,2,1,0
8166aed,2010-04-29T14:38:08+02:00,21,5,26,2,5,2,1,13.0,16,2,1
7fd7178,2010-05-10T10:51:31+02:00,31,27,58,1,2,1,0,58.0,58,1,1
058f9ad,2010-05-12T22:34:46+08:00,1,1,2,1,1,1,0,2.0,2,1,0
c9df184,2010-05-13T19:22:23+02:00,34,36,70,4,34,2,1,17.5,40,4,1
be95684,2010-05-17T19:58:57+08:00,5,3,8,1,2,1,0,8.0,8,1,0
cc62078,2010-05-17T20:00:20+08:00,2,2,4,1,2,1,1,4.0,4,1,1
4bb2795,2010-05-17T15:15:24+02:00,1,1,2,1,2,1,0,2.0,2,1,0
6f27d9e,2010-05-17T15:15:28+02:00,3,1,4,1,1,1,0,4.0,4,1,0
b8ce7f7,2010-05-20T10:16:08+02:00,6,2,8,1,5,1,0,8.0,8,1,1
ce3125b,2010-05-31T14:55:44+02:00,20,4,24,2,6,2,1,12.0,19,2,1
5e0e9bd,2010-05-31T16:56:45+02:00,54,7,61,3,10,3,1,20.33,32,2,1
2bc4535,2010-06-02T11:35:48+02:00,11,0,11,2,2,2,1,5.5,10,2,0
18c50a7,2010-06-13T10:56:52+02:00,4,4,8,2,4,2,1,4.0,4,2,0
fb2cea4,2010-06-13T21:05:39+02:00,23,6,29,4,8,2,1,7.25,12,4,1
4ef2838,2010-06-13T21:50:46+02:00,30,4,34,3,7,2,1,11.33,16,3,1
58afede,2010-06-13T22:25:54+02:00,6,1,7,2,2,2,1,3.5,4,2,0
98b5cef,2010-06-13T22:55:55+02:00,6,6,12,1,5,1,0,12.0,12,1,1
a33e12c,2010-06-18T16:45:28+02:00,1,1,2,1,1,1,0,2.0,2,1,1
6422099,2010-06-18T23:11:11+02:00,4,4,8,1,3,1,0,8.0,8,1,1
be9565f,2010-06-18T23:21:44+02:00,6,2,8,1,1,1,0,8.0,8,1,1
590f213,2010-06-18T23:53:19+02:00,2,2,4,1,1,1,0,4.0,4,1,1
b294b57,2010-06-19T14:41:20+02:00,18,3,21,1,3,1,0,21.0,21,1,1
15dd129,2010-06-22T15:05:22+02:00,3,3,6,1,1,1,0,6.0,6,1,0
b8fd38c,2010-06-22T20:12:06+03:00,134,30,164,3,27,2,1,54.67,112,3,1
655e890,2010-06-25T18:58:13+02:00,120,200,320,2,45,2,1,160.0,262,2,1
e1b409a,2010-06-27T12:35:47+02:00,1,1,2,1,1,1,0,2.0,2,1,0
17ebead,2010-06-27T13:04:53+02:00,377,369,746,10,156,3,0,74.6,459,1,1
41a0194,2010-06-27T15:47:49+02:00,0,2904,2904,55,23,6,0,52.8,677,5,0
45ce2c0,2010-06-30T10:43:04+02:00,59,59,118,2,39,2,1,59.0,116,2,1
761603b,2010-07-05T15:50:16+02:00,226,17,243,16,18,2,1,15.19,98,15,1
8f2f7c2,2010-07-05T15:52:09+02:00,22,3,25,1,2,1,0,25.0,25,1,1
2a50ace,2010-07-05T15:54:00+02:00,21,0,21,1,1,1,0,21.0,21,0,0
a2d3cb2,2010-07-05T15:59:28+02:00,11,0,11,1,3,1,0,11.0,11,1,0
e9047a7,2010-07-08T22:02:13+02:00,35,8,43,3,12,2,0,14.33,32,1,1
81bf74c,2010-07-09T12:30:16+02:00,7,1,8,1,2,1,0,8.0,8,0,0
61c13bd,2010-07-09T12:39:07+02:00,127,0,127,1,1,1,0,127.0,127,0,0
a2d6448,2010-07-09T12:39:07+02:00,55,16,71,1,15,1,0,71.0,71,0,0
1879b60,2010-07-09T20:50:24+02:00,17,7,24,1,2,1,0,24.0,24,1,1
cc4721d,2010-07-09T20:51:13+02:00,142,59,201,1,30,1,0,201.0,201,0,1
e6037c1,2010-07-13T18:25:58+02:00,89,49,138,1,10,1,0,138.0,138,1,1
8ad4a44,2010-07-15T15:36:50+02:00,29,36,65,1,18,1,0,65.0,65,1,1
5761305,2010-07-15T16:23:03+02:00,127,17,144,5,16,2,0,28.8,99,1,1
94a7585,2010-07-17T00:13:23+08:00,121,121,242,7,115,2,0,34.57,108,1,1
9c8076e,2010-07-18T19:24:57+02:00,1,1,2,1,1,1,0,2.0,2,1,1
f50ef2f,2010-07-19T15:20:27+02:00,25,4,29,2,7,2,0,14.5,23,1,1
2b69f86,2010-07-19T15:59:28+02:00,12,4,16,2,3,2,1,8.0,12,2,1
94f8185,2010-07-19T17:04:34+02:00,1,1,2,1,1,1,0,2.0,2,1,0
04fbf2f,2010-07-20T00:35:59+08:00,3,3,6,1,1,1,0,6.0,6,0,0
d9b7017,2010-07-20T17:42:51+08:00,1,1,2,1,1,1,0,2.0,2,1,0
6a4a3fa,2010-07-20T18:57:25+08:00,10,10,20,2,10,2,0,10.0,14,0,1
d168e4b,2010-07-26T15:56:17+02:00,12,3,15,1,8,1,0,15.0,15,1,1
7e7270c,2010-07-26T16:50:05+02:00,51,20,71,2,9,2,1,35.5,38,2,1
40e6629,2010-07-26T19:51:55+02:00,6,5,11,1,2,1,0,11.0,11,0,0
8a66e76,2010-07-26T20:56:18+02:00,2,1,3,1,1,1,1,3.0,3,1,1
6240707,2010-07-26T22:30:35+02:00,1,1,2,1,1,1,0,2.0,2,0,0
7d7c836,2010-07-29T13:35:59+02:00,1,1,2,1,1,1,0,2.0,2,1,0
2b9a3e1,2010-07-29T13:51:52+02:00,9,0,9,1,2,1,0,9.0,9,0,0
7afbeef,2010-07-30T21:48:27+02:00,46,3,49,4,7,3,0,12.25,28,4,0
6500db3,2010-08-01T18:58:22+02:00,169,65,234,6,4,2,0,39.0,169,1,0
72b5c15,2010-08-03T00:52:12+02:00,1,0,1,2,1,2,0,0.5,1,1,0
2e18323,2010-08-03T01:15:54+02:00,1,1,2,1,1,1,0,2.0,2,1,0
b5ff042,2010-08-05T14:35:45+02:00,50,8,58,2,5,2,0,29.0,54,1,1
0b2c4d3,2010-08-05T18:24:27+02:00,8,4,12,1,4,1,0,12.0,12,1,1
965175f,2010-08-05T18:25:18+02:00,2,1,3,1,1,1,0,3.0,3,1,0
a2e1e4a,2010-08-05T18:39:04+02:00,2,1,3,1,1,1,0,3.0,3,1,0
30947ec,2010-08-05T19:04:10+02:00,4,1,5,1,2,1,0,5.0,5,1,0
3095ddc,2010-08-05T19:44:48+02:00,12,5,17,2,2,2,0,8.5,11,1,1
b20ad3a,2010-08-05T20:04:51+02:00,19,15,34,1,7,1,0,34.0,34,1,1
d862e9c,2010-08-05T22:36:50+02:00,190,48,238,2,16,2,1,119.0,156,2,1
ab36f1a,2010-08-05T23:42:47+02:00,5,5,10,1,2,1,0,10.0,10,1,1
4bdb2f1,2010-08-06T01:10:12+02:00,7,6,13,2,5,2,0,6.5,7,1,1
40e68ee,2010-08-06T11:43:45+02:00,2,2,4,1,2,1,0,4.0,4,1,0
b73f62b,2010-08-08T13:24:37+02:00,17,17,34,1,7,1,0,34.0,34,1,1
4d3a563,2010-08-09T19:01:22+08:00,7,4,11,1,2,1,0,11.0,11,1,0
67796c6,2010-08-11T08:25:48+08:00,2,2,4,2,2,1,0,2.0,2,2,1
b10e52b,2010-08-11T07:48:09+02:00,1,1,2,1,1,1,0,2.0,2,0,0
5a63b75,2010-08-11T08:51:37+02:00,1,1,2,1,1,1,0,2.0,2,1,1
f54675b,2010-08-11T14:07:58+02:00,0,1,1,1,1,1,1,1.0,1,1,0
2a5b2c4,2010-08-11T19:51:00+02:00,1,1,2,1,1,1,0,2.0,2,1,1
7fcc280,2010-08-12T21:51:44+08:00,7,1,8,1,2,1,0,8.0,8,1,0
089478c,2010-08-22T20:25:22+02:00,33,18,51,3,23,2,1,17.0,49,3,1
76319b8,2010-08-26T15:40:28+02:00,3,46,49,1,2,1,0,49.0,49,1,1
586020c,2010-08-26T19:23:40+02:00,50,10,60,1,12,1,0,60.0,60,1,0
27f0ecd,2010-08-26T19:44:21+02:00,6,0,6,1,1,1,0,6.0,6,0,0
5e60904,2010-08-27T19:15:28+02:00,58,11,69,3,8,2,0,23.0,59,1,0
d6150d7,2010-08-31T18:21:25+02:00,1,1,2,1,1,1,0,2.0,2,1,1
a0b5a7d,2010-08-31T18:24:57+02:00,1,1,2,1,1,1,0,2.0,2,1,0
7942404,2010-09-03T00:02:54+08:00,1,1,2,1,1,1,0,2.0,2,1,0
ae77b1f,2010-09-02T20:35:00+02:00,82,27,109,2,9,2,1,54.5,73,2,1
d4da844,2010-09-02T20:55:52+02:00,13,13,26,1,12,1,0,26.0,26,1,1
9e97989,2010-09-04T18:01:47+02:00,19,46,65,1,9,1,0,65.0,65,1,1
119352f,2010-09-13T10:35:17+02:00,37,5,42,4,7,2,1,10.5,15,4,1
8c9d51b,2010-09-13T10:52:45+02:00,2,1,3,1,1,1,0,3.0,3,1,0
fb7da99,2010-09-13T11:46:39+02:00,37,17,54,3,23,2,1,18.0,39,3,1
6f82ddd,2010-09-13T13:51:36+02:00,139,161,300,6,7,1,0,50.0,111,1,1
3932ae5,2010-09-14T11:43:53+02:00,12,15,27,1,9,1,0,27.0,27,1,1
5f88aa2,2010-09-20T20:45:34+02:00,66,48,114,1,27,1,0,114.0,114,1,1
393c736,2010-09-20T22:06:56+02:00,34,12,46,1,3,1,0,46.0,46,1,0
43b2668,2010-09-21T12:05:10+02:00,20,11,31,1,6,1,0,31.0,31,1,1
3aace73,2010-09-22T12:52:31+02:00,3,3,6,2,2,2,0,3.0,4,1,0
bb3f10c,2010-09-26T01:04:42+02:00,3,1,4,1,1,1,0,4.0,4,1,1
3197321,2010-09-26T01:49:37+02:00,28,1,29,1,3,1,0,29.0,29,1,0
d8d5c5d,2010-09-30T14:00:21+02:00,14,0,14,2,1,2,0,7.0,14,1,0
08e1143,2010-09-30T14:44:29+02:00,0,2,2,1,1,1,0,2.0,2,0,0
670c28b,2010-10-07T14:32:10-07:00,1,1,2,1,1,1,0,2.0,2,1,0
63192d6,2010-10-09T23:02:00+02:00,4,0,4,1,1,1,0,4.0,4,0,0
7d399d4,2010-10-25T16:41:53+02:00,0,131,131,1,1,1,0,131.0,131,1,0
05cd224,2010-10-25T16:44:47+02:00,0,207,207,1,1,1,0,207.0,207,1,0
640517c,2010-10-29T19:49:16+02:00,8,10,18,1,12,1,0,18.0,18,1,0
fe12158,2010-10-29T19:50:24+02:00,49,5,54,2,5,1,1,27.0,50,2,1
98354e6,2010-11-05T01:39:34+01:00,1,1,2,1,1,1,0,2.0,2,1,0
da79d4a,2010-11-05T16:52:46+01:00,7,1,8,1,2,1,0,8.0,8,1,1
3e1c6e2,2010-11-10T12:40:59+01:00,23,2,25,2,3,2,1,12.5,23,2,1
4dd19da,2010-11-12T14:56:06+01:00,47,56,103,2,12,2,1,51.5,69,2,1
6f0fee8,2010-12-14T11:42:34+01:00,9,1,10,2,2,2,1,5.0,8,2,1
8906fa1,2010-12-14T12:03:13+01:00,1,0,1,1,1,1,0,1.0,1,0,0
51c37fc,2010-12-16T17:33:57+01:00,62,1,63,4,3,2,0,15.75,39,2,0
f40bbce,2010-12-25T12:29:36+01:00,9,9,18,3,8,3,0,6.0,8,2,1
2b7c4c1,2010-12-25T12:31:06+01:00,13,3,16,3,5,3,1,5.33,11,2,1
762821a,2010-12-28T19:02:54+01:00,5,9,14,2,3,1,0,7.0,8,0,0
bc1b9b3,2010-12-28T19:14:50+01:00,2,1,3,1,2,1,0,3.0,3,1,1
28c6671,2010-12-28T19:17:06+01:00,1,1,2,1,1,1,0,2.0,2,1,0
17c5f06,2010-12-28T19:25:01+01:00,5,4,9,1,2,1,0,9.0,9,1,1
f72a7c5,2010-12-29T14:06:07+01:00,3,3,6,1,3,1,0,6.0,6,1,1
0dcb349,2010-12-29T16:46:05+01:00,26,12,38,2,10,2,1,19.0,32,2,1
8ccb2d6,2010-12-29T19:47:26+01:00,16,20,36,1,7,1,0,36.0,36,1,1
0a2d7d6,2010-12-30T12:23:32+01:00,19,6,25,1,8,1,0,25.0,25,1,1
b14b9af,2010-12-30T14:07:13+01:00,21,14,35,1,4,1,0,35.0,35,1,1
70a3118,2011-01-08T21:33:37+01:00,236,231,467,3,38,2,1,155.67,361,3,1
3a573b9,2011-01-08T21:51:28+01:00,1,1,2,1,1,1,0,2.0,2,0,0
29019e6,2011-01-20T00:55:14+01:00,14,2,16,1,3,1,0,16.0,16,1,0
af93ec4,2011-01-21T11:43:59+01:00,5,0,5,1,1,1,0,5.0,5,1,0
84d6df0,2011-01-21T12:10:14+01:00,1,1,2,1,1,1,0,2.0,2,1,0
4e4714a,2011-01-21T16:03:27+01:00,1,1,2,1,1,1,0,2.0,2,1,0
ffe2661,2011-01-21T18:13:12+01:00,128,125,253,1,29,1,0,253.0,253,1,1
3dd87bd,2011-01-21T21:48:19+01:00,4,0,4,1,1,1,0,4.0,4,0,0
2a97993,2011-01-24T21:44:19+01:00,150,46,196,2,31,2,0,98.0,142,0,1
ab17bad,2011-01-24T21:54:38+01:00,2,2,4,2,2,1,0,2.0,2,0,1
fe4c8e6,2011-01-25T01:02:35+01:00,5,6,11,1,4,1,0,11.0,11,0,0
77621f3,2011-02-03T18:26:27+01:00,134,70,204,3,19,2,1,68.0,189,3,1
fcbedd9,2011-02-06T03:15:29+01:00,1,1,2,1,1,1,0,2.0,2,0,0
0789227,2011-02-18T01:34:37+01:00,79,45,124,3,25,2,0,41.33,83,1,1
5cf0643,2011-02-18T14:39:06+01:00,15,11,26,1,11,1,0,26.0,26,1,1
5e8bb5b,2011-02-18T14:42:52+01:00,1,1,2,1,1,1,0,2.0,2,1,1
f62002e,2011-02-18T15:20:46+01:00,0,11,11,1,1,1,0,11.0,11,1,0
688e0ab,2011-02-18T15:31:14+01:00,18,12,30,1,7,1,0,30.0,30,1,0
19aca2b,2011-02-18T15:38:56+01:00,15,19,34,1,1,1,0,34.0,34,1,0
88c1c87,2011-02-18T17:43:38+01:00,241,1,242,2,4,2,1,121.0,205,2,1
412be33,2011-02-18T21:10:36+01:00,68,40,108,1,53,1,0,108.0,108,1,1
ed49a9f,2011-02-21T01:25:20+01:00,4,4,8,1,3,1,0,8.0,8,1,0
535d9ed,2011-02-21T14:31:51+01:00,7,8,15,2,5,2,1,7.5,11,2,1
f2f9395,2011-02-21T14:36:13+01:00,83,0,83,2,2,2,0,41.5,81,0,0
6c465e2,2011-02-21T21:37:10+01:00,137,10,147,1,11,1,0,147.0,147,0,0
ba90ef7,2011-02-21T21:48:31+01:00,3,5,8,1,3,1,0,8.0,8,0,0
57de5eb,2011-02-21T21:55:01+01:00,3,5,8,1,3,1,0,8.0,8,1,0
362fd2d,2011-02-22T18:17:31+01:00,3,3,6,1,3,1,0,6.0,6,0,0
15cb0b4,2011-02-24T16:44:33+01:00,29,5,34,2,4,2,1,17.0,28,2,1
ff55cb8,2011-02-24T17:00:16+01:00,13,6,19,2,9,2,0,9.5,18,1,0
89da239,2011-02-24T17:46:31+01:00,57,44,101,2,15,2,1,50.5,82,2,1
dce8891,2011-02-24T18:00:58+01:00,34,12,46,1,5,1,0,46.0,46,1,1
b80f6d3,2011-02-25T14:08:49+01:00,40,2,42,1,2,1,0,42.0,42,0,1
a5d636b,2011-02-25T16:46:09+01:00,70,69,139,1,12,1,0,139.0,139,0,0
be19126,2011-03-02T12:05:06+01:00,127,41,168,1,10,1,0,168.0,168,1,0
a7565b7,2011-03-02T12:20:15+01:00,16,21,37,2,15,2,0,18.5,23,1,1
f426a2f,2011-03-03T19:48:28+01:00,26,10,36,1,11,1,0,36.0,36,0,0
9562d90,2011-03-11T16:51:42+01:00,15,14,29,8,13,4,0,3.62,12,5,0
7b5e2db,2011-03-11T17:13:13+01:00,1,7,8,1,2,1,0,8.0,8,1,0
36ac4fc,2011-03-11T17:44:45+01:00,0,247,247,1,1,1,0,247.0,247,0,0
90c9c3c,2011-03-11T18:49:04+01:00,152,23,175,4,13,3,0,43.75,107,0,1
474e7d3,2011-03-14T23:09:16+01:00,9,8,17,2,5,2,0,8.5,12,1,1
351910d,2011-03-19T16:32:46+01:00,19,18,37,33,16,6,0,1.12,29,6,1
cc00b61,2011-03-21T01:39:21+03:00,4,2,6,2,3,2,1,3.0,4,2,0
4723ce4,2011-03-25T15:31:43+01:00,2,1,3,1,2,1,0,3.0,3,1,0
62f08c7,2011-03-28T18:27:17+02:00,19,1,20,1,2,1,0,20.0,20,1,0
03de959,2011-03-28T18:28:42+02:00,0,1,1,1,1,1,0,1.0,1,1,0
79685f5,2011-03-30T21:20:34-07:00,1,1,2,1,1,1,0,2.0,2,0,0
b20be42,2011-04-01T17:32:53-04:00,2,2,4,1,2,1,1,4.0,4,1,0
8d13972,2011-04-07T13:59:25+02:00,22,1,23,2,2,2,1,11.5,20,2,0
d76260f,2011-04-07T17:12:23+02:00,10,8,18,2,6,2,1,9.0,13,2,1
79ab05e,2011-04-07T17:20:45+02:00,5,3,8,1,5,1,0,8.0,8,0,0
307db32,2011-04-07T17:32:18+02:00,11,4,15,1,2,1,0,15.0,15,1,1
a959341,2011-04-07T09:49:04-07:00,23,0,23,1,2,1,0,23.0,23,0,1
35e8131,2011-04-07T20:06:34+02:00,18,9,27,1,5,1,0,27.0,27,1,1
a91b6d5,2011-04-08T17:50:51+02:00,22,21,43,1,14,1,0,43.0,43,0,0
cf1eaca,2011-04-11T22:09:30+02:00,17,2,19,2,4,1,0,9.5,12,0,1
3be6087,2011-04-11T22:13:09+02:00,73,0,73,1,1,1,0,73.0,73,0,1
0e12fa3,2011-04-11T16:32:49-04:00,8,8,16,1,8,1,0,16.0,16,0,1
814c562,2011-04-13T13:16:17+02:00,19,9,28,2,10,2,1,14.0,16,2,1
f143c74,2011-04-15T15:56:17+02:00,45,12,57,1,13,1,0,57.0,57,0,1
512048b,2011-04-17T16:06:49+02:00,15,10,25,1,4,1,0,25.0,25,1,1
3255dac,2011-04-17T17:45:03+02:00,11,11,22,1,5,1,0,22.0,22,1,1
be7b4c1,2011-04-17T17:46:43+02:00,20,3,23,2,4,2,1,11.5,14,2,0
8515340,2011-04-20T15:04:13+02:00,124,34,158,4,14,3,1,39.5,91,3,1
fa7d37d,2011-04-20T15:20:39+02:00,3,7,10,1,3,1,0,10.0,10,1,0
bfcc4b4,2011-04-20T15:23:12+02:00,1,1,2,1,1,1,0,2.0,2,1,0
7faa782,2011-04-23T17:57:10+02:00,1,1,2,1,1,1,0,2.0,2,0,0
fd4f4d8,2011-04-23T18:03:57+02:00,29,0,29,2,2,2,1,14.5,28,2,1
0a82127,2011-04-25T22:06:52+02:00,22,1,23,1,4,1,0,23.0,23,0,1
4bab873,2011-04-25T16:53:01-04:00,9,9,18,1,9,1,0,18.0,18,0,1
b06f065,2011-04-28T00:19:14+02:00,36,1,37,1,6,1,0,37.0,37,1,1
823f5b1,2011-04-28T01:10:14+02:00,38,0,38,1,1,1,1,38.0,38,1,1
79f247a,2011-04-28T01:18:51+02:00,2,3,5,1,3,1,1,5.0,5,1,0
84c9d86,2011-04-28T01:45:15+02:00,1,1,2,1,1,1,0,2.0,2,1,0
f6fe0e6,2011-04-28T20:25:14+02:00,52,32,84,4,17,1,1,21.0,67,4,1
4ffe685,2011-04-28T20:26:10+02:00,147,0,147,2,2,1,0,73.5,77,2,1
91bb4eb,2011-04-29T12:48:21+02:00,3,2,5,1,1,1,0,5.0,5,1,0
00ddd45,2011-04-29T15:09:19+02:00,2,2,4,2,2,1,0,2.0,2,2,0
6c15159,2011-04-29T18:18:35+02:00,11,110,121,6,11,4,0,20.17,58,2,1
79c8b75,2011-05-02T15:36:26+02:00,7,2,9,1,3,1,0,9.0,9,0,1
454bb66,2011-05-02T18:39:25+02:00,25,2,27,2,3,1,0,13.5,23,2,0
4f33a8d,2011-05-02T19:14:20+02:00,48,19,67,1,14,1,0,67.0,67,1,1
7798e7b,2011-05-02T19:45:22+02:00,10,6,16,2,7,2,0,8.0,9,1,0
8ad9455,2011-05-02T21:28:35+02:00,12,35,47,2,8,1,0,23.5,44,2,0
700733d,2011-05-02T21:29:05+02:00,176,0,176,3,3,1,0,58.67,98,3,1
7751a92,2011-05-02T14:28:12-07:00,1,1,2,1,1,1,0,2.0,2,0,0
75fcc4c,2011-05-02T23:30:23+02:00,7,1,8,1,1,1,0,8.0,8,0,0
00157cf,2011-05-02T19:54:49-07:00,1,1,2,1,1,1,0,2.0,2,0,0
6e390b6,2011-05-05T10:32:14+04:00,4,8,12,1,2,1,0,12.0,12,1,0
20f775e,2011-05-10T00:57:55+02:00,211,40,251,9,17,4,0,27.89,87,3,1
e02faa1,2011-05-12T10:22:23-07:00,1,1,2,1,1,1,0,2.0,2,0,0
8bc09c2,2011-05-12T13:46:52-04:00,23,0,23,1,2,1,0,23.0,23,0,0
ee6f615,2011-05-12T13:50:03-04:00,1,0,1,1,1,1,0,1.0,1,0,0
57deb10,2011-05-12T14:36:36-04:00,1,1,2,1,1,1,0,2.0,2,0,0
8c86a98,2011-05-12T21:49:21+02:00,7,7,14,1,2,1,1,14.0,14,1,0
b266125,2011-05-12T22:13:48+02:00,3,2,5,5,3,2,0,1.0,2,0,0
610790d,2011-05-13T21:20:26+02:00,14,95,109,5,27,2,1,21.8,69,5,1
9d60b6e,2011-05-13T22:24:03+02:00,12,12,24,2,7,2,1,12.0,19,2,0
1dae6f9,2011-05-13T22:37:23+02:00,21,11,32,1,6,1,1,32.0,32,1,0
3e84344,2011-05-13T23:05:31+02:00,8,9,17,3,9,2,1,5.67,12,3,0
f52ad27,2011-05-14T15:49:29+02:00,0,2,2,1,1,1,0,2.0,2,1,0
55aca7b,2011-05-22T08:09:43+07:00,11,1,12,2,2,2,1,6.0,10,2,0
1e2ca06,2011-05-30T15:06:04+02:00,0,0,0,0,0,0,0,0.0,0,0,0
9373284,2011-05-30T16:06:43+02:00,36,30,66,1,9,1,0,66.0,66,1,1
a8daeef,2011-06-03T17:05:58+02:00,4,0,4,1,1,1,0,4.0,4,1,1
906d0bb,2011-06-03T17:11:14+02:00,23,10,33,1,5,1,0,33.0,33,1,1
fc16e2e,2011-06-03T17:20:23+02:00,40,30,70,1,18,1,0,70.0,70,1,1
238a6bd,2011-06-03T17:34:30+02:00,22,7,29,1,3,1,0,29.0,29,1,1
4312621,2011-06-03T20:00:13+02:00,39,20,59,2,14,2,1,29.5,57,2,1
b4d8a3e,2011-06-03T21:02:19+02:00,14,15,29,1,10,1,0,29.0,29,0,0
be86e70,2011-06-03T21:57:54+02:00,6,5,11,2,4,2,1,5.5,8,2,1
a045152,2011-06-06T15:13:23+02:00,81,9,90,4,16,3,1,22.5,45,3,1
ce626e5,2011-06-07T16:45:58+02:00,151,131,282,1,25,1,0,282.0,282,1,1
b7db02d,2011-06-07T17:32:34+02:00,27,22,49,1,9,1,0,49.0,49,1,0
fcad368,2011-06-09T17:14:36-03:00,1,1,2,1,1,1,0,2.0,2,0,1
fd88064,2011-06-10T14:31:45+02:00,7,7,14,1,7,1,0,14.0,14,1,0
7d983bc,2011-06-10T16:31:38+02:00,117,106,223,1,30,1,0,223.0,223,1,1
60b172f,2011-06-10T18:08:17+02:00,78,16,94,2,8,2,1,47.0,54,2,1
dc8fef5,2011-06-10T18:59:45+02:00,64,6,70,3,11,3,1,23.33,42,2,1
a965906,2011-06-10T19:06:21+02:00,1,1,2,1,1,1,0,2.0,2,1,1
f7b5239,2011-06-10T19:57:38+02:00,19,16,35,2,16,2,1,17.5,27,2,1
7831617,2011-06-13T15:53:49+02:00,2,1,3,1,2,1,0,3.0,3,1,1
ebeaa9f,2011-06-14T16:54:01+02:00,215,101,316,2,48,2,1,158.0,293,2,1
d09f6ea,2011-06-16T00:46:49+02:00,4,2,6,1,2,1,0,6.0,6,1,1
e412cd9,2011-06-16T14:51:17+02:00,4,2,6,1,1,1,0,6.0,6,1,0
6ab03c9,2011-06-21T00:28:27+02:00,157,62,219,2,20,2,1,109.5,172,2,1
3804d84,2011-06-21T10:58:42+02:00,98,86,184,1,37,1,0,184.0,184,1,1
bb58c8f,2011-06-21T11:01:14+02:00,2,2,4,1,2,1,0,4.0,4,1,1
3f4f8ff,2011-06-23T21:21:31+02:00,26,16,42,1,10,1,0,42.0,42,1,1
d867fea,2011-06-24T19:36:14+02:00,6,12,18,1,4,1,0,18.0,18,0,1
87a39d6,2011-06-24T19:58:19+02:00,6,7,13,1,4,1,0,13.0,13,1,1
b257260,2011-06-27T11:55:40+02:00,4,1,5,1,1,1,0,5.0,5,1,0
2cca1c6,2011-07-06T22:08:45+02:00,1,1,2,1,1,1,0,2.0,2,0,0
08e8800,2011-07-17T15:09:50-07:00,16,1,17,2,3,2,1,8.5,12,2,1
1719b5f,2011-07-18T00:56:10+02:00,1,1,2,1,1,1,0,2.0,2,0,0
a1812cd,2011-07-18T01:04:00+02:00,70,70,140,1,68,1,0,140.0,140,0,1
4a0272b,2011-07-18T11:45:33+02:00,3,0,3,1,1,1,0,3.0,3,1,1
4e8a79a,2011-07-18T11:05:37-07:00,2,2,4,1,2,1,0,4.0,4,1,0
f4d84b2,2011-07-19T19:41:26+02:00,1,1,2,1,1,1,0,2.0,2,1,0
addf7ae,2011-07-19T21:22:35+02:00,9,2,11,2,3,2,1,5.5,9,2,0
567a278,2011-07-25T16:40:11+02:00,6,1,7,1,2,1,0,7.0,7,1,1
c773d11,2011-07-25T21:04:55+02:00,5,6,11,1,2,1,0,11.0,11,1,0
1a714aa,2011-07-27T21:51:44+02:00,8,8,16,1,7,1,0,16.0,16,1,0
a4fa86b,2011-08-09T14:38:12+02:00,331,272,603,3,15,2,0,201.0,432,1,1
9477176,2011-08-09T14:44:00+02:00,6,4,10,1,5,1,0,10.0,10,1,0
7254cf0,2011-08-16T23:29:40+02:00,32,32,64,1,19,1,0,64.0,64,1,1
8e79eb2,2011-08-17T18:56:46+02:00,2,2,4,2,2,1,1,2.0,2,2,0
c53172c,2011-08-17T23:56:46+02:00,4,2,6,1,4,1,0,6.0,6,1,1
06fd59a,2011-08-18T00:03:18+02:00,35,20,55,1,19,1,0,55.0,55,0,1
e46499e,2011-08-19T15:58:41+02:00,5,5,10,1,4,1,0,10.0,10,1,0
168023e,2011-08-19T16:48:40+02:00,13,1,14,1,2,1,0,14.0,14,1,1
b4c0c21,2011-08-20T19:21:38+02:00,21,23,44,1,7,1,0,44.0,44,1,1
7a4a508,2011-08-20T19:23:30+02:00,0,27,27,1,1,1,0,27.0,27,1,0
8ebf74e,2011-08-20T20:05:41+02:00,23,41,64,2,13,2,0,32.0,52,1,0
fa7733e,2011-08-20T20:34:28+02:00,15,5,20,1,1,1,0,20.0,20,1,1
0adb100,2011-08-26T15:35:24-04:00,2,0,2,1,1,1,0,2.0,2,1,1
2e475be,2011-08-26T15:51:19-04:00,3,1,4,1,2,1,0,4.0,4,1,0
5ba18b4,2011-08-29T04:08:58-03:00,6,3,9,1,2,1,0,9.0,9,1,0
d38ec15,2011-08-29T20:59:47+02:00,10,12,22,3,7,2,1,7.33,8,3,1
0edaf84,2011-08-30T16:31:31+02:00,7,19,26,2,10,2,1,13.0,22,2,1
d475f5d,2011-09-01T13:49:38-04:00,7,0,7,1,2,1,1,7.0,7,1,0
2bbf9ed,2011-09-01T20:41:06+02:00,2,0,2,1,1,1,0,2.0,2,1,0
882668f,2011-09-02T13:51:19+02:00,5,2,7,2,2,2,1,3.5,4,2,0
df285fa,2011-09-02T17:32:57+02:00,17,12,29,3,16,3,0,9.67,11,3,1
6a4e8b7,2011-09-02T19:55:00-03:00,5,1,6,2,2,2,1,3.0,4,2,1
997794c,2011-09-04T05:52:49-03:00,2,2,4,1,2,1,0,4.0,4,1,0
9102158,2011-09-04T15:31:33+02:00,1,0,1,1,1,1,0,1.0,1,1,0
a110c1a,2011-09-04T16:13:53+02:00,2,0,2,1,2,1,0,2.0,2,1,0
c6efadb,2011-09-04T17:23:27+02:00,32,14,46,2,12,2,0,23.0,43,1,0
70a77cc,2011-09-04T17:25:17+02:00,1,1,2,1,1,1,0,2.0,2,1,0
9cc2abb,2011-09-08T14:37:29+02:00,2,2,4,1,2,1,0,4.0,4,0,0
b0a8c24,2011-09-08T14:51:30+02:00,1,0,1,1,1,1,0,1.0,1,1,0
bac87db,2011-09-08T14:53:08+02:00,6,6,12,1,3,1,0,12.0,12,1,1
14ed1fd,2011-09-08T14:56:45+02:00,6,0,6,1,1,1,0,6.0,6,1,0
28215a0,2011-09-08T15:01:15+02:00,18,13,31,1,12,1,0,31.0,31,1,1
8d5701f,2011-09-08T15:04:28+02:00,1,0,1,1,1,1,0,1.0,1,1,0
5349e1f,2011-09-08T16:25:22+02:00,32,15,47,1,13,1,0,47.0,47,0,1
32e4f50,2011-09-08T16:46:56+02:00,10,11,21,1,9,1,0,21.0,21,0,1
8632699,2011-09-08T19:37:27+02:00,9,1,10,1,2,1,0,10.0,10,0,0
24870ae,2011-09-08T20:14:55+02:00,2,1,3,1,1,1,0,3.0,3,1,1
71b9d8c,2011-09-12T00:35:47+02:00,5,5,10,1,5,1,0,10.0,10,0,1
8f2df4f,2011-09-12T18:26:20+02:00,1,0,1,1,1,1,0,1.0,1,0,0
f43fe57,2011-09-12T22:35:56+02:00,2,0,2,1,1,1,0,2.0,2,1,1
07a56a6,2011-09-13T19:02:23+02:00,1,1,2,1,1,1,0,2.0,2,1,0
68a8ce1,2011-09-14T00:29:18+02:00,0,1,1,1,1,1,0,1.0,1,1,0
b9e2684,2011-09-14T12:11:55+02:00,0,48,48,1,1,1,0,48.0,48,1,0
615835f,2011-09-14T12:44:13+02:00,10,6,16,1,2,1,0,16.0,16,1,0
c6eff36,2011-09-15T01:01:47+02:00,26,0,26,1,1,1,0,26.0,26,0,0
6cbff56,2011-09-15T22:36:17+02:00,1,1,2,1,1,1,0,2.0,2,0,0
033ff0b,2011-09-15T17:58:28-04:00,3,3,6,2,3,1,0,3.0,4,0,0
387e137,2011-09-17T06:37:39+02:00,1,1,2,1,1,1,0,2.0,2,0,0
6648946,2011-09-17T12:12:55-03:00,21,5,26,1,1,1,0,26.0,26,1,0
712965c,2011-09-18T15:56:41+02:00,15,4,19,2,4,2,0,9.5,12,2,0
2495898,2011-09-18T14:08:03-03:00,7,16,23,1,4,1,0,23.0,23,1,0
a38dc46,2011-09-18T14:35:34-03:00,1,1,2,1,1,1,0,2.0,2,1,0
21c9d2d,2011-09-19T16:54:00+02:00,22,2,24,1,5,1,0,24.0,24,1,1
424a10f,2011-09-19T20:26:23+02:00,63,4,67,2,4,2,1,33.5,59,2,1
00e6337,2011-09-19T17:22:11-03:00,4,4,8,2,4,2,0,4.0,6,1,0
766fc74,2011-09-23T13:27:11+02:00,1,1,2,1,1,1,0,2.0,2,0,0
5e149a9,2011-09-25T18:09:33+02:00,39,14,53,2,8,2,1,26.5,32,2,1
cfc7e96,2011-09-25T21:41:34+02:00,2,2,4,2,2,2,1,2.0,2,2,1
7156031,2011-09-25T20:48:51+01:00,1,2,3,1,2,1,0,3.0,3,1,1
5b65806,2011-09-28T13:50:34-03:00,1,1,2,1,1,1,0,2.0,2,0,1
665be8e,2011-09-28T13:54:08-03:00,1,1,2,1,1,1,0,2.0,2,0,0
e26d211,2011-09-29T13:03:50-04:00,21,0,21,1,2,1,0,21.0,21,0,1
aff0f6c,2011-09-29T13:19:20-04:00,6,1,7,1,1,1,0,7.0,7,0,0
ab98157,2011-09-29T19:30:34+02:00,59,13,72,2,4,2,1,36.0,41,2,1
239d4b9,2011-09-29T23:02:34+02:00,30,30,60,1,13,1,0,60.0,60,0,1
8b023af,2011-10-01T14:33:18+02:00,99,75,174,3,11,2,1,58.0,92,3,1
ba8ad1a,2011-10-01T17:21:56+02:00,25,0,25,2,3,1,0,12.5,24,2,1
aa655b9,2011-10-01T17:30:24+02:00,10,4,14,1,3,1,0,14.0,14,1,1
bf40a6c,2011-10-07T14:24:17+02:00,22,13,35,1,2,1,0,35.0,35,1,1
00133d4,2011-10-07T14:32:45+02:00,17,1,18,2,2,2,1,9.0,15,2,1
daa5ca3,2011-10-09T22:18:39+02:00,15,10,25,3,4,2,0,8.33,14,3,0
7c48031,2011-10-09T22:20:12+02:00,8,0,8,1,1,1,0,8.0,8,1,0
14cbbed,2011-10-09T22:21:34+02:00,0,12,12,1,1,1,0,12.0,12,1,0
c415d35,2011-10-11T00:09:44+02:00,48,5,53,1,6,1,0,53.0,53,0,1
2e997de,2011-10-11T14:48:35-07:00,3,2,5,1,2,1,0,5.0,5,1,1
eaef56c,2011-10-13T12:46:13+02:00,33,0,33,1,1,1,0,33.0,33,0,1
ce5f0d3,2011-10-13T13:00:29+02:00,23,13,36,1,7,1,0,36.0,36,1,1
d478c75,2011-10-13T13:41:09+02:00,1,1,2,1,1,1,0,2.0,2,1,0
0ec8d47,2011-10-20T12:28:32+02:00,4,0,4,1,1,1,0,4.0,4,1,0
779510c,2011-10-23T15:03:03+02:00,70,55,125,1,33,1,0,125.0,125,0,1
f1b5a3a,2011-10-24T17:43:43+02:00,2,2,4,1,2,1,0,4.0,4,1,0
0ffae78,2011-10-24T18:23:22+02:00,3,3,6,1,1,1,0,6.0,6,1,0
9452b8a,2011-10-24T18:44:23+02:00,3,3,6,1,1,1,0,6.0,6,0,0
9c65ece,2011-10-24T23:19:39+02:00,46,39,85,1,23,1,0,85.0,85,0,1
da01a3d,2011-10-25T00:36:45+02:00,32,3,35,2,8,2,0,17.5,28,1,0
f4ddbff,2011-10-25T01:01:52+02:00,8,8,16,1,8,1,0,16.0,16,0,1
f89fd73,2011-10-25T01:42:55+02:00,17,0,17,1,1,1,0,17.0,17,0,0
b230cba,2011-10-25T21:30:32+02:00,4,0,4,1,1,1,0,4.0,4,1,1
80f303c,2011-10-27T17:05:54+02:00,44,13,57,2,8,2,1,28.5,32,2,1
f5aec1e,2011-10-30T14:01:47-02:00,1,1,2,1,1,1,0,2.0,2,0,1
47449b6,2011-11-08T20:04:19+01:00,340,202,542,6,51,3,1,90.33,280,2,1
40bf9c6,2011-11-10T10:33:51+01:00,1,0,1,1,1,1,0,1.0,1,1,0
4cf2344,2011-11-10T10:37:07+01:00,3,2,5,1,2,1,0,5.0,5,1,0
fe4ae94,2011-11-11T15:41:56+01:00,47,27,74,2,17,2,1,37.0,46,2,1
620cb12,2011-11-11T16:08:28+01:00,0,1,1,1,1,1,0,1.0,1,1,0
8daa140,2011-11-15T16:08:40+01:00,50,40,90,3,21,2,1,30.0,47,3,1
4f359a1,2011-11-15T16:17:54+01:00,3,3,6,1,1,1,0,6.0,6,1,1
e93c995,2011-11-15T16:21:07+01:00,1,1,2,1,1,1,0,2.0,2,1,0
73621c3,2011-11-15T16:49:14+01:00,9,14,23,1,7,1,0,23.0,23,1,1
a9431b6,2011-11-15T17:07:55+01:00,1,1,2,1,1,1,0,2.0,2,1,1
0cc5e09,2011-11-15T17:13:03+01:00,6,0,6,1,3,1,0,6.0,6,1,1
32dbec0,2011-11-15T17:23:48+01:00,13,12,25,1,3,1,0,25.0,25,1,0
fa0e167,2011-11-15T18:06:16+01:00,9,6,15,1,4,1,0,15.0,15,0,1
925ae20,2011-11-15T19:26:43+01:00,3,2,5,2,3,1,0,2.5,3,1,1
b8e371d,2011-11-15T20:12:52+01:00,8,10,18,1,4,1,0,18.0,18,1,0
e75c78e,2011-11-15T22:31:59+01:00,86,87,173,1,16,1,0,173.0,173,1,1
a85175a,2011-11-16T00:08:01+01:00,9,3,12,1,3,1,0,12.0,12,1,0
46eed14,2011-11-16T12:57:03+01:00,1,0,1,1,1,1,0,1.0,1,1,0
6235d7e,2011-11-16T14:38:13+01:00,3,4,7,1,3,1,0,7.0,7,1,1
db2b85c,2011-11-16T17:14:45+01:00,1,1,2,1,1,1,0,2.0,2,1,0
0b117d1,2011-11-16T18:53:41+01:00,1,1,2,1,1,1,0,2.0,2,1,0
dcd9c0f,2011-11-16T19:22:53+01:00,24,43,67,2,23,2,1,33.5,43,2,1
2d2fd03,2011-11-17T16:06:33+01:00,3,0,3,1,1,1,0,3.0,3,1,1
8d8feeb,2011-11-17T16:42:48+01:00,23,10,33,1,5,1,0,33.0,33,0,0
f8ef788,2011-11-19T20:37:47+01:00,13,12,25,1,4,1,0,25.0,25,1,1
3fa7af5,2011-11-22T15:54:15Z,1,1,2,1,1,1,0,2.0,2,0,0
684ad16,2011-11-22T19:27:58+01:00,15,1,16,2,3,2,1,8.0,9,2,1
255f9ad,2011-11-24T20:15:25+01:00,19,11,30,4,5,2,0,7.5,9,4,0
6359355,2011-11-24T22:49:06+01:00,35,29,64,1,17,1,0,64.0,64,1,1
18ea724,2011-11-25T00:08:58+01:00,83,80,163,1,36,1,0,163.0,163,1,1
2ba623c,2011-11-25T00:50:10+01:00,21,15,36,1,4,1,0,36.0,36,1,1
d44d4dd,2011-11-25T00:53:03+01:00,3,2,5,1,3,1,0,5.0,5,1,0
fa2c884,2011-11-25T17:32:23+01:00,9,8,17,1,6,1,0,17.0,17,1,1
9cac674,2011-11-25T17:38:41+01:00,40,82,122,7,27,3,1,17.43,34,4,1
773cc5f,2011-11-26T17:06:10+01:00,5,6,11,1,6,1,0,11.0,11,1,0
ee4b816,2011-11-26T17:11:14+01:00,1,0,1,1,1,1,0,1.0,1,0,0
1088d3c,2011-11-26T18:28:17+01:00,71,13,84,1,6,1,0,84.0,84,0,0
f34d978,2011-11-26T19:49:38+01:00,2,2,4,1,1,1,0,4.0,4,1,0
4357884,2011-11-28T16:11:35+01:00,3,1,4,1,1,1,0,4.0,4,1,1
469052a,2011-11-29T15:16:36-08:00,2,0,2,1,1,1,0,2.0,2,1,0
f0a22ee,2011-12-01T22:11:07+01:00,48,1,49,2,2,2,0,24.5,47,1,1
0efd5bc,2011-12-02T21:03:53+01:00,169,186,355,15,97,2,1,23.67,182,15,1
b759bd2,2011-12-02T21:06:43+01:00,1,1,2,1,1,1,0,2.0,2,1,0
2b43464,2011-12-02T22:26:21+01:00,1,1,2,1,1,1,0,2.0,2,1,1
52eeb1a,2011-12-02T22:43:58+01:00,23,1,24,2,2,2,0,12.0,22,1,0
18a02a8,2011-12-03T10:22:54-02:00,1,1,2,1,1,1,0,2.0,2,1,1
86d0b0b,2011-12-03T10:32:54-02:00,2,2,4,2,2,1,1,2.0,2,2,0
69c4a3f,2011-12-03T10:54:49-02:00,7,6,13,6,6,1,1,2.17,3,6,1
3e53c28,2011-12-04T21:30:38+01:00,68,12,80,2,8,2,1,40.0,61,2,1
25cb0e0,2011-12-04T21:31:17+01:00,7,0,7,1,1,1,0,7.0,7,0,1
ddb7e5a,2011-12-08T17:56:07+01:00,67,65,132,5,5,2,0,26.4,66,1,0
578789b,2011-12-09T15:31:06-02:00,11,2,13,2,3,2,1,6.5,9,2,0
605311d,2011-12-10T00:14:56Z,3,3,6,1,3,1,0,6.0,6,0,1
2895a6e,2011-12-10T00:42:42Z,22,22,44,1,18,1,0,44.0,44,0,1
9110db5,2011-12-10T12:28:34-02:00,4,0,4,1,1,1,1,4.0,4,1,0
82aa5b5,2011-12-15T16:22:39+01:00,3,4,7,1,2,1,0,7.0,7,1,0
33d35ff,2011-12-15T16:26:11+01:00,4,0,4,1,1,1,0,4.0,4,1,1
3ed0cf3,2011-12-17T14:54:28+01:00,7,5,12,1,2,1,0,12.0,12,1,1
f1a216c,2011-12-22T16:28:33+01:00,5,4,9,1,5,1,0,9.0,9,1,1
3d86eac,2011-12-22T16:29:10+01:00,6,1,7,2,2,2,1,3.5,5,2,0
3377233,2011-12-23T15:47:20+01:00,3,2,5,1,1,1,0,5.0,5,0,1
173d45d,2011-12-27T17:12:00+01:00,2,2,4,1,2,1,0,4.0,4,0,0
d646f82,2011-12-27T18:37:12+01:00,19,12,31,1,3,1,0,31.0,31,0,1
c24c561,2011-12-27T18:47:47+01:00,4,4,8,1,4,1,0,8.0,8,0,0
a45f67e,2011-12-28T18:30:48+01:00,8,3,11,1,2,1,0,11.0,11,1,0
794f119,2011-12-28T18:33:48+01:00,28,0,28,2,2,2,1,14.0,18,2,1
6946695,2011-12-28T19:58:57+01:00,28,9,37,2,9,2,1,18.5,20,2,1
661ce51,2011-12-30T22:14:09+01:00,13,0,13,2,2,2,1,6.5,8,2,0
47779bc,2011-12-30T22:16:17+01:00,3,3,6,1,4,1,0,6.0,6,1,0
04eade8,2011-12-30T22:21:21+01:00,14,5,19,1,3,1,0,19.0,19,1,0
10cf250,2012-01-10T16:21:15+04:00,13,7,20,1,8,1,0,20.0,20,1,0
5759dab,2012-01-11T02:00:52+04:00,0,1,1,1,1,1,0,1.0,1,1,0
a810ae4,2012-01-11T16:19:32+01:00,7,4,11,1,3,1,0,11.0,11,1,0
9d24735,2012-01-11T18:59:23-03:00,1,1,2,1,1,1,0,2.0,2,1,1
9ca2f9c,2012-01-11T19:04:27-03:00,1,1,2,1,1,1,0,2.0,2,1,0
c97a561,2012-01-13T16:53:51+01:00,1,1,2,1,1,1,0,2.0,2,0,0
31e736c,2012-01-13T18:10:09+01:00,10,10,20,1,8,1,0,20.0,20,1,1
83aa6a4,2012-01-13T18:21:00+01:00,11,24,35,7,15,1,1,5.0,13,7,0
c7f125b,2012-01-13T21:09:23+01:00,6,0,6,1,1,1,0,6.0,6,0,0
763d6e5,2012-01-25T06:51:49Z,1,1,2,1,1,1,0,2.0,2,1,0
b2b4309,2012-02-01T10:37:18+01:00,2,2,4,1,2,1,0,4.0,4,1,0
5283554,2012-02-01T10:40:58+01:00,2,0,2,1,2,1,0,2.0,2,0,0
aa10da7,2012-02-02T13:57:44+01:00,1,0,1,1,1,1,0,1.0,1,1,0
a1bc1c3,2012-02-07T18:27:22+01:00,42,11,53,1,10,1,0,53.0,53,1,1
74d1d34,2012-02-07T18:56:18+01:00,8,2,10,1,3,1,0,10.0,10,1,1
fc8f02f,2012-02-08T20:03:31+01:00,79,9,88,1,6,1,0,88.0,88,1,1
ace9fdf,2012-02-08T21:44:59+01:00,70,2,72,2,4,2,1,36.0,66,2,0
d259006,2012-02-08T21:46:10+01:00,4,0,4,1,1,1,1,4.0,4,1,0
42e26dc,2012-02-08T21:47:14+01:00,1,0,1,1,1,1,1,1.0,1,1,0
ebc93d1,2012-02-09T19:09:37+01:00,34,9,43,2,5,2,1,21.5,34,2,1
b350369,2012-02-11T19:42:27+01:00,2,2,4,1,1,1,1,4.0,4,1,1
50a2151,2012-02-11T19:42:43+01:00,2,1,3,1,2,1,0,3.0,3,1,1
efa628e,2012-02-13T15:02:06+01:00,3,3,6,1,2,1,0,6.0,6,1,0
e0ece7c,2012-02-14T20:00:35+01:00,1,1,2,1,1,1,0,2.0,2,0,0
0d73a07,2012-02-16T00:07:59-02:00,1,1,2,1,1,1,0,2.0,2,1,1
16ad05e,2012-02-16T00:29:58-02:00,6,1,7,2,2,2,1,3.5,5,2,0
ba57244,2012-02-17T15:04:06+01:00,1,1,2,1,1,1,0,2.0,2,1,1
9677046,2012-02-19T20:12:14-07:00,10,10,20,1,6,1,0,20.0,20,1,1
266b1b9,2012-02-22T20:37:09+01:00,1,2,3,1,1,1,0,3.0,3,1,1
7ea29f0,2012-02-23T13:04:28+01:00,1,1,2,1,1,1,0,2.0,2,0,0
52f20cd,2012-02-23T13:31:10+01:00,37,4,41,1,3,1,0,41.0,41,0,0
0f6296b,2012-02-23T19:42:35+01:00,3,0,3,1,1,1,0,3.0,3,0,0
18afaae,2012-02-29T21:24:18+01:00,1,1,2,1,1,1,0,2.0,2,1,0
423f2c9,2012-03-13T16:45:41+01:00,8,1,9,1,3,1,0,9.0,9,1,0
831c906,2012-03-15T14:50:06+01:00,154,120,274,3,20,3,1,91.33,165,2,1
82d2fa4,2012-03-24T22:59:59+02:00,1,0,1,1,1,1,0,1.0,1,0,0
7d1d824,2012-03-26T19:58:21+02:00,21,18,39,2,12,2,1,19.5,33,2,1
3090061,2012-03-29T22:26:46+03:00,4,4,8,2,4,1,0,4.0,6,0,1
e8c993c,2012-03-30T18:40:31+03:00,2,2,4,1,2,1,0,4.0,4,0,0
8cbd14c,2012-04-04T18:14:06+02:00,28,5,33,2,5,2,1,16.5,23,2,1
a21d716,2012-04-04T20:20:53+02:00,39,28,67,2,14,2,1,33.5,43,2,1
ecd4859,2012-04-06T01:08:24+08:00,3,1,4,1,2,1,0,4.0,4,1,0
4e304ab,2012-04-06T01:29:21+08:00,0,1,1,1,1,1,0,1.0,1,1,0
b2d2c38,2012-04-17T19:10:50+02:00,26,0,26,1,1,1,0,26.0,26,0,0
fec113e,2012-04-17T19:34:40+02:00,18,0,18,1,1,1,0,18.0,18,0,1
44f1f45,2012-04-19T22:54:53+02:00,41,51,92,1,12,1,0,92.0,92,1,1
db8e2dd,2012-04-22T00:36:20+02:00,49,1,50,1,1,1,0,50.0,50,0,1
9635006,2012-04-22T12:20:05+03:00,1,1,2,1,1,1,0,2.0,2,0,0
840ed70,2012-04-22T10:39:23+01:00,20,20,40,8,19,3,0,5.0,18,1,0
461c5a7,2012-04-26T19:12:07+02:00,203,152,355,2,5,1,0,177.5,200,0,0
de2c2a8,2012-05-02T17:34:02+03:00,1,1,2,1,1,1,1,2.0,2,1,0
59854c0,2012-05-05T17:54:20+02:00,16,7,23,2,5,2,0,11.5,13,1,1
1a2a72c,2012-05-10T10:01:47-04:00,3,0,3,1,1,1,0,3.0,3,1,0
85aa8c2,2012-05-14T16:26:37+02:00,7,2,9,1,1,1,0,9.0,9,1,1
f310de8,2012-05-14T11:52:41-07:00,1,1,2,1,1,1,0,2.0,2,1,0
9b24401,2012-05-29T17:45:11+02:00,23,10,33,2,6,2,1,16.5,24,2,1
59434bc,2012-05-30T16:45:29+02:00,3,3,6,1,3,1,0,6.0,6,1,0
955e098,2012-05-31T15:49:11+08:00,19,1,20,1,1,1,0,20.0,20,0,1
fba90b0,2012-06-04T18:01:02+02:00,10,4,14,1,1,1,0,14.0,14,1,0
9db6719,2012-06-16T21:06:09-07:00,1,1,2,1,1,1,0,2.0,2,0,0
6be6fe4,2012-06-24T12:40:54+04:00,1,1,2,1,1,1,0,2.0,2,1,1
4edde9b,2012-06-25T21:44:58+02:00,22,16,38,3,13,2,1,12.67,16,3,1
c8cc114,2012-06-26T00:35:40+02:00,25,6,31,2,6,2,0,15.5,20,1,0
70c14a5,2012-06-26T00:37:48+02:00,2,2,4,1,2,1,0,4.0,4,0,0
a3dcff4,2012-06-26T12:14:42+02:00,30,6,36,2,11,2,1,18.0,32,2,1
f40226d,2012-06-26T13:26:49+03:00,1,1,2,1,1,1,0,2.0,2,0,0
40567dd,2012-06-26T15:48:25+02:00,20,0,20,1,1,1,0,20.0,20,0,0
b6f8b7b,2012-06-27T11:33:30+03:00,1,1,2,1,1,1,0,2.0,2,0,0
ec11294,2012-07-02T21:25:31+02:00,76,37,113,1,26,1,0,113.0,113,0,1
acf5c41,2012-07-02T22:00:53+02:00,24,11,35,2,8,2,1,17.5,23,2,0
81d1c22,2012-07-02T22:01:17+02:00,10,6,16,1,5,1,0,16.0,16,0,0
07aaa58,2012-07-06T13:49:02-05:00,3,3,6,2,2,1,0,3.0,4,0,0
566239e,2012-07-07T16:47:41-03:00,1,1,2,1,1,1,0,2.0,2,1,0
7a7367f,2012-07-16T12:34:54+02:00,2,2,4,1,2,1,0,4.0,4,0,0
d0d3ba7,2012-07-17T15:36:44+02:00,2,1,3,1,2,1,0,3.0,3,0,1
b652c4f,2012-07-20T16:27:43+02:00,8,1,9,2,3,2,1,4.5,7,2,1
cecbd04,2012-07-20T20:53:09+02:00,10,9,19,1,5,1,0,19.0,19,1,0
c5d7521,2012-07-26T18:59:48+03:00,1,1,2,1,1,1,0,2.0,2,0,0
375a7d0,2012-07-31T01:49:17+02:00,194,3,197,1,4,1,0,197.0,197,1,1
82e4e5b,2012-08-01T02:39:18+02:00,81,214,295,2,37,2,1,147.5,277,2,1
9bdaa00,2012-08-01T03:41:51+02:00,12,13,25,1,4,1,0,25.0,25,1,1
7714442,2012-08-05T14:52:06+02:00,1,1,2,1,1,1,0,2.0,2,0,0
4047cda,2012-08-16T18:35:12+02:00,9,10,19,3,10,2,0,6.33,11,1,1
49c6593,2012-08-17T00:23:43+02:00,88,91,179,6,54,3,1,29.83,72,5,1
9d2f04a,2012-08-23T18:39:42+02:00,4,4,8,1,3,1,0,8.0,8,1,0
14020ae,2012-08-23T23:46:51+02:00,23,27,50,2,13,2,1,25.0,48,2,1
e3f240a,2012-08-24T12:16:11-03:00,1,1,2,1,1,1,0,2.0,2,0,0
2b1ed4f,2012-08-30T01:58:15+02:00,5,4,9,1,1,1,0,9.0,9,1,1
5238c61,2012-08-30T01:59:39+02:00,0,1,1,1,1,1,0,1.0,1,1,0
d729bcb,2012-09-05T02:12:43+02:00,2,2,4,1,2,1,0,4.0,4,0,0
cddc405,2012-09-11T11:45:08-07:00,11,11,22,1,5,1,0,22.0,22,0,0
4778411,2012-09-17T00:36:09+02:00,2,2,4,1,2,1,0,4.0,4,0,1
c5381b6,2012-09-19T08:11:13-03:00,1,1,2,1,1,1,0,2.0,2,1,1
bbfc49b,2012-09-20T15:48:56+10:00,1,1,2,1,1,1,0,2.0,2,1,0
7c45f07,2012-09-24T14:25:42+02:00,2,2,4,1,2,1,0,4.0,4,1,0
96645e8,2012-10-04T19:21:16+02:00,4,3,7,1,2,1,0,7.0,7,1,0
be36389,2012-10-09T17:12:39+02:00,12,7,19,4,8,2,0,4.75,7,1,0
a33e8bf,2012-10-09T19:31:03+02:00,1,1,2,1,1,1,0,2.0,2,1,0
5c86070,2012-10-09T19:41:50+02:00,1,1,2,1,1,1,0,2.0,2,1,0
21dafed,2012-10-10T17:20:15+02:00,15,15,30,1,11,1,0,30.0,30,1,1
611d997,2012-10-11T20:52:23+02:00,1,1,2,1,1,1,1,2.0,2,1,0
e371da5,2012-10-11T22:55:30+02:00,5,1,6,1,2,1,0,6.0,6,0,1
9e374ee,2012-10-17T21:05:35+02:00,12,4,16,1,2,1,0,16.0,16,1,1
94f5962,2012-10-17T22:50:51+02:00,2,3,5,1,2,1,0,5.0,5,1,0
26ac343,2012-10-17T23:30:09+02:00,6,3,9,1,4,1,0,9.0,9,0,0
6082c66,2012-10-20T00:16:57-05:00,3,3,6,1,3,1,0,6.0,6,0,1
e703eaa,2012-10-28T23:53:42+01:00,3,0,3,1,1,1,0,3.0,3,0,0
e2cedf2,2012-10-28T23:56:49+01:00,1,1,2,1,1,1,0,2.0,2,0,0
5f86c57,2012-11-04T16:51:55+01:00,41,1,42,3,4,2,0,14.0,21,2,0
b4005ff,2012-11-08T14:50:42+01:00,1,0,1,1,1,1,0,1.0,1,0,0
2432fc5,2012-11-09T18:19:16+08:00,9030,2,9032,16,17,2,0,564.5,1822,1,1
df37217,2012-11-21T15:54:32+01:00,1,1,2,1,1,1,0,2.0,2,1,0
30d2f4b,2012-11-27T09:50:23-08:00,13,0,13,3,3,3,1,4.33,10,2,1
776799d,2012-12-01T10:58:00-02:00,1,1,2,1,1,1,0,2.0,2,0,0
367e2d1,2012-12-01T23:01:05+03:00,1,1,2,1,1,1,0,2.0,2,0,0
178428d,2012-12-03T18:16:38+01:00,37,10,47,2,5,2,1,23.5,30,2,1
6e0cc29,2012-12-03T18:43:04+01:00,1,1,2,1,1,1,1,2.0,2,1,0
d08572b,2012-12-05T14:48:49-02:00,1,1,2,1,1,1,1,2.0,2,1,0
83f3ea8,2012-12-05T15:12:05-02:00,1,1,2,1,1,1,0,2.0,2,1,1
24aa079,2012-12-15T19:06:30-02:00,15,2,17,2,2,2,1,8.5,13,2,0
09986b8,2012-12-16T15:03:01+01:00,1,1,2,1,1,1,0,2.0,2,1,1
d4b1586,2012-12-16T15:44:47+01:00,40,21,61,1,11,1,0,61.0,61,1,1
71c05d3,2012-12-17T10:11:10-03:00,2,1,3,1,2,1,0,3.0,3,1,0
9aaad83,2012-12-19T16:10:39+01:00,2,1,3,1,2,1,0,3.0,3,0,0
6abd7dd,2012-12-24T15:39:01+01:00,1,1,2,1,1,1,0,2.0,2,1,0
705d672,2013-01-04T23:35:16+01:00,2,3,5,1,1,1,0,5.0,5,1,0
5af3631,2013-01-07T00:48:53+01:00,34,0,34,1,1,1,1,34.0,34,1,1
38d4718,2013-01-14T11:37:13-02:00,4,4,8,1,2,1,0,8.0,8,0,0
db8b801,2013-01-16T17:04:32+01:00,7,5,12,1,3,1,0,12.0,12,1,1
92dcb51,2013-01-21T13:18:58+01:00,14,7,21,2,5,2,1,10.5,11,2,1
a247635,2013-01-21T13:36:43+01:00,2,1,3,1,1,1,1,3.0,3,1,0
827b697,2013-01-24T09:35:32+08:00,1,0,1,1,1,1,0,1.0,1,0,0
2847888,2013-01-25T01:58:29+02:00,1,1,2,1,1,1,0,2.0,2,1,0
98a89a2,2013-01-28T18:57:22+01:00,30,1,31,4,5,3,1,7.75,11,3,0
17484d2,2013-01-31T21:13:03+01:00,1,1,2,1,1,1,0,2.0,2,1,1
634ba9d,2013-02-01T01:21:57+01:00,17,11,28,1,8,1,0,28.0,28,1,1
a853d84,2013-02-01T01:49:18+01:00,12,9,21,2,4,2,1,10.5,19,2,1
8e30e13,2013-02-01T18:08:51+01:00,124,16,140,2,17,2,1,70.0,106,2,1
dceff06,2013-02-01T10:42:07-08:00,1,1,2,1,1,1,0,2.0,2,1,1
564f3ff,2013-02-01T20:12:49+01:00,21,5,26,2,5,2,1,13.0,15,2,1
48dfa1f,2013-02-01T23:29:29+01:00,26,1,27,2,4,2,1,13.5,17,2,1
0f308c2,2013-02-05T15:59:32+04:00,1,1,2,1,1,1,0,2.0,2,0,0
2577cff,2013-02-11T19:14:06+01:00,35,18,53,2,11,2,1,26.5,39,2,1
eeae221,2013-02-12T05:18:50-08:00,6,1,7,1,1,1,0,7.0,7,1,1
b18a938,2013-02-13T03:00:15+01:00,76,23,99,2,9,2,0,49.5,96,1,1
94494a5,2013-02-13T16:11:01+01:00,5,1,6,1,2,1,0,6.0,6,1,0
910af82,2013-02-15T17:51:36+01:00,3,3,6,2,2,2,0,3.0,4,1,0
4044711,2013-02-15T23:46:57+01:00,139,37,176,3,23,2,0,58.67,173,1,1
0ba22fa,2013-02-17T01:44:35+08:00,447,179,626,1,111,1,0,626.0,626,0,1
62dbb99,2013-02-17T02:22:59+08:00,17,20,37,1,8,1,0,37.0,37,0,0
8314215,2013-02-17T02:24:31+08:00,1,1,2,1,1,1,0,2.0,2,0,0
64b763a,2013-02-17T02:28:31+08:00,305,154,459,4,149,1,0,114.75,177,0,0
34a2da7,2013-02-17T02:30:28+08:00,7,7,14,1,5,1,0,14.0,14,0,0
79cf802,2013-02-17T14:12:16+01:00,12,6,18,1,4,1,0,18.0,18,1,0
9328efc,2013-02-17T14:14:31+01:00,59,0,59,1,1,1,0,59.0,59,1,1
166251b,2013-02-17T14:30:10+01:00,5,3,8,1,4,1,0,8.0,8,1,1
c164040,2013-02-17T15:10:43+01:00,1,1,2,1,1,1,0,2.0,2,1,0
1045526,2013-02-17T15:45:33+01:00,13,1,14,2,3,2,1,7.0,9,2,0
58ccccd,2013-02-27T00:06:04+01:00,2,1,3,1,2,1,0,3.0,3,0,0
ff090df,2013-02-27T08:47:33+01:00,5,3,8,1,5,1,0,8.0,8,1,0
6eb7936,2013-03-14T16:49:40+02:00,8,0,8,1,2,1,0,8.0,8,1,0
41169b7,2013-03-22T09:41:21+01:00,7,7,14,1,7,1,0,14.0,14,0,0
1b6a95f,2013-03-22T16:25:04+01:00,0,27,27,1,3,1,0,27.0,27,1,0
900412f,2013-03-22T16:30:38+01:00,3,3,6,1,1,1,0,6.0,6,1,0
2d20c98,2013-03-22T16:33:30+01:00,1,4,5,2,2,2,1,2.5,3,2,0
3982dc2,2013-03-22T16:40:29+01:00,0,21,21,1,1,1,0,21.0,21,1,0
2f60328,2013-03-22T18:53:09+01:00,7,4,11,1,4,1,0,11.0,11,1,0
579c89c,2013-03-22T19:17:25+01:00,44,26,70,1,6,1,0,70.0,70,1,0
0128fd1,2013-03-27T00:02:50+11:00,1,1,2,1,1,1,0,2.0,2,0,0
29abc97,2013-03-26T21:28:05+01:00,105,105,210,2,23,2,1,105.0,209,2,1
0f21890,2013-04-09T14:42:40+02:00,1,1,2,1,1,1,0,2.0,2,1,0
b541e99,2013-04-09T14:45:28+02:00,3,1,4,1,2,1,0,4.0,4,1,0
6bbf828,2013-04-09T20:13:50-04:00,4,1,5,1,1,1,0,5.0,5,1,1
a0df19f,2013-04-20T17:05:02+08:00,40,30,70,5,20,1,0,14.0,40,0,0
2c86c2d,2013-04-21T10:47:48+03:00,1,1,2,1,1,1,1,2.0,2,1,0
59e2d55,2013-04-21T10:52:24+03:00,11,5,16,3,11,1,1,5.33,10,3,0
ddce3a8,2013-04-21T10:54:29+03:00,4,15,19,9,14,1,1,2.11,5,9,0
0263ddd,2013-04-21T21:08:46-03:00,1,1,2,1,1,1,0,2.0,2,1,0
15d040d,2013-05-06T08:03:55-07:00,2,2,4,1,2,1,0,4.0,4,1,0
74424b7,2013-05-15T02:19:59-03:00,1,1,2,1,1,1,0,2.0,2,0,0
193fc0b,2013-05-21T20:40:10+02:00,1,1,2,1,1,1,0,2.0,2,1,0
832b8c8,2013-05-21T21:23:33+02:00,1,1,2,1,1,1,0,2.0,2,1,0
1fd4404,2013-05-21T21:23:40+02:00,30,30,60,2,21,1,1,30.0,58,2,0
806f6f6,2013-05-21T22:21:54+02:00,1,0,1,1,1,1,0,1.0,1,0,0
6e78cb3,2013-05-21T22:22:07+02:00,2,2,4,1,2,1,1,4.0,4,1,0
67d27ff,2013-05-21T23:04:06+02:00,2,2,4,1,2,1,0,4.0,4,0,0
12d0034,2013-05-22T16:02:35+02:00,49,37,86,7,16,2,1,12.29,31,3,1
981caa7,2013-05-30T17:39:44+02:00,5,1,6,1,2,1,1,6.0,6,1,0
b00d529,2013-05-30T17:43:57+02:00,6,2,8,1,3,1,0,8.0,8,0,1
42066b1,2013-05-30T22:30:29+02:00,1,839,840,22,19,4,0,38.18,254,7,0
9904744,2013-05-30T22:39:25+02:00,62,0,62,1,1,1,1,62.0,62,1,1
f098043,2013-06-03T02:04:05-03:00,1,1,2,1,1,1,0,2.0,2,0,0
079587f,2013-06-03T17:41:34-04:00,10,0,10,1,2,1,0,10.0,10,1,0
54a82e4,2013-06-04T01:09:52+02:00,17,12,29,2,5,2,1,14.5,22,2,1
2743c74,2013-06-04T01:14:00+02:00,5,2,7,1,2,1,1,7.0,7,1,1
9e3f34c,2013-06-05T00:09:28+02:00,23,6,29,2,7,2,1,14.5,17,2,1
1a649a7,2013-06-05T21:19:40+09:00,2,2,4,1,2,1,0,4.0,4,1,1
f7665db,2013-06-07T03:51:58-03:00,2,2,4,1,2,1,0,4.0,4,1,0
663bad8,2013-06-15T23:37:04+02:00,13,7,20,1,2,1,0,20.0,20,1,1
069f25e,2013-06-16T01:28:53+02:00,34,36,70,1,13,1,0,70.0,70,1,1
7179c91,2013-06-16T01:54:26+02:00,24,23,47,1,9,1,0,47.0,47,1,1
e803cd3,2013-06-16T12:23:45+02:00,38,20,58,1,8,1,0,58.0,58,1,1
1d102e7,2013-06-16T12:53:20+02:00,9,11,20,1,7,1,0,20.0,20,1,1
540a5b6,2013-06-16T12:55:04+02:00,4,3,7,1,2,1,0,7.0,7,1,1
0809206,2013-06-16T14:34:40+02:00,2,1,3,1,1,1,0,3.0,3,1,1
1dacc7b,2013-06-16T14:45:48+02:00,8,6,14,1,4,1,0,14.0,14,1,1
436fd04,2013-06-17T18:15:18+02:00,47,2,49,2,5,2,1,24.5,29,2,1
b13c93e,2013-06-17T18:15:35+02:00,14,0,14,2,2,1,1,7.0,13,2,1
bf8b48b,2013-06-17T18:40:42+02:00,12,6,18,1,5,1,0,18.0,18,1,1
9e0cede,2013-06-17T19:19:48+02:00,21,3,24,1,1,1,1,24.0,24,1,0
0ed6ccf,2013-06-17T19:24:14+02:00,28,33,61,1,4,1,0,61.0,61,1,1
f88de4a,2013-06-17T20:27:16+02:00,59,56,115,2,13,2,1,57.5,110,2,1
9460480,2013-06-17T20:35:51+02:00,0,20,20,1,1,1,0,20.0,20,0,0
651b93a,2013-06-17T20:39:53+02:00,4,4,8,1,1,1,0,8.0,8,1,0
96c9338,2013-06-17T20:50:37+02:00,4,4,8,1,1,1,0,8.0,8,1,1
1ac60b2,2013-06-17T20:53:36+02:00,1,0,1,1,1,1,0,1.0,1,0,0
0f55d6d,2013-06-21T16:23:12+02:00,9,2,11,2,3,2,1,5.5,7,2,0
cc3400f,2013-06-21T20:25:31+02:00,62,76,138,1,14,1,0,138.0,138,1,1
6585296,2013-06-21T20:35:24+02:00,7,2,9,1,2,1,1,9.0,9,1,0
a9f2029,2013-06-22T22:31:37+08:00,1,1,2,1,1,1,0,2.0,2,1,0
90b7cec,2013-06-26T01:17:57+02:00,103,8,111,2,9,2,1,55.5,73,2,1
ad038fa,2013-06-26T17:27:11+08:00,1,1,2,1,1,1,0,2.0,2,0,0
74fe0b9,2013-07-01T21:17:56+02:00,11,10,21,2,5,2,1,10.5,13,2,1
321ccb5,2013-07-03T01:06:36+02:00,165,8,173,4,7,3,1,43.25,141,2,0
1916796,2013-07-04T15:07:09+02:00,2,2,4,1,2,1,0,4.0,4,1,0
bf339a1,2013-07-04T15:11:43+02:00,10,0,10,1,3,1,0,10.0,10,1,0
a00a438,2013-07-04T15:29:05+02:00,5,1,6,2,2,2,1,3.0,4,2,0
f493648,2013-07-16T19:53:11+02:00,82,53,135,3,35,2,1,45.0,111,3,1
642b549,2013-07-16T20:33:20+02:00,2,1,3,2,2,1,1,1.5,2,2,0
5029b28,2013-07-16T21:29:41+02:00,57,30,87,2,22,2,0,43.5,85,1,0
9167586,2013-07-17T16:10:45+08:00,0,1,1,1,1,1,1,1.0,1,1,0
fa398db,2013-07-25T23:25:29+02:00,1,1,2,1,1,1,0,2.0,2,0,0
e1b781e,2013-07-26T02:33:39+02:00,2,2,4,1,2,1,0,4.0,4,0,0
9f17841,2013-07-26T05:11:42+02:00,1,1,2,1,1,1,0,2.0,2,0,0
b7ef72b,2013-07-26T18:31:31+02:00,3,3,6,1,1,1,0,6.0,6,0,1
d66f335,2013-07-26T19:54:26+02:00,1,1,2,1,1,1,0,2.0,2,0,0
a66a0c7,2013-07-26T21:35:19+02:00,28,26,54,1,14,1,0,54.0,54,0,0
dda9664,2013-07-26T22:00:51+02:00,19,11,30,1,8,1,0,30.0,30,0,0
7956cfb,2013-07-27T14:19:41+02:00,10,10,20,6,10,2,0,3.33,4,0,0
f899a84,2013-07-28T19:06:37+02:00,7,4,11,1,1,1,0,11.0,11,1,1
a8ab5cd,2013-07-29T12:45:36+02:00,2,2,4,2,2,1,0,2.0,2,0,1
923188c,2013-07-29T12:53:28+02:00,1,1,2,1,1,1,0,2.0,2,0,0
91a8557,2013-07-30T19:03:59+02:00,2,2,4,1,2,1,0,4.0,4,1,0
bfdf0a6,2013-08-06T17:01:40-07:00,1,1,2,1,1,1,0,2.0,2,1,1
7c021c5,2013-08-09T18:41:39+08:00,297,0,297,1,1,1,0,297.0,297,0,0
d360bce,2013-08-09T18:42:04+08:00,516,446,962,7,324,1,0,137.43,400,0,0
5a5c479,2013-08-20T15:34:49-07:00,3,1,4,1,1,1,0,4.0,4,1,1
4073403,2013-08-25T16:22:06+02:00,3,3,6,1,1,1,0,6.0,6,1,0
6fd5558,2013-08-25T16:22:20+02:00,27,9,36,2,7,2,1,18.0,30,2,1
af547f4,2013-08-25T16:51:13+02:00,19,7,26,1,6,1,0,26.0,26,1,1
d1c339c,2013-08-26T23:09:32+02:00,92,112,204,3,43,3,1,68.0,176,2,1
e82dbcb,2013-08-27T14:46:01+02:00,2,2,4,1,2,1,0,4.0,4,1,0
154369b,2013-09-02T17:46:40+02:00,0,2,2,1,1,1,0,2.0,2,1,0
d131b13,2013-09-05T20:19:20-06:00,13,0,13,1,2,1,0,13.0,13,1,0
86d60ff,2013-09-06T23:43:16+04:00,4,4,8,1,4,1,0,8.0,8,1,0
ed71b7a,2013-09-13T23:49:17-04:00,5,1,6,1,1,1,0,6.0,6,1,1
5d1a6fe,2013-09-30T22:15:41+08:00,1,1,2,1,1,1,0,2.0,2,0,0
22c3aeb,2013-10-02T10:03:00-03:00,1,1,2,1,1,1,0,2.0,2,0,0
de7723e,2013-10-02T16:57:26+02:00,1,1,2,1,1,1,0,2.0,2,0,0
9459599,2013-10-18T21:35:07+02:00,2,32,34,3,8,3,1,11.33,21,2,0
2b666ab,2013-10-21T17:48:47+02:00,1,1,2,1,1,1,0,2.0,2,1,0
f6c3050,2013-11-01T03:27:49+01:00,14,17,31,1,7,1,0,31.0,31,1,0
077cc46,2013-11-01T16:20:43+01:00,84,7,91,2,6,2,1,45.5,57,2,1
64c1c8b,2013-11-13T17:19:36+01:00,7,1,8,2,2,1,0,4.0,5,1,1
108a14b,2013-11-15T21:04:59+07:00,3,3,6,1,3,1,0,6.0,6,0,0
cade98e,2013-11-29T00:20:20+01:00,25,11,36,3,9,2,1,12.0,15,3,1
27760af,2013-12-03T17:46:52+01:00,16,56,72,1,19,1,0,72.0,72,1,1
76e5e43,2013-12-03T18:00:23+01:00,1,1,2,1,1,1,0,2.0,2,1,0
daeb2dd,2013-12-03T18:18:29+01:00,5,1,6,2,2,2,0,3.0,4,1,0
5e12207,2013-12-03T19:19:44+02:00,1,1,2,1,1,1,0,2.0,2,1,1
b839672,2013-12-03T18:21:42+01:00,0,4,4,1,2,1,0,4.0,4,0,0
1833efb,2013-12-03T19:29:18+01:00,6,2,8,2,3,1,0,4.0,6,1,0
480f449,2013-12-03T21:41:05+01:00,21,184,205,7,30,3,1,29.29,106,4,0
3cfe703,2013-12-03T22:00:49+01:00,4,2,6,1,4,1,1,6.0,6,1,0
ac41a89,2013-12-03T23:29:36+01:00,7,2,9,2,3,2,1,4.5,7,2,1
ae0aa21,2013-12-04T10:23:41+01:00,14,13,27,3,10,2,1,9.0,16,3,1
b3a7dd6,2013-12-11T14:57:42+01:00,5,1,6,1,3,1,1,6.0,6,1,0
eb41475,2013-12-18T14:26:54+01:00,37,12,49,3,14,3,1,16.33,33,2,1
e208239,2014-01-16T13:55:06+09:00,2,2,4,1,2,1,0,4.0,4,1,0
619a010,2014-01-19T10:55:01Z,3,3,6,1,3,1,0,6.0,6,0,0
ae05929,2014-02-02T01:35:13+04:00,2,2,4,2,2,2,0,2.0,2,1,0
1098703,2014-02-04T15:37:55+01:00,1,0,1,1,1,1,0,1.0,1,1,0
9b3ade8,2014-02-04T18:50:14+01:00,5,2,7,2,3,2,1,3.5,5,2,1
a2962b1,2014-02-05T23:04:41+01:00,15,2,17,2,3,2,1,8.5,10,2,0
1fcf81a,2014-02-06T09:55:37-06:00,20,12,32,2,9,2,1,16.0,24,2,1
e2f38a3,2014-02-06T10:33:07-06:00,15,0,15,1,1,1,0,15.0,15,0,0
73ebdea,2014-02-06T10:45:17-06:00,21,0,21,2,2,1,0,10.5,20,0,1
f566b8d,2014-02-06T11:03:51-06:00,2,1,3,2,2,1,0,1.5,2,0,0
37443d4,2014-02-06T11:13:45-06:00,1,1,2,1,1,1,0,2.0,2,0,0
75b1208,2014-02-06T11:49:13-06:00,0,2,2,1,1,1,0,2.0,2,0,0
266ac29,2014-02-06T12:15:59-06:00,0,2,2,1,2,1,0,2.0,2,0,0
fcd7fc5,2014-02-07T05:38:11-06:00,9,9,18,1,7,1,0,18.0,18,1,1
1bb0017,2014-02-07T06:03:55-06:00,27,5,32,4,6,2,0,8.0,16,2,0
69b481f,2014-02-07T06:08:28-06:00,1,1,2,1,1,1,0,2.0,2,1,0
97b5605,2014-02-08T02:46:01Z,50,25,75,4,14,2,0,18.75,67,1,1
94fc1e4,2014-02-08T22:09:33+01:00,2,2,4,2,2,2,0,2.0,2,1,0
9889a7c,2014-02-11T17:14:26-08:00,1,0,1,1,1,1,0,1.0,1,1,0
ad63f4c,2014-02-25T16:54:34+01:00,0,515,515,8,8,2,0,64.38,102,6,0
9169dd4,2014-03-01T13:51:45+01:00,9,14,23,6,10,3,0,3.83,10,1,0
c7efc4d,2014-03-06T16:33:51+01:00,9,0,9,2,2,2,1,4.5,6,2,0
113afff,2014-03-11T15:05:46-03:00,1,1,2,1,1,1,0,2.0,2,0,0
6650800,2014-03-12T00:32:55-07:00,2,2,4,1,2,1,0,4.0,4,1,0
f7c4008,2014-03-12T16:07:38-03:00,2,1,3,1,1,1,0,3.0,3,0,0
5c59ec6,2014-03-16T23:03:51Z,23,2,25,1,2,1,0,25.0,25,0,0
1f2f23e,2014-03-26T15:46:23-03:00,3,0,3,1,1,1,0,3.0,3,0,0
3e7b697,2014-03-27T09:45:48-03:00,2,1,3,1,2,1,0,3.0,3,0,0
95bc65e,2014-04-05T14:30:21+01:00,2,1,3,1,1,1,0,3.0,3,1,0
33f6fbe,2014-04-11T19:44:31-03:00,4,1,5,1,1,1,0,5.0,5,1,0
915012a,2014-04-13T22:34:23+02:00,1,1,2,1,1,1,0,2.0,2,1,0
6f9485e,2014-04-13T23:06:56+02:00,11,7,18,6,9,2,0,3.0,6,1,1
33b1683,2014-04-13T23:30:10+02:00,215,210,425,1,178,1,0,425.0,425,1,1
ebe2e52,2014-04-16T08:04:21+01:00,2,2,4,1,2,1,0,4.0,4,0,0
7c32268,2014-04-25T22:21:58+02:00,11,1,12,2,2,2,1,6.0,9,2,0
daaf004,2014-04-29T15:29:30+02:00,1,0,1,1,1,1,0,1.0,1,0,0
2bd6d66,2014-04-29T19:21:41+02:00,1,0,1,1,1,1,0,1.0,1,1,0
8611f5c,2014-04-29T19:23:44+02:00,4,1,5,1,2,1,0,5.0,5,0,0
e499c6e,2014-05-03T10:30:17-03:00,2,0,2,1,1,1,0,2.0,2,1,1
aab40a0,2014-05-03T10:53:58-03:00,1,0,1,1,1,1,0,1.0,1,0,0
52014fa,2014-05-04T11:46:36-05:00,12,5,17,1,3,1,0,17.0,17,1,0
27f381d,2014-05-04T11:51:47-05:00,3,2,5,1,3,1,0,5.0,5,1,0
d61495d,2014-05-04T11:54:33-05:00,15,2,17,1,3,1,0,17.0,17,1,0
623b260,2014-05-04T12:04:23-05:00,3,0,3,1,1,1,0,3.0,3,1,0
f1d668b,2014-05-05T09:35:29+02:00,12,12,24,5,9,1,1,4.8,8,5,0
21a2d4a,2014-05-10T00:48:31Z,1,1,2,1,1,1,0,2.0,2,0,0
5bf2ab2,2014-05-20T19:51:40+02:00,1,0,1,1,1,1,0,1.0,1,1,0
3ec966b,2014-05-24T22:31:28-04:00,12,1,13,2,2,2,1,6.5,8,2,0
3311520,2014-06-03T14:42:41-04:00,7,3,10,1,2,1,0,10.0,10,1,1
ed47f10,2014-06-09T18:12:32+02:00,3,5,8,1,3,1,0,8.0,8,1,0
d709bfa,2014-06-09T18:13:03+02:00,4,2,6,2,3,2,1,3.0,5,2,0
bc312ae,2014-06-09T21:07:49+02:00,2,2,4,1,2,1,0,4.0,4,1,0
6fb03c2,2014-06-09T19:08:05Z,12,0,12,1,1,1,0,12.0,12,0,1
c57ef1a,2014-06-13T13:04:04-07:00,1,1,2,1,1,1,0,2.0,2,1,0
03865a3,2014-06-13T13:05:07-07:00,1,0,1,1,1,1,0,1.0,1,0,0
622ee60,2014-06-29T16:08:09+02:00,19,27,46,2,2,1,1,23.0,27,2,0
c4ea59e,2014-08-11T12:09:07-04:00,5,1,6,1,1,1,0,6.0,6,1,1
8c909e4,2014-08-19T22:01:37+04:00,2,2,4,1,2,1,0,4.0,4,1,0
aaef83b,2014-08-26T09:51:13-04:00,1,1,2,1,1,1,0,2.0,2,1,0
12f70a8,2014-09-15T10:38:40+08:00,2,2,4,1,2,1,0,4.0,4,1,1
2efe2d7,2014-09-16T11:17:40+08:00,7,6,13,1,3,1,0,13.0,13,1,0
60949ba,2014-09-17T21:39:08-07:00,7,0,7,1,1,1,0,7.0,7,0,0
5fc8b18,2014-09-23T21:41:38+01:00,1,1,2,1,1,1,0,2.0,2,1,0
bb05e24,2014-10-02T13:42:40+02:00,4,4,8,1,3,1,0,8.0,8,1,0
8295f1a,2014-10-02T13:43:18+02:00,2,2,4,2,2,1,0,2.0,2,0,0
9281f03,2014-10-02T13:43:40+02:00,1,0,1,1,1,1,0,1.0,1,1,0
58494ce,2014-10-07T20:36:41+02:00,2,2,4,1,2,1,0,4.0,4,1,0
c0b3c0d,2014-10-13T22:52:26+02:00,24,3,27,2,5,2,1,13.5,16,2,1
ba10495,2014-10-15T23:07:28+02:00,1,1,2,1,1,1,0,2.0,2,1,0
5288ccb,2014-10-22T22:11:04+02:00,4,2,6,1,1,1,0,6.0,6,1,0
f27a9a3,2014-10-31T17:27:24+01:00,1,1,2,1,1,1,0,2.0,2,1,0
cb7a333,2014-10-31T10:58:00-07:00,1,1,2,1,1,1,0,2.0,2,1,0
985f9c5,2014-11-03T17:57:19Z,1,1,2,1,1,1,0,2.0,2,1,0
884ef30,2014-11-06T14:18:20+08:00,32,0,32,2,3,2,1,16.0,29,2,0
144929b,2014-11-06T14:22:48+08:00,1,0,1,1,1,1,0,1.0,1,0,0
d029883,2014-11-07T18:40:35+01:00,6,1,7,2,2,2,1,3.5,5,2,1
87056f2,2014-11-20T08:41:01-08:00,1,1,2,1,1,1,0,2.0,2,0,0
35853b8,2014-11-27T02:41:54-02:00,1,1,2,1,1,1,0,2.0,2,0,0
dae51d7,2014-11-27T16:52:55-02:00,2,2,4,1,2,1,0,4.0,4,1,0
9b2462d,2014-11-27T20:14:21-02:00,4,0,4,1,1,1,0,4.0,4,0,0
40fa1ca,2014-11-28T15:45:42+01:00,1,1,2,1,1,1,0,2.0,2,1,0
7c23136,2014-11-29T16:29:21+01:00,3,0,3,1,1,1,1,3.0,3,1,0
58e6608,2014-12-01T14:48:19+01:00,26,18,44,2,6,2,1,22.0,27,2,1
cea519c,2014-12-08T18:44:51+01:00,117,124,241,9,40,3,0,26.78,169,1,0
2201e07,2014-12-08T19:28:32+01:00,88,81,169,1,16,1,0,169.0,169,1,1
db0262e,2014-12-21T19:00:32Z,37,19,56,1,3,1,0,56.0,56,1,1
8a5bfe2,2014-12-26T23:19:46Z,33,6,39,2,9,2,1,19.5,27,2,0
5732506,2014-12-27T04:26:20Z,4,5,9,1,4,1,0,9.0,9,1,0
d0bae1d,2014-12-27T04:45:35Z,12,9,21,1,8,1,0,21.0,21,1,0
8f42700,2014-12-28T17:46:24+01:00,1,1,2,1,1,1,0,2.0,2,1,1
642e8b1,2014-12-28T19:30:34+01:00,1,1,2,1,1,1,0,2.0,2,0,0
854fbd7,2015-01-01T18:50:14+01:00,8,8,16,1,7,1,0,16.0,16,1,1
b255427,2015-01-04T16:55:20+01:00,85,64,149,4,48,1,0,37.25,135,0,1
8e898e4,2015-01-10T19:26:32Z,1,1,2,1,1,1,0,2.0,2,1,0
c7e7d67,2015-01-11T15:43:26-02:00,1,2,3,1,2,1,0,3.0,3,0,0
0ebe66e,2015-01-22T17:56:46-02:00,10,5,15,1,5,1,0,15.0,15,1,1
44814ca,2015-01-22T17:57:41-02:00,84,0,84,1,1,1,0,84.0,84,0,0
4d6203f,2015-01-22T19:01:20-02:00,14042,8031,22073,42,616,7,0,525.55,2088,0,1
42762a4,2015-01-22T19:03:34-02:00,6775,0,6775,33,16,4,0,205.3,1363,0,1
a4faa5a,2015-01-22T19:04:23-02:00,15832,0,15832,31,31,4,0,510.71,1762,0,1
4285551,2015-01-22T19:07:20-02:00,5,20,25,2,3,2,0,12.5,19,1,1
4b9bc4f,2015-01-22T19:37:20-02:00,1,0,1,1,1,1,0,1.0,1,0,0
213e750,2015-01-22T19:48:48-02:00,3,0,3,1,1,1,0,3.0,3,0,0
b1f970a,2015-01-23T00:19:10-02:00,26,23,49,1,23,1,0,49.0,49,0,0
87fe329,2015-02-15T23:30:30+08:00,26,16,42,2,7,2,1,21.0,40,2,1
2fdaa8b,2015-02-18T18:21:09-05:00,7,1,8,1,2,1,0,8.0,8,0,0
88532e0,2015-03-09T02:38:35Z,1,1,2,1,1,1,0,2.0,2,0,0
b45d34d,2015-03-09T01:48:25-03:00,7,7,14,1,7,1,0,14.0,14,0,0
9443f91,2015-03-09T01:55:46-03:00,6,6,12,1,6,1,0,12.0,12,0,0
4829092,2015-03-09T19:11:21Z,34,0,34,1,1,1,1,34.0,34,1,1
599abe5,2015-03-09T19:11:52Z,1,1,2,1,1,1,0,2.0,2,1,0
c610508,2015-03-09T19:30:00Z,6,1,7,1,1,1,1,7.0,7,1,0
f8859c6,2015-03-12T20:56:27-07:00,1,1,2,1,1,1,0,2.0,2,0,0
69529eb,2015-03-17T11:18:02-07:00,2,1,3,1,2,1,0,3.0,3,1,0
0d4b535,2015-03-23T13:44:43+01:00,20,0,20,1,1,1,1,20.0,20,1,0
5721333,2015-03-23T13:46:13+01:00,12,1,13,1,2,1,0,13.0,13,1,1
dd43501,2015-03-23T19:47:15Z,8,8,16,4,8,1,0,4.0,10,0,0
a15af45,2015-03-24T14:44:14+01:00,5,1,6,1,2,1,0,6.0,6,1,0
8cc570f,2015-03-24T10:50:44-03:00,4,0,4,1,1,1,0,4.0,4,0,0
72e0927,2015-03-24T15:41:56+01:00,26,5,31,21,9,5,0,1.48,19,2,0
bab667c,2015-03-24T17:15:17+01:00,1,1,2,1,1,1,0,2.0,2,1,1
563d55f,2015-03-31T17:04:13-03:00,1,0,1,1,1,1,0,1.0,1,0,0
bda4962,2015-04-01T19:18:40+02:00,517,342,859,1,261,1,0,859.0,859,1,1
cec4f3f,2015-04-01T20:42:37+02:00,25,1,26,2,2,2,1,13.0,14,2,1
91047bc,2015-04-25T23:56:02-06:00,15,0,15,1,1,1,0,15.0,15,0,0
6d4e0ad,2015-04-29T11:30:34+08:00,1,0,1,1,1,1,0,1.0,1,0,0
1aa1554,2015-05-30T00:42:39+05:30,1,20,21,1,3,1,0,21.0,21,0,0
7190a51,2015-06-11T08:56:30-04:00,1,1,2,1,1,1,0,2.0,2,1,0
7ad07e5,2015-06-14T18:58:40+02:00,1,2,3,1,1,1,0,3.0,3,1,0
26aecf9,2015-06-14T19:31:26+02:00,22,0,22,2,2,2,1,11.0,20,2,1
7ef59d3,2015-06-14T19:36:38+02:00,1,1,2,1,1,1,0,2.0,2,1,0
0cbdc48,2015-06-19T01:24:57-04:00,1,1,2,1,1,1,0,2.0,2,0,0
a9b663a,2015-07-08T17:21:48+03:00,7,5,12,1,2,1,0,12.0,12,1,0
c12ec2e,2015-07-19T13:53:04+02:00,12,3,15,2,4,2,1,7.5,12,2,0
3991f26,2015-07-24T17:54:33+08:00,14,3,17,2,4,2,1,8.5,11,2,1
606cb95,2015-07-31T13:26:48+10:00,6,1,7,1,2,1,0,7.0,7,1,1
4b12238,2015-08-02T11:11:03+09:00,2,3,5,1,3,1,0,5.0,5,0,0
727ce6d,2015-08-03T23:00:28+02:00,96,35,131,2,26,2,0,65.5,117,1,1
0c650cd,2015-09-11T13:47:36+01:00,21,0,21,3,6,2,1,7.0,11,3,0
8c407cc,2015-09-11T13:51:05+01:00,1,0,1,1,1,1,0,1.0,1,1,0
7fca9d2,2015-09-11T14:40:37+01:00,2,2,4,1,1,1,0,4.0,4,1,0
bcb5cae,2015-09-11T15:55:01+01:00,1,3,4,1,3,1,0,4.0,4,1,0
8419a4e,2015-09-11T16:57:40+01:00,21,8,29,3,5,2,1,9.67,12,3,0
6fd2aae,2015-10-11T10:21:43+01:00,20,1,21,1,2,1,0,21.0,21,1,1
8342490,2015-10-11T13:31:04+01:00,3,3,6,1,3,1,1,6.0,6,1,1
f9f5ff6,2015-10-11T13:32:17+01:00,1,0,1,1,1,1,0,1.0,1,0,0
2647a36,2015-10-11T18:52:13+01:00,1,1,2,1,1,1,0,2.0,2,1,0
5b893e2,2015-10-11T20:55:58+02:00,3,5,8,1,4,1,0,8.0,8,1,1
1096cff,2015-10-11T21:11:46+02:00,4,2,6,1,2,1,0,6.0,6,1,0
c6fd201,2015-10-11T21:18:35+02:00,1,1,2,1,1,1,0,2.0,2,1,1
d85a698,2015-10-31T22:36:29+01:00,22,38,60,1,6,1,0,60.0,60,1,1
b24483e,2015-10-31T22:59:59+01:00,4,5,9,1,5,1,0,9.0,9,1,1
8db7d38,2015-10-31T23:45:00+01:00,39,1,40,3,6,2,1,13.33,26,3,1
1a2c4da,2015-10-31T23:55:44+01:00,9,1,10,1,2,1,0,10.0,10,1,1
3334338,2015-11-04T14:06:27+11:00,11,4,15,1,4,1,0,15.0,15,1,0
5d5d946,2015-11-14T12:10:16-05:00,3,0,3,1,1,1,0,3.0,3,0,0
d17f0c1,2015-11-28T09:44:06+01:00,168,183,351,24,65,2,1,14.62,53,23,1
d0eb91e,2015-11-28T10:08:40+01:00,1,1,2,1,1,1,1,2.0,2,1,0
49fcac9,2015-11-28T11:03:01+01:00,16,2,18,2,2,2,1,9.0,11,2,1
b7e2975,2015-11-28T12:19:13+01:00,2,2,4,2,2,1,0,2.0,2,1,0
de01f1c,2015-11-28T13:54:42+01:00,88,7,95,2,9,2,1,47.5,49,2,0
e456b4f,2015-12-07T12:44:45+01:00,80,34,114,4,17,2,1,28.5,95,4,1
d2127e0,2015-12-07T13:57:22+01:00,4,18,22,2,3,2,0,11.0,19,1,1
901f049,2015-12-07T15:11:35+01:00,3,2,5,1,2,1,0,5.0,5,1,0
d567af4,2015-12-07T15:16:34+01:00,2,2,4,2,2,1,0,2.0,2,0,0
49f479c,2015-12-12T22:31:50+01:00,1,1,2,1,1,1,0,2.0,2,1,0
fbd79b7,2015-12-13T17:00:58+01:00,15,7,22,2,5,2,1,11.0,17,2,1
05e18df,2015-12-13T17:44:36-02:00,1,5,6,1,2,1,0,6.0,6,0,0
b8ef68a,2015-12-13T21:31:36+01:00,3933,3613,7546,42,2331,8,0,179.67,1028,1,0
c73f754,2015-12-13T22:25:39+01:00,16078,4437,20515,84,2766,13,0,244.23,1453,1,1
a8a7efc,2015-12-14T09:43:14-02:00,0,7,7,1,1,1,0,7.0,7,0,0
509d1ea,2015-12-19T13:45:17+01:00,101,110,211,68,76,10,0,3.1,27,1,0
4b0fcce,2015-12-21T09:22:06-02:00,22,51,73,5,12,2,0,14.6,44,3,0
3efcd76,2015-12-21T09:27:00-02:00,1,1,2,1,1,1,0,2.0,2,0,0
5a771c5,2015-12-21T09:29:01-02:00,1,1,2,1,1,1,0,2.0,2,0,0
39cea11,2015-12-30T17:26:34+02:00,4,1,5,1,1,1,0,5.0,5,1,0
8f1763e,2016-01-12T17:23:20-08:00,1,1,2,1,1,1,0,2.0,2,0,0
08c03ee,2016-01-13T17:18:18-08:00,8,5,13,1,6,1,0,13.0,13,1,0
3763f68,2016-02-01T20:26:12+01:00,59,0,59,2,2,2,1,29.5,36,2,1
9f676a7,2016-02-06T00:41:13+09:00,2,2,4,1,2,1,1,4.0,4,1,1
ba5b4da,2016-02-06T17:37:44+08:00,2,2,4,1,2,1,0,4.0,4,1,0
7346263,2016-02-12T20:23:49+08:00,2,2,4,1,2,1,0,4.0,4,1,0
3f9e2d4,2016-02-12T16:47:06+01:00,1,1,2,1,1,1,0,2.0,2,1,0
999eadb,2016-02-12T17:14:41+01:00,12,2,14,2,3,2,1,7.0,10,2,1
75d0483,2016-02-13T16:06:12+01:00,1,1,2,1,1,1,0,2.0,2,0,0
b2da90e,2016-02-17T13:17:40-05:00,1,1,2,1,1,1,0,2.0,2,1,0
1eee51b,2016-02-27T17:34:38+09:00,2,0,2,1,1,1,0,2.0,2,1,0
e8336c9,2016-03-27T16:58:26+08:00,3,3,6,1,3,1,0,6.0,6,0,0
7665b9a,2016-03-31T00:45:18+03:00,1,1,2,1,1,1,0,2.0,2,1,0
e44da6e,2016-04-06T14:34:21-07:00,2,0,2,1,2,1,0,2.0,2,0,0
edae7c4,2016-06-06T21:18:02+02:00,2,1,3,1,1,1,0,3.0,3,1,0
eeaaef2,2016-07-05T13:30:03+02:00,70,20,90,2,13,2,1,45.0,66,2,1
d7a3ca9,2016-07-05T13:35:48+02:00,1,1,2,1,1,1,0,2.0,2,1,0
cafc154,2016-07-09T16:41:47+08:00,2,5,7,1,4,1,0,7.0,7,1,0
6d23643,2016-07-15T09:58:16+09:00,1,1,2,1,1,1,0,2.0,2,1,0
13f46ab,2016-07-29T20:56:23+05:30,10,2,12,1,4,1,0,12.0,12,1,0
9c583d4,2016-07-29T20:56:52+05:30,8,0,8,1,2,1,0,8.0,8,1,0
7036839,2016-07-29T21:06:11+05:30,3,0,3,1,1,1,1,3.0,3,1,0
00b7903,2016-08-05T11:13:38+02:00,1,1,2,1,1,1,0,2.0,2,0,0
aab6a9a,2016-08-05T11:14:07+02:00,1,1,2,1,1,1,0,2.0,2,0,0
c110e03,2016-08-05T11:16:53+02:00,2,4,6,1,2,1,0,6.0,6,1,0
107a859,2016-08-05T11:20:13+02:00,2,5,7,1,2,1,0,7.0,7,0,0
4596307,2016-08-05T11:24:55+02:00,3,11,14,1,2,1,0,14.0,14,1,0
1baf9eb,2016-08-05T11:41:01+02:00,0,1,1,1,1,1,0,1.0,1,1,0
6b3ee9e,2016-08-05T11:56:44+02:00,30,30,60,21,28,8,0,2.86,6,0,0
9e697e0,2016-08-26T13:00:10+02:00,32,2,34,2,4,1,0,17.0,26,0,1
eb79f76,2016-08-26T16:08:52+02:00,19,10,29,2,5,2,0,14.5,26,1,0
ebd1dd5,2016-08-26T16:51:39+02:00,24,30,54,3,17,1,0,18.0,46,0,0
9772d84,2016-08-26T16:56:21+02:00,2,0,2,1,1,1,0,2.0,2,1,0
5c5be34,2016-08-26T17:10:23+02:00,29,57,86,3,10,2,1,28.67,69,2,1
91948e9,2016-08-26T17:49:25+02:00,0,8,8,1,2,1,0,8.0,8,1,0
12445eb,2016-08-27T18:46:56+02:00,80,13,93,2,14,2,1,46.5,49,2,1
786587e,2016-08-27T18:56:58+02:00,3,0,3,1,1,1,0,3.0,3,1,0
71cfb15,2016-08-27T19:15:19+02:00,1,1,2,1,1,1,0,2.0,2,0,0
ad32874,2016-08-27T19:20:44+02:00,1,0,1,1,1,1,1,1.0,1,1,0
f8402b1,2016-08-27T21:33:15+02:00,1,1,2,1,1,1,0,2.0,2,0,0
5c903be,2016-08-27T21:35:54+02:00,2,17,19,1,4,1,0,19.0,19,1,1
90660f7,2016-08-27T21:49:53+02:00,1,1,2,1,1,1,0,2.0,2,1,0
2efa9d3,2016-08-27T21:56:51+02:00,1,4,5,1,2,1,0,5.0,5,1,0
8b54b9d,2016-08-27T21:57:17+02:00,0,1,1,1,1,1,0,1.0,1,1,0
e145a55,2016-08-27T21:58:55+02:00,1,0,1,1,1,1,0,1.0,1,0,0
8554774,2016-08-28T09:10:06+02:00,0,1,1,1,1,1,0,1.0,1,0,0
14e73bf,2016-08-29T06:57:21+02:00,26,34,60,1,21,1,0,60.0,60,1,1
03f2a82,2016-08-29T07:07:08+02:00,15,15,30,3,11,2,1,10.0,21,3,1
aecb7ea,2016-08-29T17:57:35+02:00,6,2,8,1,2,1,0,8.0,8,1,0
7fad46c,2016-08-29T17:57:39+02:00,61,4,65,1,3,1,0,65.0,65,0,0
5a22d07,2016-08-29T19:02:18+02:00,9,0,9,1,1,1,1,9.0,9,1,1
496efdf,2016-08-30T15:52:31+02:00,2,2,4,1,2,1,0,4.0,4,1,0
8bda6af,2016-08-30T15:52:59+02:00,9,7,16,1,7,1,0,16.0,16,1,1
0a3e0e0,2016-08-30T16:33:00+02:00,41,11,52,2,8,2,0,26.0,26,1,0
d1e3168,2016-09-01T20:27:46+02:00,1,16,17,1,2,1,0,17.0,17,1,1
e22e38d,2016-09-02T00:00:51+02:00,203,95,298,4,25,2,1,74.5,187,4,1
8ceb87b,2016-09-02T17:56:49+02:00,2,2,4,1,2,1,0,4.0,4,1,0
01539b8,2016-09-02T18:09:36+02:00,2,9,11,2,3,1,0,5.5,8,0,0
15386e4,2016-09-02T18:11:21+02:00,4,0,4,1,2,1,0,4.0,4,0,1
83fcc6c,2016-09-02T19:51:03+02:00,3,1,4,1,1,1,0,4.0,4,0,0
1587d06,2016-09-03T07:07:40+02:00,1,0,1,1,1,1,0,1.0,1,0,1
8a21b4d,2016-09-03T07:12:24+02:00,1,0,1,1,1,1,0,1.0,1,0,0
8600764,2016-09-03T07:17:00+02:00,3,1,4,1,1,1,0,4.0,4,0,1
2e7ffda,2016-09-03T07:34:56+02:00,0,26,26,1,1,1,0,26.0,26,0,0
0ca7020,2016-09-03T07:39:31+02:00,4,0,4,1,1,1,0,4.0,4,0,0
a544c1c,2016-09-09T11:49:03+03:00,1,1,2,1,1,1,0,2.0,2,1,0
9cc7e66,2016-09-09T21:01:02+02:00,25,21,46,1,14,1,0,46.0,46,1,1
e0b17a1,2016-09-09T21:01:53+02:00,12,1,13,1,2,1,1,13.0,13,1,0
8e4c3c1,2016-09-09T21:47:27+02:00,7,10,17,1,9,1,0,17.0,17,1,1
97a9f85,2016-09-20T14:07:17+02:00,2,0,2,1,1,1,0,2.0,2,1,0
f65e34b,2016-09-21T20:32:06+01:00,2,2,4,1,2,1,0,4.0,4,1,1
06f97c7,2016-09-21T21:46:45+01:00,1,1,2,1,1,1,0,2.0,2,1,0
bd37c54,2016-09-21T23:00:14+02:00,0,2,2,1,1,1,0,2.0,2,1,0
83cfe03,2016-09-21T22:39:11+01:00,6,1,7,1,1,1,0,7.0,7,1,0
7152755,2016-09-24T12:34:03+02:00,12,0,12,1,2,1,1,12.0,12,1,1
918b77b,2016-09-24T12:36:34+02:00,1,1,2,1,1,1,0,2.0,2,0,1
9ff4f39,2016-09-24T12:41:22+02:00,14,0,14,1,1,1,0,14.0,14,0,0
9752ca1,2016-09-24T12:44:00+02:00,10,11,21,1,1,1,0,21.0,21,0,0
c6fb8a4,2016-09-24T13:16:01+02:00,2,3,5,1,1,1,0,5.0,5,1,0
7baa31b,2016-09-25T16:12:36+02:00,5,1,6,1,2,1,0,6.0,6,0,0
640db4f,2016-09-25T18:39:40+02:00,26,2,28,1,11,1,1,28.0,28,1,1
7c1c1ca,2016-09-25T18:40:10+02:00,5,5,10,1,1,1,0,10.0,10,0,0
9ea1fad,2016-10-19T12:12:51+03:00,2,0,2,1,2,1,0,2.0,2,1,0
5dbbe00,2016-10-19T13:47:46+02:00,24,8,32,2,11,2,1,16.0,25,2,0
4b26bd0,2016-11-12T13:59:06+01:00,33,31,64,1,3,1,0,64.0,64,1,1
8a44907,2016-11-12T14:37:21+01:00,2,2,4,1,1,1,0,4.0,4,1,0
492985f,2016-11-12T15:48:36+01:00,94,27,121,3,12,2,1,40.33,71,3,0
e4bc68a,2016-11-14T13:58:09+02:00,1,1,2,1,1,1,0,2.0,2,0,0
568f6ad,2016-12-08T00:24:50-05:00,1,1,2,1,1,1,0,2.0,2,1,0
6d7e13d,2016-12-10T14:10:26+01:00,28,11,39,2,9,2,1,19.5,25,2,1
f936dfa,2016-12-10T15:45:51+01:00,46,31,77,3,19,3,1,25.67,39,2,1
3f838db,2016-12-17T20:16:48+01:00,19,11,30,2,10,2,1,15.0,17,2,0
d3510bd,2017-01-01T14:16:41+01:00,6,0,6,1,1,1,0,6.0,6,0,1
523f6a6,2017-01-01T16:33:29+01:00,4,4,8,1,2,1,0,8.0,8,0,0
868f46c,2017-01-04T13:22:35+01:00,7,0,7,1,1,1,0,7.0,7,0,1
1c412f8,2017-01-05T13:27:16+01:00,2,2,4,1,2,1,0,4.0,4,0,1
3f994d9,2017-01-05T16:47:18+02:00,8,0,8,1,1,1,0,8.0,8,0,0
9f44d96,2017-01-06T13:06:41+01:00,9,1,10,2,3,2,1,5.0,6,2,1
2f9ccae,2017-01-09T13:43:57+01:00,11,10,21,2,6,2,1,10.5,17,2,1
4348a0a,2017-01-09T14:42:35+01:00,4,3,7,1,1,1,0,7.0,7,0,0
143cbc3,2017-01-18T18:04:32+08:00,1,0,1,1,1,1,0,1.0,1,1,0
48a3e07,2017-01-19T12:52:50+01:00,26,26,52,7,20,7,0,7.43,8,0,0
5a6fc77,2017-01-22T16:45:16+01:00,1,1,2,1,1,1,0,2.0,2,1,1
b9229ee,2017-01-28T23:29:29+01:00,19,0,19,1,1,1,0,19.0,19,1,0
cb2c33d,2017-02-01T10:46:56+01:00,5,1,6,1,1,1,0,6.0,6,1,0
5d71ed8,2017-02-02T13:11:36-06:00,82,82,164,82,82,11,0,2.0,2,1,0
af192c2,2017-03-18T12:23:53+08:00,19,6,25,1,3,1,0,25.0,25,1,0
f37d346,2017-03-20T22:51:25+08:00,4,4,8,1,3,1,0,8.0,8,1,0
b50efac,2017-03-25T17:33:50+01:00,26,0,26,1,1,1,1,26.0,26,1,0
be90814,2017-03-25T17:53:27+01:00,7,2,9,2,2,2,0,4.5,6,1,0
617d08a,2017-03-25T17:59:26+01:00,2,1,3,1,2,1,0,3.0,3,1,0
083cb3e,2017-03-25T18:24:32+01:00,21,32,53,3,10,2,0,17.67,23,1,1
41ed696,2017-03-26T17:00:33+02:00,3,3,6,1,4,1,0,6.0,6,1,0
dfea7aa,2017-04-20T16:59:25-05:00,3,0,3,1,1,1,0,3.0,3,0,1
d12acdd,2017-05-08T17:34:36-05:00,17,0,17,1,1,1,0,17.0,17,0,0
960f79d,2017-05-15T11:38:25-04:00,1,1,2,1,1,1,0,2.0,2,0,0
69684cf,2017-05-15T11:44:30-04:00,7,7,14,1,1,1,0,14.0,14,0,1
600e501,2017-06-09T21:33:21+02:00,10,8,18,1,5,1,0,18.0,18,1,1
f62d060,2017-06-19T12:02:14+02:00,4,0,4,1,1,1,0,4.0,4,0,1
a2e41ad,2017-06-30T10:04:01+10:00,1,1,2,1,1,1,0,2.0,2,0,0
8d0054a,2017-07-13T17:10:12+02:00,12,2,14,1,4,1,0,14.0,14,1,1
bbb9b8b,2017-07-13T17:13:44+02:00,3,0,3,1,1,1,0,3.0,3,0,0
c92253f,2017-07-13T17:15:02+02:00,0,2,2,1,1,1,0,2.0,2,0,0
2d96ee2,2017-07-13T17:16:28+02:00,1,1,2,1,1,1,0,2.0,2,0,1
b26cf80,2017-07-18T18:17:57+02:00,5,5,10,1,5,1,0,10.0,10,1,1
0282309,2017-07-22T08:19:14+02:00,0,1,1,1,1,1,0,1.0,1,0,0
c844013,2017-07-22T08:22:04+02:00,1,5,6,1,1,1,0,6.0,6,0,0
468e0e1,2017-07-22T08:25:00+02:00,0,1,1,1,1,1,0,1.0,1,0,0
13eb839,2017-07-22T10:38:42+02:00,0,2,2,1,1,1,0,2.0,2,0,0
efc0fec,2017-09-07T11:52:29+03:00,1,1,2,1,1,1,0,2.0,2,0,0
06da32a,2017-09-12T19:45:51+02:00,1,1,2,1,1,1,1,2.0,2,1,1
55a505b,2017-10-18T15:01:50+02:00,1,1,2,1,1,1,0,2.0,2,0,0
8fcdae9,2017-10-18T16:15:21+02:00,5,5,10,5,5,2,0,2.0,2,1,0
4e53151,2017-10-27T17:13:01+05:30,1,1,2,1,1,1,0,2.0,2,0,0
4434916,2017-11-05T13:59:45+01:00,3,3,6,1,1,1,0,6.0,6,1,1
459b8e9,2017-11-06T04:34:29-08:00,2,2,4,1,1,1,0,4.0,4,0,0
06cc47b,2017-12-09T20:20:16+08:00,1,1,2,1,1,1,0,2.0,2,1,0
56ccbba,2017-12-09T07:23:01-05:00,1,1,2,1,1,1,0,2.0,2,0,0
862fe6b,2017-12-19T09:42:20+01:00,3,0,3,1,1,1,0,3.0,3,0,0
245386e,2018-02-05T20:33:25+09:00,3,1,4,1,2,1,0,4.0,4,1,0
063b8e8,2018-02-14T12:16:06+01:00,6,4,10,1,3,1,0,10.0,10,1,1
e76a736,2018-03-08T14:45:34+01:00,17,5,22,2,6,2,1,11.0,12,2,0
1de2415,2018-03-13T19:37:10+08:00,3,1,4,1,3,1,0,4.0,4,1,0
b8eab8b,2018-03-21T18:01:10-05:00,1,1,2,1,1,1,0,2.0,2,1,0
dacb956,2018-04-06T11:08:36+02:00,7,1,8,1,2,1,0,8.0,8,1,0
28793eb,2018-04-19T19:07:48+02:00,3,3,6,1,3,1,0,6.0,6,0,0
dd55a13,2018-06-11T01:56:25+03:00,9,10,19,5,9,1,1,3.8,6,5,0
4c77788,2018-07-19T13:12:17+02:00,6,1,7,1,3,1,0,7.0,7,0,1
84c1ee1,2018-07-19T13:39:12+02:00,2,0,2,1,1,1,0,2.0,2,1,0
5aeb256,2018-07-19T13:39:59+02:00,0,2,2,1,1,1,0,2.0,2,1,0
b23f2e8,2018-08-29T11:17:31+02:00,1,1,2,1,1,1,0,2.0,2,0,0
5c48cee,2018-09-27T15:09:23+12:00,8,1,9,1,4,1,0,9.0,9,1,1
2243ab2,2018-10-14T01:54:51+03:00,30,0,30,1,1,1,1,30.0,30,1,1
a4fae48,2018-10-25T15:53:17+02:00,2,2,4,2,2,1,0,2.0,2,1,1
774f376,2018-10-25T18:42:56+02:00,8,0,8,1,3,1,0,8.0,8,0,0
33d1b83,2018-10-25T18:45:44+02:00,90,111,201,24,45,2,1,8.38,82,17,1
4dab7d8,2018-10-25T19:35:10+02:00,44,16,60,2,11,2,1,30.0,30,2,1
9fb3b05,2018-10-25T20:07:11+02:00,54,13,67,3,3,3,1,22.33,49,1,0
5813b87,2018-12-11T13:01:30+01:00,9,3,12,2,6,2,1,6.0,9,2,1
c8179b2,2018-12-13T08:26:27+01:00,1,1,2,1,1,1,0,2.0,2,1,0
3e8cca9,2019-01-01T21:15:53+01:00,32,31,63,1,6,1,0,63.0,63,1,0
6f5e1af,2019-01-01T21:34:55+01:00,11,7,18,1,4,1,0,18.0,18,1,0
227d4ff,2019-01-01T21:46:29+01:00,14,0,14,1,1,1,1,14.0,14,1,0
8be27c7,2019-01-01T21:59:46+01:00,2,2,4,2,2,2,0,2.0,2,2,0
112e137,2019-01-01T22:05:40+01:00,1,1,2,1,1,1,1,2.0,2,1,0
84559e5,2019-01-01T22:22:17+01:00,3,2,5,2,3,1,1,2.5,4,2,0
ccadf88,2019-01-01T23:31:34+01:00,1,0,1,1,1,1,0,1.0,1,1,0
c684287,2019-01-01T23:46:25+01:00,2,71,73,12,14,11,1,6.08,10,4,0
86a38bb,2019-01-01T23:52:52+01:00,1,0,1,1,1,1,1,1.0,1,1,0
a47e4b9,2019-01-02T00:06:31+01:00,5,3,8,1,1,1,1,8.0,8,1,0
3d9a8c1,2019-01-02T13:02:18+01:00,7,18,25,3,7,3,0,8.33,21,3,0
357a0cb,2019-01-02T14:48:41+01:00,21,30,51,17,24,8,0,3.0,10,1,1
0607494,2019-01-05T13:30:04+09:00,12,3,15,2,5,1,1,7.5,9,2,0
a454029,2019-01-05T13:33:17+09:00,12,20,32,1,4,1,1,32.0,32,1,0
eff4960,2019-05-08T16:48:24+01:00,1,1,2,1,1,1,0,2.0,2,1,1
375fb78,2019-08-26T13:50:21-04:00,1,1,2,1,1,1,0,2.0,2,1,0
0dd1951,2019-08-30T16:20:45+02:00,2,6,8,1,3,1,0,8.0,8,0,0
977b589,2019-09-07T21:58:25+02:00,2,2,4,1,2,1,0,4.0,4,0,0
7eb0af2,2019-09-27T09:19:49-07:00,1,1,2,1,1,1,0,2.0,2,1,0
3c31f63,2019-12-01T15:41:58+01:00,1,0,1,1,1,1,0,1.0,1,0,0
b742f53,2019-12-01T15:44:07+01:00,7,4,11,1,5,1,0,11.0,11,1,1
61eeba1,2019-12-01T16:44:05+01:00,2,3,5,1,3,1,0,5.0,5,0,0
c9dd680,2019-12-01T19:14:09+01:00,37,0,37,2,2,1,0,18.5,22,1,0
a194622,2019-12-01T19:30:55Z,15,0,15,1,1,1,0,15.0,15,0,0
5b857b9,2019-12-05T05:24:35+01:00,1,1,2,1,1,1,0,2.0,2,0,0
07cce60,2019-12-08T19:16:18+01:00,1,1,2,1,1,1,0,2.0,2,0,1
4164c3f,2019-12-08T19:31:43+01:00,10,3,13,1,2,1,0,13.0,13,1,1
201d0b0,2019-12-08T19:44:01+01:00,10,9,19,1,4,1,0,19.0,19,1,1
1c22d42,2019-12-08T20:32:22+01:00,23,3,26,1,5,1,1,26.0,26,1,0
e3492db,2019-12-09T09:07:09+01:00,10,12,22,1,5,1,0,22.0,22,1,1
db2b7c9,2019-12-09T23:45:17+01:00,0,1,1,1,1,1,0,1.0,1,0,0
5c52eb0,2019-12-18T11:46:18+01:00,25,1,26,2,5,2,1,13.0,17,2,1
085f186,2019-12-18T12:05:35+01:00,2,3,5,1,2,1,0,5.0,5,1,1
e33f045,2019-12-18T12:16:21+01:00,10,11,21,2,3,2,1,10.5,17,2,1
e543073,2019-12-18T13:19:33+01:00,4,109,113,5,5,4,0,22.6,44,1,1
9f81b80,2019-12-19T11:59:12+08:00,27,19,46,2,11,2,1,23.0,28,2,1
71fc15f,2019-12-19T11:59:12+08:00,1,1,2,1,1,1,1,2.0,2,1,0
73ffcce,2019-12-19T12:28:58+08:00,1,1,2,1,1,1,0,2.0,2,1,0
48e9dfe,2019-12-19T12:27:11Z,5,4,9,1,2,1,0,9.0,9,1,0
8561ffb,2019-12-19T17:07:15+01:00,3,2,5,1,2,1,0,5.0,5,1,0
5abef29,2019-12-29T13:37:24-05:00,1,1,2,1,1,1,0,2.0,2,0,0
c84c57f,2020-01-03T19:49:09+01:00,1,1,2,1,1,1,0,2.0,2,1,0
aaee93a,2020-01-03T19:51:16+01:00,1,1,2,1,1,1,0,2.0,2,1,0
332215b,2020-01-03T20:01:09+01:00,1,1,2,1,1,1,0,2.0,2,1,0
f48c9eb,2020-01-06T20:41:32+05:30,3,3,6,3,3,1,0,2.0,2,0,0
4e78a67,2020-01-07T22:18:45+05:30,3,3,6,1,3,1,0,6.0,6,1,1
533c2cd,2020-03-08T18:27:35+01:00,1,1,2,1,1,1,0,2.0,2,0,0
8294b30,2020-04-11T10:29:00+02:00,2,2,4,1,2,1,0,4.0,4,0,0
f796498,2020-04-17T19:42:23+08:00,0,3,3,1,3,1,0,3.0,3,1,0
1b54afb,2020-05-05T10:11:17+05:30,3,0,3,1,1,1,0,3.0,3,0,0
f2ba40d,2020-05-09T12:17:18+01:00,1,1,2,1,1,1,0,2.0,2,1,0
25683b1,2020-05-10T04:14:18Z,2,2,4,1,2,1,1,4.0,4,1,0
6208b98,2020-08-24T13:31:00-06:00,4,2,6,1,3,1,0,6.0,6,0,0
4ad33b8,2020-08-28T19:43:21+09:00,1,1,2,1,1,1,0,2.0,2,0,0
7d7fb55,2020-09-16T12:40:10+02:00,2,3,5,2,3,1,0,2.5,3,1,0
0d2fc45,2020-09-16T13:00:28+02:00,2,3,5,2,3,1,0,2.5,3,1,0
d2a91df,2020-09-16T13:02:29+02:00,2,0,2,1,1,1,0,2.0,2,1,0
4ba312f,2020-09-28T13:31:58+08:00,11,1,12,2,2,2,1,6.0,10,2,0
cf53eab,2020-09-29T16:11:15+03:00,7,2,9,1,3,1,1,9.0,9,1,0
0131e74,2020-10-14T22:29:10+08:00,1,1,2,1,1,1,0,2.0,2,1,0
f5a9f76,2020-11-11T19:33:05+01:00,1,1,2,1,1,1,0,2.0,2,1,0
57402ad,2020-12-18T15:42:49+01:00,1,1,2,1,1,1,0,2.0,2,1,0
207d51d,2020-12-24T01:05:16+03:00,1,1,2,1,1,1,0,2.0,2,1,0
eeede5e,2020-12-24T03:01:23+03:00,1,1,2,1,1,1,0,2.0,2,1,0
c8fc141,2020-12-24T06:01:20+03:00,2,2,4,1,1,1,0,4.0,4,1,0
74ec190,2020-12-24T06:34:58+03:00,1,1,2,1,1,1,0,2.0,2,1,0
2802c44,2020-12-24T17:43:22+03:00,1,4,5,1,1,1,0,5.0,5,1,0
971bc50,2020-12-25T20:28:40+03:00,1,1,2,1,1,1,0,2.0,2,1,0
f8fc2c1,2020-12-31T19:00:29+01:00,30,49,79,10,25,4,1,7.9,27,3,1
30d310c,2020-12-31T19:13:55+01:00,22764,4327,27091,115,3874,17,0,235.57,1488,0,0
f793c04,2020-12-31T19:17:32+01:00,1,0,1,1,1,1,1,1.0,1,1,0
b3fa1d6,2020-12-31T19:43:00+01:00,1,1,2,1,1,1,0,2.0,2,1,1
f9b1849,2021-01-01T09:01:51+03:00,3,3,6,1,2,1,0,6.0,6,1,0
5e2efb6,2021-01-01T14:57:53+01:00,14,17,31,1,10,1,0,31.0,31,1,1
f998fe9,2021-01-01T15:04:28+01:00,2,1,3,1,1,1,1,3.0,3,1,0
d3c50b1,2021-01-01T15:21:31+01:00,2,1,3,2,2,2,1,1.5,2,2,0
1d5b441,2021-01-09T13:43:48+03:00,1,2,3,1,1,1,0,3.0,3,1,0
0568460,2021-01-09T16:54:04+03:00,1,1,2,1,1,1,0,2.0,2,1,1
a1e603a,2021-03-27T15:15:25+01:00,4,0,4,1,1,1,0,4.0,4,1,0
ae7a40b,2021-03-27T15:17:07+01:00,16,16,32,1,5,1,0,32.0,32,1,0
71bb933,2021-06-06T04:30:04-07:00,2,2,4,1,2,1,0,4.0,4,0,0
d1413a8,2021-07-07T13:02:33+02:00,3,3,6,1,2,1,0,6.0,6,1,1
eb1982e,2021-10-11T13:53:49+08:00,7,2,9,2,2,2,1,4.5,5,2,0
ee61a68,2021-10-14T11:51:21+02:00,28,17,45,3,12,3,1,15.0,31,2,0
72f6a4b,2021-12-03T15:01:18+01:00,4,1,5,2,2,2,1,2.5,3,2,0
a885fd0,2022-01-05T11:21:26+01:00,1,1,2,1,1,1,0,2.0,2,1,0
60e103d,2022-01-20T12:36:01+02:00,1,1,2,1,1,1,0,2.0,2,1,0
646bd51,2022-01-24T11:37:47+05:30,1,1,2,1,1,1,0,2.0,2,0,0
3f7574b,2022-03-01T22:02:15+02:00,3,0,3,1,1,1,0,3.0,3,1,0
d1f2ab5,2022-05-27T11:06:54+02:00,6,4,10,2,6,2,1,5.0,6,2,1
ca6762c,2022-06-12T15:15:35+02:00,7,2,9,1,2,1,0,9.0,9,1,0
8dbae77,2022-06-12T20:54:46+02:00,1,1,2,1,1,1,0,2.0,2,1,0
21453ba,2022-06-14T10:59:44+02:00,8,10,18,1,6,1,0,18.0,18,1,0
e14127d,2022-06-21T17:38:29+08:00,1,1,2,1,1,1,0,2.0,2,0,0
1677de0,2022-06-29T09:36:25+02:00,3,2,5,1,3,1,0,5.0,5,1,0
c5f49d1,2022-07-07T09:09:31+02:00,6,6,12,3,5,1,0,4.0,4,0,0
d21be50,2022-08-03T09:44:52+02:00,24,18,42,1,6,1,0,42.0,42,0,0
fd78d67,2022-08-03T12:48:42+02:00,9,28,37,1,3,1,0,37.0,37,1,1
9d523f6,2022-08-03T15:48:56+02:00,1,0,1,1,1,1,0,1.0,1,1,0
df67999,2022-08-14T23:41:46+09:00,1,1,2,1,1,1,0,2.0,2,1,0
63587be,2022-09-05T09:41:56-03:00,3,3,6,1,3,1,0,6.0,6,0,0
66c2a12,2022-09-05T14:59:34+02:00,2,2,4,1,1,1,0,4.0,4,0,0
99341ff,2022-09-05T11:33:02-03:00,3,3,6,1,2,1,0,6.0,6,0,0
3fdb8b2,2023-08-06T12:39:52+03:00,1,1,2,1,1,1,0,2.0,2,0,0
0fc2b72,2023-11-04T12:34:03+01:00,986,32,1018,6,16,3,1,169.67,706,4,1
bc1171e,2024-08-28T15:40:55+02:00,1401,1487,2888,23,287,4,0,125.57,669,2,1
39d192e,2024-08-28T15:52:28+02:00,11,15,26,2,5,1,0,13.0,16,1,0
b12638b,2024-08-28T15:55:44+02:00,0,165,165,3,3,1,1,55.0,121,3,0
4780272,2024-08-28T15:56:40+02:00,2,0,2,1,2,1,0,2.0,2,0,0
5948ba3,2024-08-28T16:09:43+02:00,1,1,2,1,1,1,0,2.0,2,1,0
d9b6540,2024-08-28T17:00:31+02:00,6,5,11,1,6,1,1,11.0,11,1,0
98bf0d7,2024-08-28T20:19:00+02:00,2,2,4,2,2,1,0,2.0,2,1,0
11f36c4,2024-08-28T20:53:07+02:00,5,5,10,1,4,1,0,10.0,10,1,0
fbee2a0,2024-08-28T21:03:14+02:00,1,1,2,1,1,1,0,2.0,2,1,0
dcea468,2024-08-28T21:41:15+02:00,15,4,19,2,7,2,1,9.5,12,2,1
444d960,2024-08-28T21:54:05+02:00,14,6,20,1,5,1,1,20.0,20,1,0
7604fb4,2024-08-28T21:54:40+02:00,4,1,5,1,2,1,1,5.0,5,1,0
6d28b04,2024-08-28T22:37:36+02:00,32,29,61,5,18,1,1,12.2,27,5,0
a06a608,2024-08-28T22:39:13+02:00,1,2,3,1,1,1,0,3.0,3,0,0
957d9f1,2024-09-02T12:10:38+02:00,4,3,7,2,3,2,0,3.5,4,2,0
3a3477c,2024-09-04T15:14:22+02:00,34,20,54,3,9,2,0,18.0,30,0,0
4d739b8,2024-09-04T15:33:20+02:00,1,1,2,1,1,1,0,2.0,2,0,0
d0d16fb,2024-09-04T16:35:31+02:00,1,1,2,1,1,1,0,2.0,2,0,0
0213798,2024-09-05T09:56:16+02:00,27,49,76,3,25,1,0,25.33,49,0,1
90d749b,2024-09-05T10:55:49+02:00,6,0,6,1,1,1,0,6.0,6,1,0
dee9a17,2024-09-05T11:45:43+02:00,4,4,8,2,3,1,0,4.0,6,0,0
f16a6d0,2024-09-05T11:52:26+02:00,1,7,8,1,3,1,0,8.0,8,0,0
157d844,2024-09-05T11:55:11+02:00,1,1,2,1,1,1,1,2.0,2,1,0
e6bc34b,2024-09-05T14:13:10+02:00,7,2,9,3,3,2,0,3.0,5,1,0
f0b6279,2024-09-05T14:52:42+02:00,10,5,15,1,2,1,0,15.0,15,1,0
686e362,2024-09-06T12:01:22+02:00,15,15,30,2,7,2,0,15.0,24,0,0
a014a6c,2024-09-06T17:13:13+02:00,24,42,66,3,10,3,0,22.0,56,1,1
c833529,2024-09-07T08:31:24+02:00,55,55,110,6,35,3,0,18.33,60,1,0
c925160,2024-09-07T10:21:01+02:00,95,134,229,11,25,2,0,20.82,77,3,0
7a53615,2024-09-07T11:02:20+02:00,6,4,10,3,3,3,1,3.33,5,2,0
959e02d,2024-09-07T12:20:34+02:00,0,1,1,1,1,1,0,1.0,1,0,0
fcd774a,2024-09-07T18:28:37+02:00,2,2,4,1,1,1,0,4.0,4,1,0
4684711,2024-09-07T18:29:03+02:00,9,7,16,1,7,1,0,16.0,16,1,1
1d010ca,2024-09-07T18:48:36+02:00,9,103,112,1,10,1,0,112.0,112,0,0
582e5ca,2024-09-07T19:24:17+02:00,8,14,22,2,3,1,0,11.0,16,0,0
52c57b0,2024-09-07T19:38:31+02:00,4,2,6,1,2,1,0,6.0,6,0,0
f961ffb,2024-09-07T19:43:36+02:00,1,1,2,1,1,1,0,2.0,2,0,0
966ebde,2024-09-08T15:06:57+02:00,11,6,17,1,6,1,0,17.0,17,0,0
dd6be60,2024-09-08T15:09:02+02:00,3,1,4,2,2,1,0,2.0,3,0,0
397eb83,2024-09-11T10:59:02-03:00,1,1,2,1,1,1,0,2.0,2,0,0
87b2bf1,2024-09-11T09:05:58-05:00,4,2,6,2,2,2,0,3.0,4,1,0
726da54,2024-09-14T12:45:25+02:00,80,152,232,6,21,3,1,38.67,184,5,1
a93eda4,2024-09-14T12:51:31+02:00,1,1,2,1,1,1,0,2.0,2,1,1
5053b23,2024-09-16T17:16:28+02:00,37,15,52,5,18,2,0,10.4,33,1,1
566e6a9,2024-09-16T21:21:48+02:00,1,0,1,1,1,1,0,1.0,1,0,0
4a18349,2024-09-16T21:56:49+02:00,14,16,30,4,15,3,1,7.5,12,3,0
c60fcc3,2024-09-16T22:02:44+02:00,5,2,7,1,2,1,0,7.0,7,0,1
7ee66b4,2024-09-16T22:13:44+02:00,0,1,1,1,1,1,0,1.0,1,1,0
39d1336,2024-09-16T22:14:46+02:00,5,5,10,1,5,1,0,10.0,10,1,0
5740f17,2024-09-26T14:33:52+02:00,1,1,2,1,1,1,0,2.0,2,1,0
cb36a7d,2024-10-01T01:03:01-03:00,2,2,4,1,2,1,0,4.0,4,0,0
3b9e865,2024-10-04T19:28:44+02:00,59,114,173,6,38,3,1,28.83,110,4,0
8804dd9,2024-10-12T14:16:41+02:00,3,3,6,1,1,1,0,6.0,6,1,0
7a7e544,2024-10-12T14:21:53+02:00,1,0,1,1,1,1,0,1.0,1,1,0
1a6d990,2024-10-12T16:56:15+02:00,2,1,3,1,2,1,0,3.0,3,0,0
6917b86,2024-10-22T12:06:15+02:00,1,1,2,1,1,1,0,2.0,2,1,0
7af7135,2024-10-28T16:53:55-04:00,1,1,2,1,1,1,0,2.0,2,0,0
8585d8c,2024-11-18T16:07:53+01:00,22,26,48,2,23,2,0,24.0,44,2,0
a8dfef3,2024-11-18T17:08:48+01:00,28,0,28,1,1,1,0,28.0,28,0,0
750fcbe,2024-12-06T16:41:07+01:00,13,15,28,1,4,1,0,28.0,28,1,0
1a4618c,2024-12-06T16:46:07+01:00,1,1,2,1,1,1,1,2.0,2,1,0
ee24927,2024-12-06T18:45:19+01:00,9,6,15,4,5,2,0,3.75,6,0,0
c65347f,2025-02-15T09:50:52+01:00,2,5,7,1,2,1,0,7.0,7,1,0
2fa7afd,2025-02-16T12:12:17+01:00,541,384,925,1,216,1,0,925.0,925,0,0
e0c5ed1,2025-04-21T15:09:22+02:00,76,12,88,4,15,3,1,22.0,45,3,0
a565987,2025-04-21T15:12:02+02:00,21,21,42,1,21,1,0,42.0,42,1,0
3b666ca,2025-04-21T15:24:08+02:00,1,1,2,1,1,1,0,2.0,2,0,0
1dab4e7,2025-04-21T15:27:54+02:00,6,7,13,4,6,3,0,3.25,5,0,0
b6fd20c,2025-04-21T08:48:06-05:00,2,2,4,2,2,1,0,2.0,2,1,0
60fdec7,2025-04-21T16:10:34+02:00,0,2,2,1,1,1,0,2.0,2,0,0
b2cf884,2025-04-21T18:32:29+03:00,1,1,2,1,1,1,0,2.0,2,1,0
57bdb52,2025-04-23T10:22:10+02:00,2,0,2,1,1,1,0,2.0,2,0,0
b5631d1,2025-05-09T01:19:02+03:00,1,1,2,1,1,1,0,2.0,2,1,0
011016c,2025-06-12T14:50:09+03:00,44,17,61,3,20,1,1,20.33,53,3,0
21a8db0,2025-06-13T17:58:25+02:00,1,0,1,1,1,1,0,1.0,1,0,0
e3d8e71,2025-06-15T11:52:53+02:00,81,13,94,3,8,3,1,31.33,58,2,0
b1bd8bb,2025-06-15T19:00:28+02:00,57,62,119,1,48,1,0,119.0,119,1,0
0207a34,2025-06-27T12:14:03+02:00,2,1,3,1,1,1,0,3.0,3,1,0
2a743a3,2025-07-31T00:25:52+03:00,1,1,2,1,1,1,0,2.0,2,1,0
a8086ff,2025-09-13T08:18:37+02:00,1,1,2,1,1,1,0,2.0,2,1,0
3d0ace4,2025-09-19T12:50:34+09:00,1,1,2,1,1,1,0,2.0,2,0,0
da7e372,2026-01-02T11:11:21+01:00,16,8,24,2,5,2,1,12.0,19,2,0
62ca0c3,2026-01-02T11:24:06+01:00,86,86,172,17,61,4,1,10.12,36,2,0
24e80dc,2026-02-16T15:16:14-08:00,8,6,14,1,2,1,0,14.0,14,0,0
870cc35,2026-03-23T11:04:06+01:00,17,0,17,1,1,1,0,17.0,17,0,0
b73bd1d,2026-07-19T09:16:45+02:00,23,4,27,2,3,2,1,13.5,18,2,1
62d7e07,2026-07-19T09:19:13+02:00,5,5,10,1,2,1,0,10.0,10,1,1
457a8fa,2026-09-06T13:21:24+02:00,28,10,38,2,8,2,1,19.0,29,2,0
