commit_hash,full_hash,commit_timestamp,author,lines_added,lines_deleted,code_churn,files_changed,functions_changed,num_directories_touched,is_test_file_modified,avg_lines_changed_per_file,max_lines_changed_in_single_file,num_source_files_changed
f302723,f30272394d29a68d8f4f25355bd6b95e695fc81e,2009-06-30T20:27:53+02:00,Marcel Hellkamp,3,0,3,1,1,1,0,3.0,3,0
c78437f,c78437f04bd9631a9d9fc37f59a05b3448c7dacb,2009-06-30T20:36:00+02:00,Marcel Hellkamp,65,0,65,1,1,1,0,65.0,65,0
6a6995f,6a6995f94835fd289953de4e52a1bdaa897ac24b,2009-07-01T00:19:03+02:00,Marcel Hellkamp,6,7,13,1,5,1,0,13.0,13,0
4f50cec,4f50cece28b8ee3ff1c5bcf3f8a7bd1d3bbf6128,2009-07-01T13:01:59+02:00,Marcel Hellkamp,600,0,600,1,1,1,0,600.0,600,1
0688ac3,0688ac314bbeaaf6dccef76c508d3a4a60a3d641,2009-07-01T13:18:38+02:00,Marcel Hellkamp,48,11,59,2,14,1,0,29.5,44,1
9f7737b,9f7737b2933624158df72b91d3a06e377ab0e24f,2009-07-01T13:39:39+02:00,Marcel Hellkamp,0,7,7,1,1,1,0,7.0,7,1
60f3155,60f315583e5ae0db328b5b68c5e86ec2b5cc8768,2009-07-02T15:17:05+02:00,Marcel Hellkamp,1,1,2,1,1,1,0,2.0,2,1
82a6520,82a6520cfdb4eb92c08bd8ca8b2d9d6b7c1176dd,2009-07-02T20:31:56+02:00,Marcel Hellkamp,8,5,13,1,4,1,0,13.0,13,1
852f6ea,852f6ea4a8863a1bd4ba3abf1c3607f7c790da5e,2009-07-02T20:33:14+02:00,Marcel Hellkamp,3,1,4,1,1,1,0,4.0,4,1
17ed1cf,17ed1cff3a3cc8898e7ea5fd462ae9fd4979e834,2009-07-02T23:01:49+02:00,Marcel Hellkamp,9,6,15,1,3,1,0,15.0,15,1
1a7266f,1a7266f267602576e709796692134bedd7564454,2009-07-03T10:04:39+02:00,Marcel Hellkamp,6,3,9,1,4,1,0,9.0,9,1
4354207,4354207ecfd56624aad89d1374a9165db11bf879,2009-07-03T10:08:56+02:00,Marcel Hellkamp,1,1,2,1,1,1,0,2.0,2,1
6498608,64986084587878ed977e16e1c2ec10566eef5556,2009-07-03T11:00:32+02:00,Marcel Hellkamp,8,4,12,1,3,1,0,12.0,12,1
af592df,af592df7c0bc63e6d6151d3fcb832e87962b775d,2009-07-03T11:00:59+02:00,Marcel Hellkamp,63,0,63,1,1,1,0,63.0,63,1
5cce51b,5cce51b13626ae9ff8f92735dcd458bc2baa6b3d,2009-07-03T11:02:15+02:00,Marcel Hellkamp,1,1,2,1,1,1,0,2.0,2,1
b4048dc,b4048dcd69050b05f4e7ef87f9e6bc22e6589e6b,2009-07-03T13:28:37+02:00,Marcel Hellkamp,10,8,18,1,5,1,0,18.0,18,1
dde0d63,dde0d63100ee681dcceef222ef37f8a0c81e4070,2009-07-03T13:51:46+02:00,Marcel Hellkamp,14,0,14,1,1,1,0,14.0,14,1
5e6265c,5e6265ccb0f784d4eb76a89c4b82a81f7a3355f6,2009-07-03T14:01:11+02:00,Marcel Hellkamp,1,1,2,1,1,1,0,2.0,2,1
120019b,120019bb7a532b38447a6a487d9d73732a572c30,2009-07-04T18:46:15+02:00,Marcel Hellkamp,45,1,46,2,5,1,0,23.0,37,2
444443c,444443ce1d863dbb91e141891f7f514865dcae61,2009-07-04T18:48:00+02:00,Marcel Hellkamp,1,1,2,1,1,1,0,2.0,2,1
d0d829a,d0d829a6f0748fb45c3d2a407710efa6b1c10ff2,2009-07-06T21:23:20+02:00,Marcel Hellkamp,336,213,549,3,31,1,0,183.0,515,2
8645103,8645103063ae9246f19c312ffa4b78a5472c8b96,2009-07-06T22:02:43+02:00,Marcel Hellkamp,24,16,40,2,9,1,0,20.0,38,2
79fdf46,79fdf468174fc1fd5beff304232143b1f7639dce,2009-07-06T22:04:15+02:00,Marcel Hellkamp,4,4,8,1,4,1,0,8.0,8,1
732bb5d,732bb5d779efb9d44d511a2fba743a6dce3fdbcf,2009-07-06T23:23:33+02:00,Marcel Hellkamp,97,44,141,4,16,1,0,35.25,110,2
850c2ab,850c2ab33c2f473f2959c7b96202001b416ea6f3,2009-07-06T23:38:48+02:00,Marcel Hellkamp,3,3,6,1,2,1,0,6.0,6,0
587ed46,587ed466e2d4a8962a108c01354e8fe036bc127f,2009-07-07T01:27:31+02:00,Marcel Hellkamp,35,5,40,3,6,1,0,13.33,28,2
7ab2af1,7ab2af1828a2adc5ac17534ba5cb05348bb0e872,2009-07-07T01:34:44+02:00,Marcel Hellkamp,1,0,1,1,1,1,0,1.0,1,0
53e5957,53e59574dc22d238217dcc6c147ddb61d8293ab6,2009-07-07T02:01:54+02:00,Marcel Hellkamp,1,2,3,1,1,1,0,3.0,3,1
7d8131b,7d8131b1b98164e5ba444868124d80af587dd4d5,2009-07-07T10:27:41+02:00,Marcel Hellkamp,1,1,2,1,1,1,0,2.0,2,1
47d554c,47d554c9bdc3eb8ad18e3743700bece6ce9a0e7d,2009-07-07T10:34:20+02:00,Marcel Hellkamp,3,0,3,1,2,1,0,3.0,3,0
b37e4f2,b37e4f28cbddcd47507e12d6bed2f19c2729c43b,2009-07-07T13:06:26+02:00,Marcel Hellkamp,10,14,24,1,3,1,0,24.0,24,0
56fe36a,56fe36a70a4a58dfc7029bf991ed19107d6c89b4,2009-07-07T13:47:42+02:00,Marcel Hellkamp,22,14,36,4,11,1,0,9.0,26,3
f2c50b2,f2c50b2da214f0f250d7ee591818752a9184f0ce,2009-07-07T14:06:49+02:00,Marcel Hellkamp,13,13,26,1,7,1,0,26.0,26,1
b5c4886,b5c4886d1869e71d98104cde5db7948181b1f7fc,2009-07-07T14:07:12+02:00,Marcel Hellkamp,1,1,2,1,1,1,0,2.0,2,1
5560f1c,5560f1c7dab93c20762216e56ee7055576fc89d5,2009-07-07T15:00:55+02:00,Marcel Hellkamp,3,19,22,1,3,1,0,22.0,22,1
946a22a,946a22aed0be9839d63d8b378c88ced74cd9aa21,2009-07-07T18:21:46+02:00,Marcel Hellkamp,5,3,8,1,3,1,0,8.0,8,1
3dbafec,3dbafecadb19aae991a5c37509c35570628f6041,2009-07-07T18:29:05+02:00,Marcel Hellkamp,3,0,3,1,1,1,0,3.0,3,0
4ad47e1,4ad47e10d9f69a8e4d44b766d91fa76223961235,2009-07-08T15:23:22+02:00,Marcel Hellkamp,93,89,182,1,12,1,0,182.0,182,1
a61c895,a61c895007b9510d65259b55bc5336770d91ff9f,2009-07-08T16:32:48+02:00,Marcel Hellkamp,1,1,2,1,1,1,0,2.0,2,1
bd70cf7,bd70cf792e6405e2b8fcfb6e85d96d2c5fcf23a9,2009-07-08T16:52:16+02:00,Marcel Hellkamp,14,14,28,1,8,1,0,28.0,28,1
fc6ce99,fc6ce99b6b182f341a40125e041ca8ef8f392804,2009-07-09T11:28:35+02:00,Marcel Hellkamp,120,3,123,2,8,1,0,61.5,112,2
323699d,323699d91f2ba93f2f459bfa3494280c8ba098be,2009-07-09T12:22:04+02:00,Marcel Hellkamp,10,7,17,1,5,1,0,17.0,17,0
ae1f99b,ae1f99b179649348732dadb170acf8244e3bee93,2009-07-09T14:35:40+02:00,Marcel Hellkamp,1,1,2,1,1,1,0,2.0,2,1
681ca7b,681ca7b4a70deedd0017759c6dfa1659d016d1d5,2009-07-09T14:36:06+02:00,Marcel Hellkamp,4,2,6,1,2,1,0,6.0,6,1
9efbda5,9efbda5e6e2a618adf96b4852e1155abc311af0d,2009-07-09T16:27:05+02:00,Marcel Hellkamp,160,3,163,3,3,1,0,54.33,156,0
10f76a0,10f76a0b4bc1aec4dfee54276d7f9b91f63f498c,2009-07-09T16:29:11+02:00,Marcel Hellkamp,4,0,4,1,3,1,0,4.0,4,0
3335cc8,3335cc8fa228ccd34297c43806e06b3d4c810030,2009-07-09T16:32:47+02:00,Marcel Hellkamp,1,1,2,2,1,1,0,1.0,2,1
4f57afa,4f57afa5b192d28ec4ace88026a25337d246d2a0,2009-07-09T18:11:05+02:00,Marcel Hellkamp,2,0,2,1,1,1,0,2.0,2,0
808e441,808e44165f50b8852f53e903a256eae6d933cee1,2009-07-09T18:30:14+02:00,Marcel Hellkamp,3,2,5,2,2,1,0,2.5,3,1
5ae0f94,5ae0f94477ae19ce436059f954e9a34fab84284a,2009-07-09T19:45:29+02:00,Marcel Hellkamp,4,2,6,1,4,1,0,6.0,6,1
2c66628,2c66628f7f41c47a3f99a5d8fef354a0e32ce889,2009-07-09T19:46:55+02:00,Marcel Hellkamp,2,2,4,2,2,1,0,2.0,2,2
d4fc123,d4fc12369672a457ab6e9bac6cad173df693155a,2009-07-09T19:50:32+02:00,Marcel Hellkamp,7,1,8,1,1,1,0,8.0,8,1
ddcad7b,ddcad7b2049804a4cad986e209185e0a1b630497,2009-07-09T20:03:18+02:00,Marcel Hellkamp,1,1,2,1,1,1,0,2.0,2,1
4872566,48725661ab6c19f6a412deb284aea029902a622e,2009-07-09T20:06:09+02:00,Marcel Hellkamp,1,1,2,1,1,1,0,2.0,2,1
e157d47,e157d4757658a3c82de5e03e02086d82caad6980,2009-07-09T20:48:47+02:00,Marcel Hellkamp,46,14,60,1,12,1,0,60.0,60,1
914d03f,914d03f3fca5a99723a4a47069deaf88ac288ecf,2009-07-10T15:04:39+02:00,Marcel Hellkamp,5,5,10,1,3,1,0,10.0,10,1
9dfe6a4,9dfe6a48d56c02cd89af360c2e52fca8140df5b8,2009-07-10T17:25:58+02:00,Marcel Hellkamp,1,0,1,1,1,1,0,1.0,1,1
4aed007,4aed0074b0c5d5c67ef4983104629926b2777b13,2009-07-10T19:13:34+02:00,Marcel Hellkamp,9,8,17,1,2,1,0,17.0,17,1
97218d5,97218d575ef7aab0d1e0444b97bbe03f828719c5,2009-07-10T19:15:30+02:00,Marcel Hellkamp,1,1,2,1,1,1,0,2.0,2,1
9a06235,9a0623525143803f56f9d94974eda047c0689c9a,2009-07-10T19:22:38+02:00,Marcel Hellkamp,1,1,2,1,1,1,0,2.0,2,1
e7be30e,e7be30e7919681cdeab7f94d9de6e990f6dd3da9,2009-07-10T19:32:02+02:00,Marcel Hellkamp,4,4,8,1,3,1,0,8.0,8,1
18c4cb0,18c4cb046d5252235e47773c25c42b74c7633eff,2009-07-10T22:06:36+02:00,Marcel Hellkamp,8,17,25,1,4,1,0,25.0,25,1
16a131d,16a131de2ed3c9b7fe6bcfcff71a85a71bfe9342,2009-07-10T22:07:45+02:00,Marcel Hellkamp,1,1,2,1,1,1,0,2.0,2,1
8ad8e61,8ad8e6122afadec6a6377b70f209f72556f4802c,2009-07-12T22:51:07+02:00,Marcel Hellkamp,7,2,9,1,4,1,0,9.0,9,1
3da3db5,3da3db5b3f6418821a5a1aa2d17de1f21fc1767f,2009-07-13T12:24:30+02:00,Marcel Hellkamp,112,9,121,6,11,2,1,20.17,46,4
f4513dd,f4513ddffffa63720668cb031662ad402a6bb293,2009-07-13T14:11:50+02:00,Marcel Hellkamp,1,2,3,1,2,1,0,3.0,3,1
c813059,c81305996d26bd4828ddc1f9c773f46da475d48c,2009-07-13T15:37:56+02:00,Marcel Hellkamp,33,44,77,1,18,1,0,77.0,77,1
018c905,018c905acacd020dec22c7eb3bf47b8e39dd753e,2009-07-14T12:11:28+02:00,Marcel Hellkamp,2,2,4,1,2,1,0,4.0,4,1
f3410db,f3410db27801dd648d036b41b45b7bcaa727adf4,2009-07-14T12:19:31+02:00,Marcel Hellkamp,1,1,2,1,1,1,0,2.0,2,1
3f5c259,3f5c2594c87640b860fa0161cde3e3bbb59738eb,2009-07-14T15:57:46+02:00,Marcel Hellkamp,1,1,2,1,1,1,0,2.0,2,1
5616f37,5616f379f0c564ec36059d410cf42ee681d14ac4,2009-07-14T15:58:11+02:00,Marcel Hellkamp,1,1,2,1,1,1,0,2.0,2,1
9d1e7aa,9d1e7aa9abeafae5c74778c960b0b1c737d60bdc,2009-07-17T23:00:42+02:00,Marcel Hellkamp,1,0,1,1,1,1,0,1.0,1,1
e07d4ab,e07d4abc19e337dc2f55024d242012663d979b52,2009-07-17T23:23:04+02:00,Marcel Hellkamp,1,1,2,1,1,1,0,2.0,2,1
a9c5e5a,a9c5e5a3598d74df292d20c5e0370c22c0e2500d,2009-07-17T23:33:47+02:00,Marcel Hellkamp,1,1,2,1,1,1,0,2.0,2,1
8cda56c,8cda56c26e755fa9cf27d8dc53ebd0ecdfe00133,2009-07-18T17:54:46+02:00,Marcel Hellkamp,8,12,20,1,7,1,0,20.0,20,1
eabd331,eabd331ac545c647e70bef4d4d89904d3bb4a753,2009-07-18T17:55:55+02:00,Marcel Hellkamp,87,1,88,4,6,1,1,22.0,67,4
b5dea8f,b5dea8f69db62d2aed02937066ab2ca881ae3c54,2009-07-18T18:04:41+02:00,Marcel Hellkamp,88,0,88,1,1,1,0,88.0,88,1
c3c094f,c3c094f5bb23c1baae0aa09da674ee9398574430,2009-07-18T18:09:39+02:00,Marcel Hellkamp,1,1,2,1,1,1,0,2.0,2,1
566bf6b,566bf6b160d9a3bf49ca3dd549839dbaf85313c0,2009-07-18T18:13:29+02:00,Marcel Hellkamp,20,0,20,4,4,1,0,5.0,10,1
3c5aa5c,3c5aa5c0e4ff7d8c7e4d08ee9ecd473d66829acd,2009-07-18T18:14:01+02:00,Marcel Hellkamp,1,1,2,1,1,1,0,2.0,2,1
893b8d0,893b8d034393bbb803090950794a853f5b8513cc,2009-07-22T14:44:43+02:00,Marcel Hellkamp,0,0,0,4,0,2,0,0.0,0,0
d725cf5,d725cf54fd3355f382f0e43b8666eea26bd7dc10,2009-07-22T17:06:56+02:00,Marcel Hellkamp,2,1,3,1,1,1,0,3.0,3,1
92594b1,92594b1c91885180f250aa08bcbf8fcd5d213071,2009-07-23T14:02:49+02:00,Marcel Hellkamp,42,39,81,3,27,2,1,27.0,59,3
361d5fc,361d5fc5d70568d6f16c789ed2e392dcba171a08,2009-07-23T14:34:56+02:00,Marcel Hellkamp,10,40,50,1,6,1,0,50.0,50,1
963d8e1,963d8e11a86d56203990f02fb39d3ca0a54ab61f,2009-07-23T14:42:33+02:00,Marcel Hellkamp,39,0,39,1,1,1,1,39.0,39,1
30c1dfc,30c1dfcf354e756ebe3454f5697bcaa0c48419a1,2009-07-24T10:36:50+02:00,Marcel Hellkamp,0,7,7,1,2,1,1,7.0,7,1
1c15aaf,1c15aaf2ee01dc11662e2c02c072e8d218012c6e,2009-07-24T22:30:36+02:00,Marcel Hellkamp,45,31,76,5,26,2,1,15.2,60,5
0ae30a4,0ae30a46650189e5fdc6887a56a85594559b1d40,2009-07-24T22:44:39+02:00,Marcel Hellkamp,38,39,77,1,8,1,0,77.0,77,1
bd3b3ff,bd3b3ffbbe2d6b34a5e9dc1e0d1806fc93847edb,2009-07-24T22:51:37+02:00,Marcel Hellkamp,3,2,5,1,3,1,0,5.0,5,1
6d1b591,6d1b59154f4b740b7105f4859be8caecbee31b1d,2009-07-25T12:04:55+02:00,Marcel Hellkamp,114,116,230,3,29,2,1,76.67,192,3
070f74a,070f74aec1a2852cd5ef86f965da03ce0a76d2a3,2009-07-25T15:52:26+02:00,Marcel Hellkamp,30,22,52,2,11,2,1,26.0,28,2
b3ed01d,b3ed01d269db8d10a71414d89d757b71cb6ca953,2009-07-25T17:00:22+02:00,Marcel Hellkamp,43,51,94,1,14,1,0,94.0,94,1
30d13b2,30d13b20fe84a43e63c75284ce7a7c9c6460d731,2009-07-25T19:05:23+02:00,Marcel Hellkamp,8,12,20,1,10,1,0,20.0,20,1
bb71cf4,bb71cf424b35d3e9e6026e5bc4623584436ed899,2009-07-26T01:25:33+02:00,Marcel Hellkamp,7,3,10,1,4,1,0,10.0,10,1
50fa0ad,50fa0adf7b2dbfc5c437e60e7a358eefaad14b92,2009-07-26T16:00:00+02:00,Marcel Hellkamp,7,7,14,2,3,1,0,7.0,10,1
6ac06c7,6ac06c7166560f403d43f6a41855da342acd14e0,2009-07-26T21:56:14+02:00,Marcel Hellkamp,4,5,9,1,3,1,0,9.0,9,1
d02da4a,d02da4a2b2b3161c918437d276400ec9c952b48e,2009-07-26T21:56:47+02:00,Marcel Hellkamp,1,1,2,1,1,1,0,2.0,2,1
aae43b4,aae43b4caae7741e706294eaf12d06147c646ba9,2009-07-26T22:35:28+02:00,Marcel Hellkamp,15,10,25,1,6,1,0,25.0,25,0
549ee0e,549ee0e755dbda9c2008d05e6a42bdac06c1f758,2009-07-26T22:36:58+02:00,Marcel Hellkamp,1,1,2,1,1,1,0,2.0,2,0
1bd50fb,1bd50fbc80b20d7f82302bf10f78ee2dbe598f0f,2009-07-26T22:38:46+02:00,Marcel Hellkamp,2,1,3,1,2,1,0,3.0,3,0
7bf6089,7bf60898bfb2b484141243daef9c546ae9664e4c,2009-07-28T16:01:48+02:00,Marcel Hellkamp,2,2,4,1,2,1,0,4.0,4,1
add3870,add3870eb5f24703b6fbf3f5d4a9989a192d0963,2009-07-30T09:10:08+02:00,Marcel Hellkamp,20,6,26,1,6,1,0,26.0,26,1
75bd9b3,75bd9b38ab683bd259e46e4a370875a0e2bf3079,2009-07-30T11:07:28+02:00,Marcel Hellkamp,59,58,117,7,29,2,1,16.71,59,7
d805f06,d805f068ec4e8256a0b364dd221af9d232707e9a,2009-07-30T11:15:17+02:00,Marcel Hellkamp,10,11,21,2,6,1,0,10.5,16,1
f9df11b,f9df11b818a730cddabd4316aed68a0ea13c3299,2009-07-30T16:31:56+02:00,Marcel Hellkamp,65,1,66,3,4,2,1,22.0,62,3
f293560,f29356023c1523653f36502aa6fc1688c6cb535b,2009-07-30T17:00:37+02:00,Marcel Hellkamp,2,0,2,1,2,1,1,2.0,2,1
734ac60,734ac6060ae55a927cf73c0ae054c7ce89c40e47,2009-07-30T21:10:53+02:00,Marcel Hellkamp,2,0,2,1,1,1,0,2.0,2,1
950680e,950680eb2212ad93f81c9f5cf756bc32d87fec60,2009-08-11T08:23:43+02:00,Marcel Hellkamp,22,15,37,1,13,1,0,37.0,37,1
ed1c165,ed1c1650f2854c73c4a49aec3b8fdbe467efb325,2009-08-11T08:35:56+02:00,Marcel Hellkamp,7,4,11,1,3,1,0,11.0,11,1
863527a,863527a20cd3c861a0b732b8cc5b605c6e997a89,2009-08-11T08:50:10+02:00,Marcel Hellkamp,9,2,11,2,3,2,1,5.5,9,2
333ff16,333ff169d86df55f4cf9a2a94258d504147fafd5,2009-08-20T22:03:58+02:00,Marcel Hellkamp,32,0,32,2,5,2,1,16.0,16,2
13e59c9,13e59c97ec81eef3f2543ce6e744f8ce935102a9,2009-08-20T22:40:13+02:00,Marcel Hellkamp,13,1,14,1,1,1,0,14.0,14,1
aabcc3c,aabcc3cdc8c9e12652ac1840f1d4ab3faed59553,2009-08-21T01:57:57+02:00,Marcel Hellkamp,63,13,76,2,9,2,1,38.0,48,2
2cc0d88,2cc0d88623d63b260c5690d135f6abbb24cc9360,2009-08-21T02:03:40+02:00,Marcel Hellkamp,3,3,6,2,3,2,1,3.0,4,2
783731c,783731ca60dd945c58052931bb2c1cfd008f8d4c,2009-08-21T02:11:56+02:00,Marcel Hellkamp,4,2,6,1,3,1,1,6.0,6,1
25c02f2,25c02f22bc960641bcdb193bf6756e177fc6f372,2009-08-21T17:03:10+02:00,Marcel Hellkamp,4,1,5,1,1,1,0,5.0,5,1
d99613e,d99613ec7ae6c6f9c3787bbd801cc1c8ed344de4,2009-09-09T02:05:21+02:00,Marcel Hellkamp,3,2,5,1,3,1,0,5.0,5,1
a1e0f4d,a1e0f4d08fdf49be688407c9c97d9fb001d857bc,2009-09-16T18:41:04+02:00,Marcel Hellkamp,1,1,2,1,1,1,0,2.0,2,1
a7059a8,a7059a8753500f6aa5f425ffb09fe516fd69d6cf,2009-09-23T22:54:17-04:00,Matthew Perpick,26,10,36,1,6,1,0,36.0,36,1
0e8ac83,0e8ac838653228cc5d18ab8f7913667b6a46488c,2009-09-23T22:55:38-04:00,Matthew Perpick,6,6,12,1,3,1,0,12.0,12,1
9498374,9498374f8c9d022b297b175ac807d8787d02371b,2009-09-24T09:54:44+02:00,Damien Degois,35,1,36,1,3,1,0,36.0,36,1
9e7c298,9e7c298812ab0d12141844159737fe0244e0cebe,2009-09-24T10:01:55+02:00,Damien Degois,1,1,2,1,1,1,0,2.0,2,1
a6b5ab4,a6b5ab4290f447e7364936ce7ed811889b8d757b,2009-09-24T12:17:39+02:00,Marcel Hellkamp,7,1,8,1,3,1,0,8.0,8,1
6365d98,6365d98e0d3c6707ccbbabed9d36d98b166f71b5,2009-09-24T14:17:54+02:00,Marcel Hellkamp,51,10,61,1,6,1,0,61.0,61,1
663b9b1,663b9b1665463a8533793fc04dcc1324c173419e,2009-09-24T19:08:48+02:00,Marcel Hellkamp,2,54,56,1,4,1,0,56.0,56,0
db8d396,db8d3961fc44518b7fda2645176584fc2fe842d7,2009-09-24T19:13:28+02:00,Marcel Hellkamp,1,1,2,1,1,1,0,2.0,2,0
6897f3b,6897f3bab0e15a9bf3f175419401561549fcc9a9,2009-09-24T20:08:39+02:00,Marcel Hellkamp,1,1,2,1,1,1,0,2.0,2,1
be875ed,be875ed4fb0ac9a55977742a16834c9a1782167e,2009-09-25T19:34:36+02:00,Marcel Hellkamp,63,53,116,2,19,2,1,58.0,88,2
3fba16b,3fba16bca2d5c7ee3f4ab3c6d7d7c8ccbdae4a64,2009-10-01T01:13:17+02:00,Marcel Hellkamp,12,10,22,1,9,1,0,22.0,22,1
a02cbc6,a02cbc610de7bb74de7a585e62a81bbd33ca4b84,2009-10-01T01:33:32+02:00,Marcel Hellkamp,1,0,1,1,1,1,0,1.0,1,1
db85702,db8570266cd9827d3e7c6f5b81c6c01afdec13f0,2009-10-01T14:16:23+02:00,Marcel Hellkamp,13,8,21,1,7,1,0,21.0,21,1
240f9b8,240f9b88fc899cbc85618a8eed3368922208b204,2009-10-01T15:02:08+02:00,Marcel Hellkamp,37,2,39,3,5,1,1,13.0,36,1
cb038e5,cb038e5e5a976ea48ff196cbcfda400d8195ec7d,2009-10-01T15:34:53+02:00,Marcel Hellkamp,12,8,20,1,7,1,0,20.0,20,1
a713819,a7138193f00dc279c1303d52fbe75f1453959f44,2009-10-01T18:08:57+02:00,Marcel Hellkamp,125,35,160,7,11,2,1,22.86,71,5
e2240c9,e2240c93fdf1358db37e99a5ed4f04bcd14b79a6,2009-10-01T21:05:21+02:00,Marcel Hellkamp,23,34,57,1,3,1,0,57.0,57,1
203f717,203f7172736d63af33f7919c5db0ac989f98b673,2009-10-01T21:53:33+02:00,Marcel Hellkamp,36,0,36,2,3,1,1,18.0,34,2
78ed4c4,78ed4c4f42f9ed9ad9f9a68ac89d8966a8bd6031,2009-10-01T21:58:53+02:00,Marcel Hellkamp,6,5,11,1,4,1,0,11.0,11,1
604c44c,604c44ce1e4b08ca078dc9b3d8c6ae267533206a,2009-10-01T22:22:59+02:00,Marcel Hellkamp,51,45,96,1,12,1,0,96.0,96,1
4f575e1,4f575e1b2c52866e8e4ed96337f5bd6e48eb6464,2009-10-01T22:53:19+02:00,Marcel Hellkamp,18,19,37,1,9,1,0,37.0,37,1
c18a405,c18a405fb39d16a726452ad31e6c8c0c7441ed79,2009-10-01T23:33:23+02:00,Marcel Hellkamp,10,9,19,3,8,1,1,6.33,12,2
a571b8f,a571b8f566edda6ed2b75320913c4cde30776c6f,2009-10-02T00:06:53+02:00,Marcel Hellkamp,143,91,234,1,62,1,0,234.0,234,1
6239a83,6239a8345c1c626c0e94b4429ea230577c520e95,2009-10-02T15:03:29+02:00,Marcel Hellkamp,70,43,113,1,21,1,0,113.0,113,1
2e59f8b,2e59f8b9a5d705477266d2f66bcd00d3db6619d8,2009-10-02T20:58:05+02:00,Marcel Hellkamp,29,18,47,1,14,1,0,47.0,47,1
4d623c3,4d623c3c5b3cf1958a23e6aaa24c410d1fd97f04,2009-10-02T23:52:36+02:00,Marcel Hellkamp,25,30,55,2,12,2,1,27.5,37,2
ef12d0b,ef12d0b9af422e0070b4073e2bbc717afd46bd94,2009-10-03T00:41:43+02:00,Marcel Hellkamp,2,2,4,1,2,1,0,4.0,4,1
28a9c8b,28a9c8b80567e8b622ab4eabd5827434bc07f37e,2009-10-03T00:47:03+02:00,Marcel Hellkamp,4,1,5,1,1,1,0,5.0,5,1
3ce77ca,3ce77cabc81b7e2c558ee878bbb48200586b0815,2009-10-03T00:49:17+02:00,Marcel Hellkamp,1,1,2,1,1,1,0,2.0,2,1
e5a18cb,e5a18cb56089d47ac7ca552020a13ea16f539bb0,2009-10-03T18:37:08+02:00,Marcel Hellkamp,7,8,15,3,7,2,1,5.0,11,3
5356b94,5356b9429612295a7336b9d94bdf78b812ff1347,2009-10-04T19:06:37+02:00,Marcel Hellkamp,24,3,27,1,4,1,0,27.0,27,1
06ca8be,06ca8be2d62504e956fcba261e27118dab62eee2,2009-10-05T21:45:42+02:00,Marcel Hellkamp,2,2,4,1,2,1,0,4.0,4,1
4549d64,4549d64dfee01555bc3dbaeed139a3f1ea13b253,2009-10-05T22:34:22+02:00,Marcel Hellkamp,26,11,37,1,9,1,0,37.0,37,1
8668a76,8668a76340b386311bd5b17052fff1aac3b9e40c,2009-10-06T00:19:07+02:00,Marcel Hellkamp,16,15,31,1,11,1,0,31.0,31,1
cd8c6b7,cd8c6b755a62a051d683b60d86142b56e081e45f,2009-10-06T00:28:53+02:00,Marcel Hellkamp,2,2,4,1,1,1,0,4.0,4,1
0d04251,0d0425150126cf8dad4d86502acf738368fdc1c6,2009-10-06T00:48:00+02:00,Marcel Hellkamp,14,12,26,1,3,1,0,26.0,26,1
5149f6b,5149f6be36517dbd77251dce3ddaf9aea3802086,2009-10-06T01:11:00+02:00,Marcel Hellkamp,22,0,22,4,4,1,1,5.5,8,1
33dbe5a,33dbe5a7d2dd67d780ac4f1bf16871eb96d5bd1e,2009-10-06T14:59:23+02:00,Marcel Hellkamp,1,0,1,1,1,1,0,1.0,1,1
1483ac2,1483ac2dd59bafc6e79ab2aec69de24f05213056,2009-10-06T18:11:33+02:00,Marcel Hellkamp,214,81,295,7,22,2,1,42.14,161,6
051ed1a,051ed1a7f531e3b3a9a931fd81b28608ca63f905,2009-10-06T18:17:17+02:00,Marcel Hellkamp,0,34,34,1,1,1,1,34.0,34,1
7588401,75884019df9d525aa1e488a6c7d97cbd9df5eec1,2009-10-06T18:24:29+02:00,Marcel Hellkamp,4,8,12,1,2,1,0,12.0,12,1
d1a8684,d1a86847a050e9d5d812458000ab02a673b59723,2009-10-06T19:11:41+02:00,Marcel Hellkamp,9,45,54,12,9,3,1,4.5,38,4
918fad9,918fad96a3fd975af2e8372deb9c679cf76d0660,2009-10-06T19:31:22+02:00,Marcel Hellkamp,15,1,16,2,5,2,1,8.0,8,2
f80baf1,f80baf1bb9f4cf898ea852e421ea8ea2ae655e4f,2009-10-06T21:25:54+02:00,Marcel Hellkamp,9,1,10,2,2,2,1,5.0,6,2
6efb58e,6efb58e00a31a4d6341b247e608a035b6941ec84,2009-10-07T02:11:16+02:00,Marcel Hellkamp,5,4,9,1,3,1,1,9.0,9,1
7d6ca12,7d6ca122564816719a01e5c676a6ef4a2d5bcd97,2009-10-07T02:11:44+02:00,Marcel Hellkamp,1,5,6,1,1,1,0,6.0,6,1
9ef63f3,9ef63f3719ae5877a57f878271975db9454d2d3f,2009-10-07T02:33:36+02:00,Marcel Hellkamp,22,12,34,2,12,2,1,17.0,32,2
3dd7bbf,3dd7bbfa145d213771fb7bf91cb67f17d4a850a3,2009-10-10T17:34:08+08:00,sma,6,6,12,1,5,1,0,12.0,12,0
fda5d1f,fda5d1fd781dabb29ef2165cab9c7e0d73568790,2009-10-10T18:21:31+08:00,sma,79,1,80,7,9,3,1,11.43,43,3
565eef9,565eef9b4ce64c600cb266bca2cb00a47009c712,2009-10-10T14:45:18+02:00,Marcel Hellkamp,5,161,166,2,3,1,0,83.0,158,0
8d86015,8d86015704dd1d848f66ea8e734b3f90e62b1294,2009-10-10T14:53:34+02:00,Marcel Hellkamp,8,0,8,1,2,1,0,8.0,8,1
67a2cb0,67a2cb024b01263722f12c85dc081f2ab107ee58,2009-10-11T04:38:49+02:00,Marcel Hellkamp,2,0,2,1,2,1,0,2.0,2,1
c9b133b,c9b133b631d18740242dede0a0668051d638e202,2009-10-13T04:39:11+02:00,Marcel Hellkamp,1,0,1,1,1,1,0,1.0,1,0
4af1ce1,4af1ce13997ce178556d15be47a2eb16c02c86c8,2009-10-13T04:40:09+02:00,Marcel Hellkamp,1,0,1,1,1,1,0,1.0,1,1
e1c5642,e1c56426894febb1168699fb3f7e57b6de4fd167,2009-10-15T16:57:28+02:00,Marcel Hellkamp,12,8,20,2,6,2,1,10.0,16,2
7d6dd1b,7d6dd1b8b876e697508267b33c2e756da787b93b,2009-10-15T16:59:53+02:00,Marcel Hellkamp,1,0,1,1,1,1,0,1.0,1,1
a16c138,a16c1385e03dbf73dd1531b3f21a1decc507e116,2009-10-16T16:34:07+02:00,Marcel Hellkamp,44,25,69,2,7,2,1,34.5,54,2
66c4a2f,66c4a2fd16358a772749afa109e1020121c39a56,2009-10-16T18:43:56+02:00,Marcel Hellkamp,161,15,176,3,23,2,1,58.67,109,3
aac2aca,aac2acac1635cbac285ff82dbb55e13d546c23c5,2009-10-16T21:53:20+02:00,Marcel Hellkamp,3,7,10,1,3,1,0,10.0,10,1
54f716b,54f716b97e11e81ba655a4681493556b0397ed32,2009-10-16T23:15:33+02:00,Marcel Hellkamp,1,1,2,1,1,1,1,2.0,2,1
ca8b8c5,ca8b8c57df884ce93673d892b18b1372394dfd92,2009-10-21T12:06:24+02:00,Marcel Hellkamp,2,0,2,1,1,1,0,2.0,2,1
a0a1724,a0a17241f57fd949fdc96a8b5b47b79b1fdbf914,2009-10-21T15:13:52+02:00,Marcel Hellkamp,7,0,7,1,1,1,0,7.0,7,1
589aad6,589aad663289a680725b4c9b4478c39210e656e4,2009-10-21T15:32:41+02:00,Marcel Hellkamp,9,5,14,1,4,1,0,14.0,14,1
0615a99,0615a991c180de563277753c038c2659431b8912,2009-10-21T15:38:10+02:00,Marcel Hellkamp,6,3,9,2,4,2,1,4.5,6,2
0d9cd93,0d9cd9375224a4d2b407d80c0193a2fd36857d91,2009-10-22T12:29:26+02:00,Marcel Hellkamp,2,2,4,1,1,1,0,4.0,4,1
d3dbd8e,d3dbd8e8640f67ea25fd0a18f62f7e950c504089,2009-10-22T15:13:30+02:00,Marcel Hellkamp,2,5,7,1,4,1,0,7.0,7,1
ad33a46,ad33a46b531f32cfe602c6dfc9f7d1f4f5442687,2009-10-22T15:15:03+02:00,Marcel Hellkamp,1,1,2,1,1,1,0,2.0,2,1
719241f,719241f6ee04434bc5a4d8135149f344ededda42,2009-10-23T16:59:06+02:00,Marcel Hellkamp,2,2,4,1,2,1,0,4.0,4,1
b46eb37,b46eb370caa809fd05c4bb17752da96157e9f9f5,2009-10-27T18:41:14+01:00,Marcel Hellkamp,66,0,66,1,1,1,0,66.0,66,1
5c3a513,5c3a513e60023159463ed9b54b3db3980b28704b,2009-10-27T18:42:12+01:00,Marcel Hellkamp,0,130,130,6,6,2,0,21.67,84,2
97ff3c2,97ff3c2f06eca17e279c813fe38e776b10427ae9,2009-10-27T23:03:17+01:00,Marcel Hellkamp,0,38,38,1,1,1,1,38.0,38,1
1dceb78,1dceb789ae5a777fa7602a730f241ffc133f9a90,2009-10-27T23:05:17+01:00,Marcel Hellkamp,34,95,129,3,27,1,1,43.0,122,3
f61781a,f61781a53b48021be8a6e2810da7626e12965ad0,2009-10-29T09:32:49+01:00,Marcel Hellkamp,61,38,99,2,11,1,1,49.5,66,2
e0611ed,e0611ed113ecb356db30e67dc17f119b70a06c7f,2009-10-29T09:39:40+01:00,Marcel Hellkamp,12,4,16,1,3,1,0,16.0,16,1
eb5ad62,eb5ad625289c6001d4c3b699cbcd17bcdf9f9fa4,2009-10-29T13:40:03+01:00,Marcel Hellkamp,30,32,62,1,6,1,1,62.0,62,1
a71a1d0,a71a1d0b36eacc9be6f99700a68f4a3e7760e705,2009-11-03T09:07:19+01:00,Marcel Hellkamp,1115,88,1203,43,15,6,0,27.98,461,5
3527ea4,3527ea4de86fd4d9773ec62d7d73e66a54cb495f,2009-11-03T09:13:01+01:00,Marcel Hellkamp,0,0,0,1,0,1,0,0.0,0,0
5bbccc1,5bbccc12b975b8e25f34719575f4c0bca2c82a3d,2009-11-10T20:05:21+01:00,Marcel Hellkamp,91,13,104,3,23,2,1,34.67,61,3
71d4a25,71d4a25f4c3abf347da1d5f7648b947f518da367,2009-11-12T20:41:48+01:00,Marcel Hellkamp,246,109,355,2,16,2,1,177.5,182,2
fe11852,fe11852759fc14c118959332337e98789120aae5,2009-11-12T21:41:44+01:00,Marcel Hellkamp,2,0,2,1,2,1,0,2.0,2,1
05855c6,05855c650858b73b208abd6d9889fa737fbb06e6,2009-11-12T21:42:12+01:00,Marcel Hellkamp,9,3,12,1,5,1,0,12.0,12,1
7d31859,7d318596bf7f086191b57e1464b209af4ab7945f,2009-11-12T22:53:50+01:00,Marcel Hellkamp,94,85,179,1,48,1,0,179.0,179,1
6f67eae,6f67eae3449d412595bc90f3ae541b0fa4a258ee,2009-11-12T22:54:56+01:00,Marcel Hellkamp,1,5,6,1,1,1,0,6.0,6,1
9d3516d,9d3516d29b17f7c7d40c8009833b14bc42fec346,2009-11-12T23:04:04+01:00,Marcel Hellkamp,6,3,9,1,4,1,0,9.0,9,1
d1c721f,d1c721f98298fd60d20f9c2e4877415357471310,2009-11-13T12:03:13+01:00,Marcel Hellkamp,0,1,1,1,1,1,0,1.0,1,0
aef15d3,aef15d30251e5c39105c0260152882363e0dc226,2009-11-13T13:29:23+01:00,Marcel Hellkamp,297,91,388,1,57,1,0,388.0,388,0
bdb0d9e,bdb0d9e334df5e612da474695af7e8b8679ca70c,2009-11-16T18:02:25+01:00,Marcel Hellkamp,89,19,108,6,11,3,1,18.0,85,2
25f2238,25f22383ee934fa87a0df1b9be46b4779cbbda82,2009-11-16T18:30:14+01:00,Marcel Hellkamp,38,8,46,4,7,2,0,11.5,21,1
356bd77,356bd773962b342d9066a749920acf5de821a668,2009-11-16T19:00:17+01:00,Marcel Hellkamp,20,6,26,3,7,2,0,8.67,19,1
357f354,357f354db40a9e5922bf35500cdbb2e814c2d5a7,2009-11-17T21:16:11+01:00,Marcel Hellkamp,42,6,48,1,3,1,0,48.0,48,0
c29458a,c29458a6b7896904a8694edf9ddc7c4845b0bf27,2009-11-17T21:19:36+01:00,Marcel Hellkamp,1,0,1,1,1,1,0,1.0,1,0
4feb48f,4feb48f00a29db1dcbb4ea9bc36b009efb16ba7f,2009-11-20T22:18:05+01:00,Marcel Hellkamp,1,2,3,9,2,3,1,0.33,2,1
b4035db,b4035db5a56adc48287370a3b1f10927201fbbaa,2009-11-21T19:10:11+01:00,Marcel Hellkamp,3,144,147,1,5,1,0,147.0,147,1
e9da50a,e9da50a9a3e3116082063da7d761317da9940ccc,2009-11-23T08:53:24+01:00,Marcel Hellkamp,3,1,4,2,2,1,0,2.0,2,1
649c2df,649c2df45f8c02db8ae0db0d2ac2b184c07f8c64,2009-11-24T09:58:37+01:00,Marcel Hellkamp,0,3,3,1,3,1,0,3.0,3,1
53ade2a,53ade2ae026cfb2e8eaabb7d9d51f839bef75eca,2009-11-24T09:59:20+01:00,Marcel Hellkamp,32,0,32,1,1,1,0,32.0,32,0
206576a,206576aa4bc15b95c94d3ae7a9c7d935dd59b401,2009-11-24T18:33:00+01:00,Marcel Hellkamp,56,47,103,5,15,2,0,20.6,64,0
2bb5ce8,2bb5ce8cbad29545b107f64b01b4870064d5dd85,2009-11-26T09:11:10+01:00,Marcel Hellkamp,61,20,81,3,26,2,1,27.0,46,3
cf48731,cf48731df6be27a04f350b0f05bc88b88bd6c53e,2009-11-26T09:31:26+01:00,Marcel Hellkamp,1,1,2,1,1,1,0,2.0,2,0
ca786b8,ca786b89842d1a9290b6018a791b9177662ed3d1,2009-11-26T17:42:57+01:00,Marcel Hellkamp,122,101,223,1,18,1,0,223.0,223,1
74edcfd,74edcfdacc4d54aa634acd751c6068b1ffb30111,2009-11-26T19:28:48+01:00,Marcel Hellkamp,73,121,194,2,37,2,1,97.0,113,2
d24f47d,d24f47d386cd180b7a11d6ea29ffff3d1b92679c,2009-11-27T09:03:58+01:00,Marcel Hellkamp,2,0,2,1,1,1,0,2.0,2,1
46535ad,46535ad1e29df2fd59c1ddf7898fe6fd2427bdb9,2009-11-27T09:05:00+01:00,Marcel Hellkamp,2,2,4,1,2,1,1,4.0,4,1
5946e2c,5946e2ca00950c96d9e2153d0ac69855edc09dba,2009-11-27T09:35:39+01:00,Marcel Hellkamp,5,4,9,1,3,1,0,9.0,9,1
39b7851,39b7851e53ca63ab720d87dbacac9fb4630e908d,2009-11-27T09:38:44+01:00,Marcel Hellkamp,2,2,4,1,1,1,0,4.0,4,1
ef91777,ef91777458d9e0afecb7be71d4687c0cbdf810d6,2009-11-27T10:01:17+01:00,Marcel Hellkamp,31,22,53,1,9,1,0,53.0,53,1
04cee51,04cee51f255c266ce083cfe239a9a3ebdd57cbf7,2009-11-27T10:34:56+01:00,Marcel Hellkamp,53,45,98,4,20,3,1,24.5,53,2
7c515c5,7c515c5a854ecac6461acfb0f952956bbe617a70,2009-11-27T15:04:05+01:00,Marcel Hellkamp,109,86,195,4,11,2,1,48.75,98,3
e5731a5,e5731a5c67b6a723c575bb0c4ae26eac27c20afb,2009-11-27T17:48:26+01:00,Marcel Hellkamp,91,69,160,2,25,2,1,80.0,148,2
6f4b769,6f4b76938c372d7bef188177418a6f5afc18c768,2009-11-27T18:55:14+01:00,Marcel Hellkamp,8,1,9,1,2,1,0,9.0,9,1
a6b87db,a6b87dbf7d159c5df800af8a9d1e4d3c793c9abd,2009-11-27T19:10:15+01:00,Marcel Hellkamp,7,3,10,1,2,1,0,10.0,10,1
3ac0049,3ac00499c1eb55869ecdd62db8ff00f037f34f51,2009-11-27T20:08:33+01:00,Marcel Hellkamp,30,4,34,3,6,2,1,11.33,18,1
4b56fec,4b56fec2444b6f8ee60a1da6d62834e02e89ad5f,2009-11-27T22:04:53+01:00,Marcel Hellkamp,6,6,12,1,6,1,0,12.0,12,1
66ccf95,66ccf95229e41db8e236e86e77b86bb6aea84c24,2009-11-27T23:39:33+01:00,Marcel Hellkamp,4,3,7,1,2,1,0,7.0,7,1
5bc132d,5bc132db68b5efdd5160a056127f9dc582bd1e26,2009-12-08T08:47:12+01:00,Marcel Hellkamp,85,176,261,13,23,2,1,20.08,110,11
96e2a2a,96e2a2a8b06b9461200c373fe3d1618fbad44137,2009-12-08T08:56:01+01:00,Marcel Hellkamp,12,13,25,2,9,2,1,12.5,21,2
a8fa9f1,a8fa9f17827cd441c0b0fb83c3b9beca88f0c8bd,2009-12-09T12:07:25+01:00,Marcel Hellkamp,54,31,85,9,18,4,1,9.44,59,1
6a8c78d,6a8c78da9c0ef635a94399e0bb45ac8207142ae3,2009-12-09T12:08:10+01:00,Marcel Hellkamp,131,0,131,1,1,1,0,131.0,131,1
6c71f3d,6c71f3dc202140bbb34d1b325d14111ca5005f29,2009-12-10T09:44:07+01:00,Marcel Hellkamp,12,0,12,1,2,1,0,12.0,12,1
a49050a,a49050ad7f65ff7699b9620cf93dc3207f2651de,2009-12-03T01:04:38+08:00,Damien Degois,1,1,2,1,1,1,0,2.0,2,1
7f9631b,7f9631b84d0b7062d1f34a5102120fa329c6ff0e,2009-12-15T17:09:46+01:00,Marcel Hellkamp,14,5,19,1,8,1,0,19.0,19,1
617fda9,617fda9839c47b58e2e9d4df66b3b6cb0d4ef755,2009-12-15T17:11:31+01:00,Marcel Hellkamp,1342,18,1360,3,20,1,1,453.33,1318,3
49e395c,49e395cf7588daefbe059a9904677a0e533346e4,2009-12-15T17:12:23+01:00,Marcel Hellkamp,59,78,137,2,17,1,0,68.5,124,0
612f1f1,612f1f1bd86b25fbb5ce3305f6588fa2976fd7e3,2009-12-15T17:17:21+01:00,Marcel Hellkamp,21,4,25,1,3,1,0,25.0,25,1
fd9d7e0,fd9d7e0c43a6f2656e5c7941e0552ea29979c18f,2009-12-15T17:21:12+01:00,Marcel Hellkamp,0,0,0,1,0,1,0,0.0,0,0
0e2b42e,0e2b42e1e66273651334f850913c101d96862325,2009-12-18T20:21:56+01:00,Marcel Hellkamp,3,2,5,1,1,1,0,5.0,5,1
b9517a7,b9517a74c6d100d0b043d58bb4b3b0344d820eaa,2009-12-18T23:05:14+01:00,Marcel Hellkamp,23,3,26,1,4,1,0,26.0,26,1
884adea,884adea7bf65ba65ffba187eedfd35ed36720d52,2009-12-18T22:43:22+02:00,Alexander Solovyov,2,9,11,2,2,2,0,5.5,9,1
6b699df,6b699df5473bdf6a10a3325fb145773f5401dc1c,2009-12-19T04:43:51+08:00,Alexander Solovyov,0,0,0,1,0,1,0,0.0,0,1
15ab907,15ab9076152bb54d2de1a1c130997970e62ecd61,2009-12-27T16:54:40+01:00,Marcel Hellkamp,22,7,29,2,9,2,0,14.5,28,1
bd2887a,bd2887a774a8812b8a1b12c8b567acb77ad718e8,2010-01-01T23:03:09+01:00,Marcel Hellkamp,126,4,130,4,5,2,0,32.5,97,0
f68c962,f68c9628ad695c0a4cd89990d190605cbd289dbc,2010-01-02T01:46:15+01:00,Marcel Hellkamp,151,175,326,17,46,5,1,19.18,77,1
2bb067b,2bb067b3ccccdef99fe47c5212d9c25954724a1f,2010-01-03T00:07:52+01:00,Marcel Hellkamp,6,3,9,6,5,3,0,1.5,7,0
db63493,db634937c574762042f366f466cbe30d8853d8e2,2010-01-03T18:19:59+01:00,Marcel Hellkamp,13,3,16,1,4,1,0,16.0,16,1
5d7f726,5d7f726203bcb6f5833f6491768c1e1970847faa,2010-01-03T18:20:28+01:00,Marcel Hellkamp,664,11,675,3,9,2,0,225.0,657,1
99514a7,99514a7853639a49d883d11b71d7388d2450ad7a,2010-01-09T11:45:34+01:00,Marcel Hellkamp,8,1327,1335,2,3,2,0,667.5,1318,2
341152e,341152ec22268feed10fe52c31d7d72d7661b6e4,2010-01-09T12:45:45+01:00,Marcel Hellkamp,620,0,620,3,3,2,0,206.67,618,0
9dae247,9dae2477df99d18be25190e774e49fd9d27c0e72,2010-01-11T15:38:12+01:00,Marcel Hellkamp,22,4,26,1,2,1,0,26.0,26,0
8ee3a39,8ee3a39d5a72b0a6a2f2fda582ac095b08424e29,2010-01-11T15:39:02+01:00,Marcel Hellkamp,35,13,48,1,15,1,0,48.0,48,1
c3fa440,c3fa440ab682cd35adfacf2b4879ec1e8533df76,2010-01-12T00:27:35+01:00,Marcel Hellkamp,64,110,174,2,14,2,1,87.0,170,2
18d73ce,18d73cebeb60f8bdcd292481cb1d34981464a811,2010-01-12T01:11:37+01:00,Marcel Hellkamp,1,1,2,1,1,1,0,2.0,2,1
97fd4f8,97fd4f83ed0c278deb4e9aad7b8a2f97582ac111,2010-01-12T19:29:01+01:00,Marcel Hellkamp,64,58,122,1,22,1,0,122.0,122,1
cb0cacd,cb0cacd602c7fdf1a63a44299a206ab6acf8dc57,2010-01-14T14:35:21+01:00,Marcel Hellkamp,82,92,174,2,25,2,1,87.0,140,2
96aa3c7,96aa3c7c42aa3e86b19973bfc34e4279dec438c3,2010-01-14T16:55:27+01:00,Marcel Hellkamp,14,9,23,1,8,1,0,23.0,23,1
bdfb51d,bdfb51df5b72ed369b0d807a8ddff451bee5357b,2010-01-14T17:06:30+01:00,Marcel Hellkamp,52,19,71,1,32,1,0,71.0,71,1
148fff0,148fff062339abf8cd99dd93975064856c11dd07,2010-01-21T16:25:25+01:00,Marcel Hellkamp,46,37,83,2,17,2,1,41.5,75,2
5278373,5278373dce6dce89ad6d3856709552c09084ff69,2010-01-21T16:25:34+01:00,Marcel Hellkamp,42,15,57,2,10,1,0,28.5,34,0
89117e5,89117e596220b56d29aac0138be72953ce06d7af,2010-01-25T23:43:39+01:00,Marcel Hellkamp,212,110,322,8,59,2,1,40.25,149,8
1625213,1625213cac575aa796e71a0f5bc7018bb9fa84c6,2010-01-26T22:30:38+01:00,Marcel Hellkamp,1,1,2,1,1,1,0,2.0,2,1
d429d68,d429d6852cc082b8bb91b3ef2ba26d96c51a4057,2010-01-29T11:00:07+01:00,Marcel Hellkamp,10,26,36,1,5,1,0,36.0,36,1
968abbd,968abbd5be81d41090b110efbe2c859210d48307,2010-01-29T11:07:03+01:00,Marcel Hellkamp,9,11,20,2,9,2,1,10.0,14,2
a68c343,a68c3438cdb502185b572c2e03d7daf19f75205f,2010-01-29T11:53:34+01:00,Marcel Hellkamp,1,1,2,1,1,1,0,2.0,2,1
b7412e8,b7412e8e646579c951d66209bc8605f10f3ded90,2010-01-31T12:32:16+01:00,Marcel Hellkamp,4,2,6,1,3,1,0,6.0,6,0
62c0025,62c002545ab58d5e1f3b792d987219c538a96f90,2010-01-31T12:34:51+01:00,Marcel Hellkamp,7,12,19,1,6,1,0,19.0,19,0
0b58196,0b58196e65e7cea607d133e9d5ded92d06171b0c,2010-02-03T00:03:14+01:00,Marcel Hellkamp,11,12,23,1,11,1,0,23.0,23,1
09f75c5,09f75c5272439fe2c1ab297941bd5cc64e260720,2009-12-17T16:15:19+01:00,Marcel Hellkamp,20,3,23,2,9,2,1,11.5,14,2
08047f7,08047f73a0ff49ab4360713116d6ed82df14aa18,2009-12-17T16:24:53+01:00,Marcel Hellkamp,7,1,8,1,2,1,1,8.0,8,1
8575843,857584395bff54f4b5ad4652d128d73b104004d1,2009-12-17T19:51:47+01:00,Marcel Hellkamp,107,122,229,3,40,3,1,76.33,130,2
2ad572e,2ad572eb6b311188c564b753516c7f3613a91393,2010-02-02T09:21:46+01:00,Marcel Hellkamp,94,66,160,1,12,1,0,160.0,160,1
a9dd321,a9dd321e47e6925ec5fd3175552b0b37f466fd87,2010-02-02T17:30:40+01:00,Marcel Hellkamp,13,13,26,1,13,1,0,26.0,26,1
7fb0c1b,7fb0c1b3ca82feb1c3829ee32fa0fc1e1216865e,2010-02-02T19:14:37+01:00,Marcel Hellkamp,9,17,26,1,7,1,0,26.0,26,1
013d6af,013d6af7693ec7e090250367e4e733de409c62ad,2010-02-02T20:47:32+01:00,Marcel Hellkamp,24,22,46,2,14,2,1,23.0,44,2
38f0403,38f0403a1fea09801a53bd0367e41960c87ae6bb,2010-02-04T01:24:39+01:00,Marcel Hellkamp,8,5,13,1,6,1,0,13.0,13,1
03de26f,03de26fd1c6677c066f2b615f6f97612daed19c3,2010-02-04T01:28:38+01:00,Marcel Hellkamp,5,5,10,1,5,1,0,10.0,10,1
e0f75b9,e0f75b9e1a3eae7bf2ba287499c84a232d46dcab,2010-02-04T15:47:31+01:00,Marcel Hellkamp,1,1,2,1,1,1,0,2.0,2,0
33a8012,33a80121b828d9d3feaeefe1e993595d3cc9f904,2010-02-05T14:25:41+01:00,Marcel Hellkamp,52,53,105,1,10,1,0,105.0,105,1
9aaf5b0,9aaf5b04dad036035a26c09200241827a06fd97c,2010-02-05T16:28:12+01:00,Marcel Hellkamp,92,67,159,2,34,1,1,79.5,118,2
7616b67,7616b678827c5d7eff8b265776f9b08203966d1d,2010-02-05T17:07:13+01:00,Marcel Hellkamp,57,70,127,3,27,2,1,42.33,117,3
23b5be7,23b5be7173cbc3f27d980f754526933d570104c4,2010-02-05T17:11:08+01:00,Marcel Hellkamp,5,56,61,2,6,1,0,30.5,59,0
dbfa4a2,dbfa4a267544f4964cc9e62c88aad7b0b001406c,2010-02-05T16:29:25+01:00,Marcel Hellkamp,12,12,24,1,12,1,0,24.0,24,1
5ff1d8c,5ff1d8c75579b0283b8f7f99396ca4209fa40c59,2010-02-05T17:33:36+01:00,Marcel Hellkamp,24,23,47,5,19,2,1,9.4,35,5
82804ac,82804ace13f5a96147a9bdf14df0774fef5c0f93,2010-02-07T06:02:54+08:00,john benjamin clark blasdell,1,1,2,1,1,1,0,2.0,2,1
6b8b4f0,6b8b4f0abf76736703c4e11374ca16a47812f8be,2010-02-07T22:24:10+01:00,Marcel Hellkamp,3,9,12,1,2,1,0,12.0,12,1
c97be18,c97be1853d2483520ffee3a7b598e496971acc16,2010-02-09T13:53:50+01:00,Marcel Hellkamp,25,26,51,3,13,2,1,17.0,34,3
423b6c0,423b6c033e69ee8b686f10b042558cbbc210ac1c,2010-02-09T14:08:32+01:00,Marcel Hellkamp,26,9,35,2,12,2,1,17.5,21,2
07502ac,07502ac70855876f6b6fee7d25d8d5b792772cba,2010-02-11T16:47:40+08:00,Santiago Gala,10,10,20,1,10,1,0,20.0,20,0
9ab072a,9ab072a5971706262bca1cce101c42c5d3e597a7,2010-02-11T16:48:15+08:00,Santiago Gala,1,1,2,1,1,1,0,2.0,2,0
65abb0a,65abb0afc3889b11d43443698b8df596cf5d3919,2010-02-11T11:39:34+01:00,Marcel Hellkamp,46,1,47,1,2,1,0,47.0,47,1
630eb2d,630eb2d4c910d7959efdb0fda9c855741601de1a,2010-02-12T14:11:02+01:00,Marcel Hellkamp,1,1,2,1,1,1,0,2.0,2,0
0987c6c,0987c6cdd757260dfe76604ea7a347760cc10fc7,2010-02-12T14:11:35+01:00,Marcel Hellkamp,89,21,110,1,24,1,0,110.0,110,1
9f229bc,9f229bc0654fff889fb98557f157698fec6bc340,2010-02-14T17:37:37+01:00,Marcel Hellkamp,1,3,4,1,1,1,0,4.0,4,1
87cfbb6,87cfbb697b530739aab444414d34ec56ac2aec12,2010-02-15T13:05:27+01:00,Marcel Hellkamp,94,51,145,1,35,1,0,145.0,145,1
283bd63,283bd638df99ed9f61e344d7dde9d8393829b4f9,2010-02-18T11:19:38+01:00,Marcel Hellkamp,66,116,182,1,41,1,0,182.0,182,1
22256ec,22256ec14a3e4b7f3d2c4216bb712f167d75c17f,2010-02-18T13:31:56+01:00,Marcel Hellkamp,77,41,118,3,30,2,1,39.33,105,3
865a015,865a015925f154c088c3fd668023ac58f3c09098,2010-02-18T16:02:29+01:00,Marcel Hellkamp,14,2,16,1,7,1,0,16.0,16,1
99319dc,99319dcea77b5cf0f87fedc0eca11af54368280b,2010-02-18T16:07:03+01:00,Marcel Hellkamp,347,0,347,8,6,5,0,43.38,196,1
06971ca,06971caac484b706bbb1fbebbc822f08959aaab6,2010-02-18T16:27:36+01:00,Marcel Hellkamp,91,50,141,1,32,1,0,141.0,141,1
05654e3,05654e31fd05fc67c0a66313a6afa3df7806fa2f,2010-02-18T18:34:42+01:00,Marcel Hellkamp,37,32,69,8,33,6,0,8.62,46,1
d1b1232,d1b123265a54aa1d08d78f043cbadfcdc1a40620,2010-02-18T23:22:18+01:00,Marcel Hellkamp,224,63,287,5,34,3,0,57.4,113,2
24bc783,24bc7832fd758c1e57ff5c41d197219aa5639ee4,2010-02-19T11:36:24+01:00,Marcel Hellkamp,6,1,7,1,3,1,0,7.0,7,1
567f5dc,567f5dc5a704fda2b68e02ece8c68e853ea55f82,2010-02-19T23:43:15+01:00,Marcel Hellkamp,3,1,4,1,2,1,0,4.0,4,0
77c2dd1,77c2dd16dea2acbfd728b32a671d130843211ebe,2010-02-25T23:27:26+01:00,Marcel Hellkamp,1,1,2,1,1,1,0,2.0,2,1
16e0b10,16e0b10bc879c349cb26e96baaea9661e2ba0d0c,2010-02-25T23:28:55+01:00,Marcel Hellkamp,1,1,2,1,1,1,0,2.0,2,1
b4b6af2,b4b6af244fbd0831ee22b533295c4a492c14abfa,2010-02-25T23:32:11+01:00,Marcel Hellkamp,3,3,6,1,3,1,0,6.0,6,1
feb447b,feb447b5a528671b2f1c6868657302c83f9afdfc,2010-02-26T01:35:54+01:00,Marcel Hellkamp,1,1,2,1,1,1,1,2.0,2,1
45d44ed,45d44ed5d651646c68e7f364210bd8195482e792,2010-02-26T16:05:50+01:00,Marcel Hellkamp,1,1,2,1,1,1,0,2.0,2,1
c924ef2,c924ef28b6ee7ff983c27c3cce0164f71ce86d28,2010-02-28T21:35:47+01:00,Marcel Hellkamp,51,35,86,2,21,2,1,43.0,53,2
ccdcfc7,ccdcfc7839841fe3cf800427263a8c856dd44a44,2010-03-01T01:07:06+01:00,Marcel Hellkamp,132,137,269,3,31,2,1,89.67,143,3
ecbfcd0,ecbfcd0acc9c191056617310e5c0a7dbf5bb1807,2010-03-01T01:26:48+01:00,Marcel Hellkamp,1,1,2,1,1,1,0,2.0,2,1
e6e6f2b,e6e6f2bdce6b124dbe942ef819e8af06d19ff069,2010-03-01T01:40:45+01:00,Marcel Hellkamp,14,0,14,1,1,1,1,14.0,14,1
43c91f1,43c91f1cd858833708d3a5971eea775bc5ae4a23,2010-03-05T16:20:24+01:00,Marcel Hellkamp,26,26,52,1,18,1,0,52.0,52,1
541e0ba,541e0ba050366d332ae21d71f9aefcbf932ff38e,2010-03-05T16:40:55+01:00,Marcel Hellkamp,27,27,54,1,16,1,0,54.0,54,1
a2e78a3,a2e78a3827fa295349a9642ae6883f8e601491ad,2010-03-05T16:52:14+01:00,Marcel Hellkamp,4,4,8,1,3,1,0,8.0,8,1
2b2f529,2b2f529824c652b597c91759c23daec057248beb,2010-03-05T16:52:50+01:00,Marcel Hellkamp,192,0,192,1,1,1,0,192.0,192,1
7039b74,7039b746d7ec1333a4117fd64858bbd498044542,2010-03-05T17:48:20+01:00,Marcel Hellkamp,24,17,41,1,7,1,0,41.0,41,1
0351d7e,0351d7ee61dd35a1943ce0592118307ee86cf5cd,2010-03-05T17:48:42+01:00,Marcel Hellkamp,3,1,4,1,2,1,0,4.0,4,1
0f02ea0,0f02ea0d0adc595bea72af21cac2903cba514c86,2010-03-06T16:29:22+01:00,Marcel Hellkamp,55,41,96,1,17,1,0,96.0,96,1
36f2b00,36f2b0067bbbf53e3cf748a8c01ed648eab6d394,2010-03-07T23:18:27+01:00,Marcel Hellkamp,35,17,52,1,15,1,0,52.0,52,1
afdf10d,afdf10d60ffa05d158bebe27eef658981ed56239,2010-03-07T23:23:31+01:00,Marcel Hellkamp,172,55,227,3,16,1,1,75.67,146,3
3bbd56a,3bbd56ad59f288ed737ce23affff54943069293b,2010-03-07T23:25:48+01:00,Marcel Hellkamp,106,5,111,7,10,3,0,15.86,51,2
ce0a16a,ce0a16a930b0ab3888eab4d0814bec49e678f1b1,2010-03-07T23:34:12+01:00,Marcel Hellkamp,6,0,6,1,1,1,1,6.0,6,1
fc084d3,fc084d376fb86f8450b1e0a89adbbc9ea02c735d,2010-03-07T23:35:07+01:00,Marcel Hellkamp,0,8,8,1,1,1,0,8.0,8,1
cab6bb7,cab6bb70e500cf9891fd89c3123bf853f7bc5f84,2010-03-07T23:39:52+01:00,Marcel Hellkamp,12,10,22,1,4,1,0,22.0,22,1
e4df553,e4df5531cf26880961d912522c229ae414505323,2010-03-08T00:03:16+01:00,Marcel Hellkamp,1,0,1,1,1,1,0,1.0,1,1
369be61,369be6170b8725e201b1c85970e0994f926118a9,2010-03-08T00:17:15+01:00,Marcel Hellkamp,8,4,12,2,4,2,1,6.0,6,2
7355063,7355063b042dd45225a71e91220f91dbc7a9213d,2010-03-08T00:47:08+01:00,Marcel Hellkamp,33,10,43,2,6,2,1,21.5,33,2
e68aa73,e68aa735e54d2efecdebf961a69babb488b8ca4e,2010-03-08T00:59:53+01:00,Marcel Hellkamp,1,1,2,1,1,1,0,2.0,2,1
9ef4ca8,9ef4ca8545f6e967f25fbb42b2e91b4ae82f4eea,2010-03-08T01:06:16+01:00,Marcel Hellkamp,2,2,4,1,2,1,0,4.0,4,1
2fe1e80,2fe1e8076f5eefbd92c889c4fb5ede9c9eff3bf1,2010-03-08T02:02:34+01:00,Marcel Hellkamp,15,11,26,2,12,2,0,13.0,16,0
2f6c6c9,2f6c6c93786408fbd4e739178b36c8703324335b,2010-03-08T02:34:03+01:00,Marcel Hellkamp,8,3,11,2,4,2,1,5.5,7,2
648741b,648741b88bc657be33703a35be940ba8817b6c4a,2010-03-08T02:44:28+01:00,Marcel Hellkamp,2,0,2,1,1,1,0,2.0,2,0
9414211,9414211eeb8ad970ef9c4943b1cc8be202be0716,2010-03-08T02:52:17+01:00,Marcel Hellkamp,4,5,9,4,5,2,0,2.25,3,0
09074c0,09074c0ac53a082e6ade158610c7a252505f01be,2010-03-08T14:32:56+01:00,Marcel Hellkamp,22,20,42,4,16,2,1,10.5,26,4
f1ce63d,f1ce63dacbafbdc0e0264861c59fb5d671e1ac39,2010-03-08T14:52:26+01:00,Marcel Hellkamp,12,10,22,2,7,2,1,11.0,20,2
77d5391,77d5391dedb19459d570edcea71ab78b0c374abe,2010-03-08T16:03:08+01:00,Marcel Hellkamp,0,1,1,1,1,1,0,1.0,1,1
1f8f5fc,1f8f5fc458273d4d8608ec3f80b68cc2da24056c,2010-03-09T15:35:37+01:00,Christian Hausknecht,50,9,59,2,13,2,1,29.5,39,2
fcc614d,fcc614d6065ac22e4a4a4bfb2a0f99c6fadf1f68,2010-03-09T16:56:47+01:00,Marcel Hellkamp,77,74,151,2,32,2,1,75.5,136,2
557029e,557029ece505fe0c4b87a2a0f483885359d0d313,2010-03-09T15:18:21+01:00,Marcel Hellkamp,71,13,84,2,11,2,1,42.0,59,2
8e57587,8e57587c807aa1a1dad77553d1a375655e82aa12,2010-03-10T04:00:35+01:00,Marcel Hellkamp,4,3,7,1,3,1,0,7.0,7,1
0530ad1,0530ad1ce0c2e313976ada99c06131f88fc8afd0,2010-03-10T04:20:37+01:00,Marcel Hellkamp,11,8,19,1,5,1,0,19.0,19,1
e4de4bf,e4de4bf66d6bab9b245a91947ffee0ff324989e3,2010-03-10T04:31:44+01:00,Marcel Hellkamp,2,28,30,2,5,2,1,15.0,16,2
c366fa6,c366fa6142e81ccae04d9c968ff1c78ce5c00bbd,2010-03-09T14:57:00-03:00,Alberto Bertogli,13,2,15,3,4,3,1,5.0,9,2
8a27ff1,8a27ff119fec4a823a981298801d924bed5138a7,2010-03-10T06:01:57+01:00,Marcel Hellkamp,14,20,34,2,9,2,1,17.0,30,2
b82e119,b82e119067d12da292448b9c4acf8823ac68d1d3,2010-03-10T18:09:34+01:00,Marcel Hellkamp,1,1,2,1,1,1,0,2.0,2,1
cf3fcf9,cf3fcf9733f80933a005a1bf1cca709277b90fdb,2010-03-10T17:09:59+01:00,Marcel Hellkamp,1,1,2,1,1,1,0,2.0,2,1
fc2c72b,fc2c72b51137017773d79e3d7b706b247434ebae,2010-03-10T18:56:12+01:00,Marcel Hellkamp,45,0,45,3,3,1,0,15.0,39,0
8cbffed,8cbffedca7458056891731543950a17e24991a01,2010-03-11T00:58:14+01:00,Marcel Hellkamp,34,45,79,1,9,1,0,79.0,79,1
159ef53,159ef536713eef90a3a395c514aeaf1420be8ac3,2010-03-11T01:38:59+01:00,Marcel Hellkamp,4,1,5,1,2,1,0,5.0,5,1
64f3617,64f3617062ca0fcd8080edf7c99b9f1eb975436c,2010-03-11T15:54:52+01:00,Marcel Hellkamp,849,32,881,7,18,2,0,125.86,694,1
058be42,058be42d9851f65a245021457c4d337338e93400,2010-03-11T16:19:43+01:00,Marcel Hellkamp,8,5,13,2,6,1,0,6.5,11,0
7904ea9,7904ea9ac76fe4dbc0aac44eedc6505700372320,2010-03-11T22:08:49+01:00,Marcel Hellkamp,8,5,13,3,2,3,0,4.33,13,0
2d0f2d8,2d0f2d8034a4e12263233fdb9ac83be41b6f2b47,2010-03-04T13:47:15+01:00,Santiago Gala,7,4,11,2,2,2,0,5.5,9,2
26556d2,26556d29f796366fb9e1c7fa7e6fd5042af23d5c,2010-03-11T22:32:15+01:00,Marcel Hellkamp,10,0,10,1,1,1,1,10.0,10,1
8426a15,8426a155e01ebae3ba9fbfb49f89cfba5d53f204,2010-03-12T17:14:43+01:00,Marcel Hellkamp,80,57,137,2,29,1,0,68.5,135,0
6a894d3,6a894d3895b9df63c9be1200825b624c07af1070,2010-03-12T13:03:12+01:00,Santiago Gala,11,8,19,1,7,1,0,19.0,19,0
2890a7a,2890a7a18572e0ad0593f9487fd035036b8f08fb,2010-03-12T12:42:55+01:00,Santiago Gala,1,1,2,1,1,1,0,2.0,2,0
bd3b2c5,bd3b2c547f943187098bb5f02ce3238cb34f1188,2010-03-12T13:04:04+01:00,Santiago Gala,54,54,108,1,32,1,0,108.0,108,0
2b70909,2b70909cf9f42b381060a8761fd6556cc88ad7f7,2010-03-12T20:21:40+01:00,Marcel Hellkamp,19,1,20,1,2,1,1,20.0,20,1
8ec194a,8ec194a7f7897dbda253a6257ee1c1725e7b31f8,2010-03-12T20:15:43+01:00,Marcel Hellkamp,37,41,78,1,20,1,0,78.0,78,1
9a73565,9a73565fd93a69afd62a780d96762d93882c3eb7,2010-03-13T02:26:31+01:00,Marcel Hellkamp,43,18,61,1,13,1,0,61.0,61,1
93ec253,93ec253b3572a85678f447866c71fd9e4631f633,2010-03-13T15:57:01+01:00,Marcel Hellkamp,2,2,4,1,1,1,0,4.0,4,1
a99242e,a99242eb0c5ace037376a15b86a2df37f2092666,2010-03-13T14:54:49+01:00,Santiago Gala,5,5,10,1,2,1,0,10.0,10,1
482b929,482b9292ad2b319911863fea45f26fdab9d37e08,2010-03-13T14:58:24+01:00,Santiago Gala,1,1,2,1,1,1,0,2.0,2,1
1f6ca61,1f6ca61257984fed377faf1224c0f51c5f685422,2010-03-14T15:05:55+01:00,Santiago Gala,20,1,21,1,1,1,1,21.0,21,1
2c413a2,2c413a26d7fdd0b297d563abecec6316e20852ca,2010-03-14T14:23:50+01:00,Santiago Gala,5,4,9,1,4,1,0,9.0,9,0
b60a345,b60a34525958557450aaa294b3297a36ca302447,2010-03-14T13:30:31+01:00,Santiago Gala,11,0,11,1,2,1,0,11.0,11,0
1a97452,1a97452ca808722fd1547b6f0b669f5714903fe4,2010-03-14T15:26:14+01:00,Marcel Hellkamp,1,0,1,1,1,1,0,1.0,1,1
e5592aa,e5592aa053179411a9782053b1ab99aa021de3b2,2010-03-14T15:57:38+01:00,Marcel Hellkamp,8,8,16,2,5,2,0,8.0,8,1
5d88c63,5d88c63c3874c88043a5009390e97cf848955b5b,2010-03-15T13:07:06+01:00,Marcel Hellkamp,15,1,16,1,4,1,0,16.0,16,1
95799c9,95799c99dce0f7b5eb302a07737a05221de4ce3d,2010-03-15T13:27:32+01:00,Marcel Hellkamp,5,5,10,1,5,1,0,10.0,10,1
83d5daa,83d5daab086112d09f2fb824a3bafa993c0ad162,2010-03-15T15:06:42+01:00,Marcel Hellkamp,7,7,14,1,7,1,0,14.0,14,1
4995e0c,4995e0c3f442d02dd9ebc79c6d605ca004bd9ee7,2010-03-15T15:33:22+01:00,Santiago Gala,1,1,2,1,1,1,0,2.0,2,1
69d1e38,69d1e386c5590e67941214366fb5d9df55b9bdc7,2010-03-19T14:10:13+01:00,Marcel Hellkamp,2,3,5,1,2,1,0,5.0,5,1
176443d,176443db59f5c7631c4ee640ddff22e92cf40c7c,2010-03-19T18:53:53+01:00,Marcel Hellkamp,652,0,652,2,2,1,0,326.0,651,0
ae068c5,ae068c53df4a1cf73b2b5574aa35fd1cd2a7e667,2010-03-16T15:45:45+01:00,Santiago Gala,3,2,5,1,1,1,0,5.0,5,1
f065114,f06511423b326f0f5ac12a42a85fcce788dba076,2010-03-16T16:13:48+01:00,Santiago Gala,1,1,2,1,1,1,0,2.0,2,1
d677584,d677584084ba958110566b75c0db44326a7d1c91,2010-03-23T16:01:45+01:00,Marcel Hellkamp,173,198,371,1,136,1,0,371.0,371,0
38a50b6,38a50b67f9106f7ba9351f57d8b2f78d884eed04,2010-03-23T16:02:55+01:00,Marcel Hellkamp,30,45,75,1,25,1,0,75.0,75,0
aad52b0,aad52b0d783f4facc17f31338740e29804957d79,2010-03-18T12:28:36+01:00,Santiago Gala,7,1,8,1,2,1,0,8.0,8,0
436c478,436c478eda7709db1f2d3fcbee339982e8cb9c35,2010-03-23T16:07:37+01:00,Marcel Hellkamp,52,35,87,1,32,1,0,87.0,87,0
dd4fc5b,dd4fc5bc27ba00bd718029f4756a46977224c047,2010-04-03T01:13:16+02:00,Marcel Hellkamp,14,1,15,2,2,2,1,7.5,12,2
b178eb8,b178eb8a56a5d100f6f6786f1dddb8d4952abb4d,2010-04-05T14:07:30+02:00,Bernd Zeimetz,1,1,2,1,1,1,0,2.0,2,1
daac525,daac525c93a2421a1bc7d4f240d7a933522135e3,2010-04-06T00:33:40+02:00,Marcel Hellkamp,15,2,17,2,3,2,1,8.5,15,2
c214c09,c214c09f511076214da42eccf105856133a81a1a,2010-04-07T12:47:03+02:00,Marcel Hellkamp,536,329,865,16,163,7,0,54.06,326,4
7e38dd7,7e38dd7efd706ae4d021fce4e90d092607b858a4,2010-04-07T21:55:16+02:00,Marcel Hellkamp,1,1,2,1,1,1,0,2.0,2,1
831a15a,831a15a119d40f0456ceca5b865d41f7c7e07019,2010-04-08T11:29:37+02:00,Marcel Hellkamp,16,11,27,3,8,2,0,9.0,22,3
2efeba4,2efeba4ba3c1404562fff45e70de16275aa0dbce,2010-04-08T13:31:44+02:00,Marcel Hellkamp,56,6,62,3,5,1,0,20.67,45,0
826a9c5,826a9c53e54d28cfec842af16bd19481ff85df45,2010-04-09T00:20:26+02:00,Marcel Hellkamp,57,47,104,3,17,2,0,34.67,72,1
92f8366,92f8366bf2120cfc140a8c80ca16aa8e41361590,2010-04-11T15:16:26+02:00,Marcel Hellkamp,0,3,3,1,1,1,0,3.0,3,1
ea7eab9,ea7eab9221763a788229e57e3055f555a054cc85,2010-04-12T16:28:22+02:00,Marcel Hellkamp,43,49,92,1,19,1,0,92.0,92,0
4d03888,4d038888bab48e6217aa920bd1ef16bd64823f58,2010-04-12T17:13:37+02:00,Marcel Hellkamp,56,36,92,2,5,2,1,46.0,68,2
66e5ca9,66e5ca9fb4278fb2ff961000ba41cd7bb01c6db6,2010-04-12T17:55:08+02:00,Marcel Hellkamp,23,23,46,2,19,2,1,23.0,41,2
664451b,664451bfcc8a77bb1c6666f85275225eba06a36d,2010-04-12T18:15:23+02:00,Marcel Hellkamp,26,35,61,4,10,2,1,15.25,29,4
023d0b0,023d0b068d5215af313ef0815f4c6bcb50e808f8,2010-04-12T19:21:23+02:00,Marcel Hellkamp,27,24,51,2,4,2,0,25.5,49,1
d0b626a,d0b626a1510860d117883e3ceb3b1418b5754162,2010-04-12T19:24:20+02:00,Marcel Hellkamp,4,5,9,1,4,1,0,9.0,9,1
237ec46,237ec461aeae4a9a3861061baab32628b7aedad7,2010-02-22T13:15:24+01:00,Santiago Gala,1,1,2,1,1,1,0,2.0,2,1
9681af7,9681af70339876431f4981a6829b84f91b3b32ab,2010-02-23T23:04:04+01:00,Santiago Gala,3,3,6,1,3,1,0,6.0,6,0
f6a3374,f6a33741f36db13debdc2f9ddb48d49c73d77ebd,2010-02-23T23:09:02+01:00,Santiago Gala,3,3,6,1,3,1,0,6.0,6,0
08bdc6c,08bdc6c7028191ab806b743bdf553ffdf1106aa4,2010-02-24T08:50:34+01:00,Santiago Gala,1,1,2,1,1,1,0,2.0,2,0
95925bd,95925bddaafb0373258fec91f55121daffa45f75,2010-02-24T14:36:54+01:00,Santiago Gala,1,1,2,1,1,1,0,2.0,2,0
261e5ad,261e5ad395120ddb24ec472d3d248af3f5101188,2010-02-24T14:43:18+01:00,Santiago Gala,1,1,2,1,1,1,0,2.0,2,0
385aa20,385aa200d9139ba709256faae7fc57a2d5e2d75f,2010-02-25T11:39:21+01:00,Santiago Gala,1,1,2,1,1,1,0,2.0,2,1
513e2b7,513e2b7f7c1d8dbbd0115fc0e2f138c2cd072ab8,2010-02-26T11:02:03+01:00,Santiago Gala,5,5,10,1,3,1,0,10.0,10,0
98201ce,98201ce3ddcc202b37bd5015f5ae1c2eaec78de2,2010-02-26T15:47:32+01:00,Santiago Gala,15,0,15,1,1,1,0,15.0,15,0
e6b896c,e6b896c820cc85fc70b4426c0be1e53dba3cf3b0,2010-03-03T15:16:42+01:00,Santiago Gala,2,2,4,2,2,2,0,2.0,2,1
bdfdc0c,bdfdc0c00df35bade0664fe88414b76fa727e67c,2010-03-03T19:58:05+01:00,Santiago Gala,11,11,22,1,6,1,0,22.0,22,0
15f6a3c,15f6a3c5138f9d671d5a71160c596367fd22d3be,2010-03-04T06:35:52+01:00,Santiago Gala,1,1,2,1,1,1,0,2.0,2,0
b5ffd08,b5ffd08c264a2138fe82c03801b23de5a1fa037c,2010-03-04T08:08:55+01:00,Santiago Gala,1,1,2,1,1,1,0,2.0,2,0
b4f7d8b,b4f7d8bcb21a9aed077b8d5df24b7b1e36e2638a,2010-04-13T23:12:04+02:00,Santiago Gala,2,2,4,2,2,1,0,2.0,2,0
c5d2cf1,c5d2cf11cfa7aeedd1d064f78d0f8b186e00a33d,2010-03-04T18:20:18+01:00,Santiago Gala,1,1,2,1,1,1,0,2.0,2,1
bdfce3e,bdfce3ec98734b8f8310d20cd7fb0bed2df58499,2010-03-04T18:20:57+01:00,Santiago Gala,1,1,2,1,1,1,0,2.0,2,1
67c6338,67c63388f2c2eb9dfdd729c805a9f85c4ec655b3,2010-03-05T16:55:59Z,Santiago Gala,4,4,8,2,4,1,0,4.0,4,0
a9d91b5,a9d91b5fd4f64357051d259b5265406a55e67d52,2010-03-06T06:10:59Z,Santiago Gala,2,2,4,1,2,1,0,4.0,4,0
4d9bc85,4d9bc8533d89597b8903a0ce87ae4fac28e6a444,2010-03-06T09:56:01Z,Santiago Gala,1,1,2,1,1,1,0,2.0,2,0
6c72270,6c72270a549c655372e0d6d3dae88d3437c82e51,2010-03-10T21:17:20+01:00,Santiago Gala,1,2,3,1,2,1,0,3.0,3,1
6fa816b,6fa816bee958966221c190d1e0cf8ce20073fd29,2010-03-12T12:10:10+01:00,Santiago Gala,8,2,10,1,1,1,0,10.0,10,1
05a69fe,05a69fec769f9b446885ef63d016d1b114a4e8b1,2010-03-17T14:51:29+01:00,Santiago Gala,2,2,4,2,2,2,0,2.0,2,0
c58fb13,c58fb1358b7ea40ff931ea67712cdc4f2e9843ae,2010-04-14T00:08:28+02:00,Santiago Gala,2,2,4,1,2,1,0,4.0,4,0
c2c19c9,c2c19c9e84d5e92d573531420a7b82181514215b,2010-03-30T10:35:39+02:00,Santiago Gala,3,9,12,1,6,1,0,12.0,12,0
2d0237f,2d0237fb8b77ea7f88159320d01bae650f719bc8,2010-04-11T20:32:28+02:00,Santiago Gala,3,3,6,1,3,1,0,6.0,6,1
af8a736,af8a7362b081eae8ae9c88590fbd817f97c2c2d5,2010-04-14T00:16:55+02:00,Santiago Gala,2,2,4,1,2,1,0,4.0,4,0
0bfe8a9,0bfe8a992b1ccbf2d20115748cef25f875aed96d,2010-04-14T00:35:07+02:00,Santiago Gala,11,14,25,1,8,1,0,25.0,25,0
2c387ba,2c387baa2248e1817199ced92da70e588ed17938,2010-04-14T09:40:44+02:00,Marcel Hellkamp,4,4,8,1,1,1,0,8.0,8,1
39ad4f2,39ad4f21542b954b627633a63cf3c698f8b0a1f9,2010-04-14T09:42:08+02:00,Marcel Hellkamp,74,30,104,2,22,2,0,52.0,102,1
fa757f6,fa757f6bc13840b60cedd6cb3f50d94b0555f7d1,2010-04-14T12:59:26+02:00,Marcel Hellkamp,13,2,15,2,4,2,1,7.5,9,2
5bced2a,5bced2a7ad16252a8f0b5a89bdfc9d6fee7291a5,2010-04-14T13:16:10+02:00,Marcel Hellkamp,6,4,10,1,3,1,0,10.0,10,1
05bbdbe,05bbdbe4b2ebbadf4683cb1bacf9d190c036f6c3,2010-04-20T13:49:24+02:00,Marcel Hellkamp,2,2,4,1,2,1,0,4.0,4,1
406974d,406974d7c9b6abe1686881638cae88035801c8aa,2010-04-20T13:50:45+02:00,Marcel Hellkamp,5,1,6,1,1,1,0,6.0,6,1
cb51973,cb5197356ccbaca836e1c7c634c74c7173d02450,2010-04-20T13:54:57+02:00,Marcel Hellkamp,6,7,13,1,3,1,0,13.0,13,1
aacef68,aacef68872b26dcda893cdefb739b763a0a802a1,2010-04-17T11:24:37+02:00,Santiago Gala,18,7,25,3,6,2,0,8.33,9,0
d928f6e,d928f6ebf199c8b523f1f05fb3bd484e5b8fd535,2010-04-17T10:39:10+02:00,Santiago Gala,1,1,2,1,1,1,0,2.0,2,1
18d2a93,18d2a93b5faf1b2f5063095e92a9213aff3325d1,2010-04-18T09:35:12+02:00,Santiago Gala,7,0,7,1,2,1,1,7.0,7,1
ecd2261,ecd22616851e4dfec302936cd1e23958d8572193,2010-04-18T09:44:20+02:00,Santiago Gala,2,1,3,1,2,1,1,3.0,3,1
3f719a2,3f719a21144d88cece659002e968d8f7b6c238b0,2010-04-20T14:14:18+02:00,Marcel Hellkamp,9,12,21,2,5,2,1,10.5,13,2
0d463f7,0d463f7288036d2739e10e34bd8b5c4440400f8d,2010-04-17T14:16:05+02:00,ckreutzer,7,0,7,1,2,1,0,7.0,7,1
058f9ad,058f9ad839b486a4342b25bb62c7790e58cfaf35,2010-05-12T22:34:46+08:00,Andre Wobst,1,1,2,1,1,1,0,2.0,2,1
be95684,be95684ec2ff35478d881c14cac07e957155abb0,2010-05-17T19:58:57+08:00,Andre Wobst,5,3,8,1,2,1,0,8.0,8,1
cc62078,cc620783bca2bc3d78d75d8f4294ca4196ee84e2,2010-05-17T20:00:20+08:00,Andre Wobst,2,2,4,1,2,1,1,4.0,4,1
9c938d4,9c938d4176d48d23473adeefb01c4bac1dc4b29d,2010-04-15T20:19:02+02:00,Marcel Hellkamp,102,49,151,1,32,1,0,151.0,151,0
04ac700,04ac700e586f51dc78a69af6f3046353140a6793,2010-04-26T17:59:50+02:00,Marcel Hellkamp,4,0,4,1,1,1,0,4.0,4,1
62e56f0,62e56f04bcdff024d6c035cd08a2a524cf414a17,2010-04-26T18:16:15+02:00,Marcel Hellkamp,1,1,2,1,1,1,0,2.0,2,1
ada3d6b,ada3d6b87d76b1c6a0a9db907e2e03a4750e3991,2010-04-22T17:19:23+02:00,ckreutzer,10,1,11,1,2,1,0,11.0,11,1
8166aed,8166aed5812a802f66fc8be70939da1a2d88cdcb,2010-04-29T14:38:08+02:00,Marcel Hellkamp,21,5,26,2,5,2,1,13.0,16,2
7fd7178,7fd71782ee511e1d14d524fbeb1b202c98b80e63,2010-05-10T10:51:31+02:00,Marcel Hellkamp,31,27,58,1,2,1,0,58.0,58,1
4bb2795,4bb27955a518a4aaf42568c462d851c26f835c2c,2010-05-17T15:15:24+02:00,Marcel Hellkamp,1,1,2,1,2,1,0,2.0,2,1
6f27d9e,6f27d9eac1a5058e78ac0a65fc7940d447a7fc3e,2010-05-17T15:15:28+02:00,Marcel Hellkamp,3,1,4,1,1,1,0,4.0,4,1
b8ce7f7,b8ce7f7462a9056dfc0e6e9eeb5ab2c225dd25a7,2010-05-20T10:16:08+02:00,Marcel Hellkamp,6,2,8,1,5,1,0,8.0,8,1
2bc4535,2bc4535d09d8de0ba818e4a9e7a47d62312dc6c1,2010-06-02T11:35:48+02:00,Marcel Hellkamp,11,0,11,2,2,2,1,5.5,10,2
3f71b8c,3f71b8c9881b6acdfe2bb3e6cad28d3ba65b64f4,2010-04-09T09:16:06+02:00,Johannes Schönberger,13,3,16,1,4,1,0,16.0,16,1
18c50a7,18c50a7968746028789ec5dae4e3f448817190e3,2010-06-13T10:56:52+02:00,Marcel Hellkamp,4,4,8,2,4,2,1,4.0,4,2
fb2cea4,fb2cea41f3c80f72478ef0a445d634a272707311,2010-06-13T21:05:39+02:00,Marcel Hellkamp,23,6,29,4,8,2,1,7.25,12,4
4ef2838,4ef2838e80aa63a9688609a1185901b76ff05e45,2010-06-13T21:50:46+02:00,Marcel Hellkamp,30,4,34,3,7,2,1,11.33,16,3
58afede,58afedea1402c29e9d006c9e3fd4c19db3d442b7,2010-06-13T22:25:54+02:00,Marcel Hellkamp,6,1,7,2,2,2,1,3.5,4,2
98b5cef,98b5cef6d242bb997b29209ac3ed0c9ea7863cdf,2010-06-13T22:55:55+02:00,Marcel Hellkamp,6,6,12,1,5,1,0,12.0,12,1
6422099,64220991fee3791a4c8128537253ea3617450963,2010-06-18T23:11:11+02:00,Marcel Hellkamp,4,4,8,1,3,1,0,8.0,8,1
be9565f,be9565f6445ae90055c15da3f6663fb8f078cea5,2010-06-18T23:21:44+02:00,Marcel Hellkamp,6,2,8,1,1,1,0,8.0,8,1
590f213,590f213238d7b65eabc53fd5f7c47375b02a075e,2010-06-18T23:53:19+02:00,Marcel Hellkamp,2,2,4,1,1,1,0,4.0,4,1
b294b57,b294b57793b716346c18aaed9effaf465d1c22fd,2010-06-19T14:41:20+02:00,Marcel Hellkamp,18,3,21,1,3,1,0,21.0,21,1
15dd129,15dd12999a87a89998a91da48a5f32ab0f03d547,2010-06-22T15:05:22+02:00,Marcel Hellkamp,3,3,6,1,1,1,0,6.0,6,1
b8fd38c,b8fd38c3f845a83ba157ecb8613f39627dbdc72e,2010-06-22T20:12:06+03:00,Alex Popescu,134,30,164,3,27,2,1,54.67,112,3
655e890,655e890dd01df5b02ddb08487a2d6de467479a28,2010-06-25T18:58:13+02:00,Marcel Hellkamp,120,200,320,2,45,2,1,160.0,262,2
ce3125b,ce3125b52c0153f086db97ccf5cbdeb866dbf33b,2010-05-31T14:55:44+02:00,Marcel Hellkamp,20,4,24,2,6,2,1,12.0,19,2
5e0e9bd,5e0e9bd10b7dd50246e2edfe0cc6223c06a7d6b5,2010-05-31T16:56:45+02:00,Marcel Hellkamp,54,7,61,3,10,3,1,20.33,32,2
a33e12c,a33e12c890ef4ccfdb364d8f0144b5a1b8cce7d0,2010-06-18T16:45:28+02:00,Marcel Hellkamp,1,1,2,1,1,1,0,2.0,2,1
c9df184,c9df18487aca925750fbe6b5618da8d51b57e922,2010-05-13T19:22:23+02:00,Marcel Hellkamp,34,36,70,4,34,2,1,17.5,40,4
e1b409a,e1b409a25f9dba7af425719daa2d26b9dbc6b926,2010-06-27T12:35:47+02:00,Marcel Hellkamp,1,1,2,1,1,1,0,2.0,2,1
17ebead,17ebead6e2adb2a474b28c12135543662fe58f60,2010-06-27T13:04:53+02:00,Marcel Hellkamp,377,369,746,10,156,3,0,74.6,459,1
41a0194,41a0194a5fee514f80b4addb59c6e8e79676e87e,2010-06-27T15:47:49+02:00,Marcel Hellkamp,0,2904,2904,55,23,6,0,52.8,677,5
45ce2c0,45ce2c0c7ef47749870f6eb0b417d23106321f31,2010-06-30T10:43:04+02:00,Marcel Hellkamp,59,59,118,2,39,2,1,59.0,116,2
761603b,761603b72b165d811c7ea3af935b7ec250b6988a,2010-07-05T15:50:16+02:00,Marcel Hellkamp,226,17,243,16,18,2,1,15.19,98,15
8f2f7c2,8f2f7c2fc4fd7956a712cfa3b22b0e14cb504df9,2010-07-05T15:52:09+02:00,Marcel Hellkamp,22,3,25,1,2,1,0,25.0,25,1
2a50ace,2a50ace0615e40676893adddbc7fa0d0cd61ebe6,2010-07-05T15:54:00+02:00,Marcel Hellkamp,21,0,21,1,1,1,0,21.0,21,0
a2d3cb2,a2d3cb2e8305a3583d9f9f4770a4e95779fa3307,2010-07-05T15:59:28+02:00,Marcel Hellkamp,11,0,11,1,3,1,0,11.0,11,1
e9047a7,e9047a78c37748da20c94dfbf6ab2fd5a03ccdc1,2010-07-08T22:02:13+02:00,Marcel Hellkamp,35,8,43,3,12,2,0,14.33,32,1
81bf74c,81bf74c36c4652958914d26ea91ec345e381572c,2010-07-09T12:30:16+02:00,Marcel Hellkamp,7,1,8,1,2,1,0,8.0,8,0
61c13bd,61c13bd397079b4b00b2aaff8738873cde45b210,2010-07-09T12:39:07+02:00,Marcel Hellkamp,127,0,127,1,1,1,0,127.0,127,0
a2d6448,a2d64489c143dc92a318b414a7083b18cd70cc3b,2010-07-09T12:39:07+02:00,Marcel Hellkamp,55,16,71,1,15,1,0,71.0,71,0
1879b60,1879b60095d09c52de69ae6d1e047b62509c5866,2010-07-09T20:50:24+02:00,Marcel Hellkamp,17,7,24,1,2,1,0,24.0,24,1
cc4721d,cc4721d7ddf748a12678759cd3c9b64d32abae63,2010-07-09T20:51:13+02:00,Marcel Hellkamp,142,59,201,1,30,1,0,201.0,201,0
e6037c1,e6037c1e839af2cfaae45a75a2eccf3d22b7958b,2010-07-13T18:25:58+02:00,Marcel Hellkamp,89,49,138,1,10,1,0,138.0,138,1
8ad4a44,8ad4a44851b7ac25488832a4cf859c650e917877,2010-07-15T15:36:50+02:00,Marcel Hellkamp,29,36,65,1,18,1,0,65.0,65,1
94a7585,94a7585bb45f37aa299a515574e888f39b4f915c,2010-07-17T00:13:23+08:00,David Buxton,121,121,242,7,115,2,0,34.57,108,1
9c8076e,9c8076eb0f6e81a9f4339fb7cc3748a82a7c1690,2010-07-18T19:24:57+02:00,Marcel Hellkamp,1,1,2,1,1,1,0,2.0,2,1
5761305,5761305fc5cda18cf10654aa0f70387afd65fc4f,2010-07-15T16:23:03+02:00,Marcel Hellkamp,127,17,144,5,16,2,0,28.8,99,1
f50ef2f,f50ef2ff076e115e9ccbd3b327fb77fdf6a64a8f,2010-07-19T15:20:27+02:00,Marcel Hellkamp,25,4,29,2,7,2,0,14.5,23,1
2b69f86,2b69f865ce61c61c552edf41ab23749d1ef33041,2010-07-19T15:59:28+02:00,Marcel Hellkamp,12,4,16,2,3,2,1,8.0,12,2
94f8185,94f8185be9d8239a7587d3bdfcb11528368dc74c,2010-07-19T17:04:34+02:00,Marcel Hellkamp,1,1,2,1,1,1,0,2.0,2,1
04fbf2f,04fbf2f8d5fb4dd14b1df1136fc204b91a5da2cd,2010-07-20T00:35:59+08:00,David Buxton,3,3,6,1,1,1,0,6.0,6,0
d9b7017,d9b7017dcc47773f459f1e4ffa2ba6e5a6eacf33,2010-07-20T17:42:51+08:00,Damien Degois,1,1,2,1,1,1,0,2.0,2,1
6a4a3fa,6a4a3fa6d5fd637620a7365d1084ebb8614c1fbc,2010-07-20T18:57:25+08:00,David Buxton,10,10,20,2,10,2,0,10.0,14,0
d168e4b,d168e4bf3e9f9214f5bc69dbf10691bf5fa58ef9,2010-07-26T15:56:17+02:00,Marcel Hellkamp,12,3,15,1,8,1,0,15.0,15,1
7e7270c,7e7270c880d4297d8b255ffb44d4150cae37386b,2010-07-26T16:50:05+02:00,Marcel Hellkamp,51,20,71,2,9,2,1,35.5,38,2
40e6629,40e662998045625622ace1dd6ea1e7352895d812,2010-07-26T19:51:55+02:00,Marcel Hellkamp,6,5,11,1,2,1,0,11.0,11,0
8a66e76,8a66e76a3f867ad46fe06fbca47cc12fa519b9aa,2010-07-26T20:56:18+02:00,Marcel Hellkamp,2,1,3,1,1,1,1,3.0,3,1
6240707,62407071b4f70aaf81af6a53193fc29a2a63a7dc,2010-07-26T22:30:35+02:00,Marcel Hellkamp,1,1,2,1,1,1,0,2.0,2,0
7d7c836,7d7c836a14100459b3d9d9d56c4aa89e46268390,2010-07-29T13:35:59+02:00,Marcel Hellkamp,1,1,2,1,1,1,0,2.0,2,1
2b9a3e1,2b9a3e1b78e64d1c3de30a8b59134e10b1e681de,2010-07-29T13:51:52+02:00,Marcel Hellkamp,9,0,9,1,2,1,0,9.0,9,0
7afbeef,7afbeef878b6264fc18f7cb622622fe6aacb5a58,2010-07-30T21:48:27+02:00,Marcel Hellkamp,46,3,49,4,7,3,0,12.25,28,4
6500db3,6500db3fffe795ace58d0940952365f4006018da,2010-08-01T18:58:22+02:00,Marcel Hellkamp,169,65,234,6,4,2,0,39.0,169,1
72b5c15,72b5c153500963688f8293309392c15d666a3858,2010-08-03T00:52:12+02:00,Marcel Hellkamp,1,0,1,2,1,2,0,0.5,1,1
2e18323,2e1832385cd60bd89f6fb574406b47bf74b62d26,2010-08-03T01:15:54+02:00,Marcel Hellkamp,1,1,2,1,1,1,0,2.0,2,1
b5ff042,b5ff0424eb2b6835b3c2787c2f391a6c697d6956,2010-08-05T14:35:45+02:00,Marcel Hellkamp,50,8,58,2,5,2,0,29.0,54,1
0b2c4d3,0b2c4d36df28909ef602a15122203b2b8d266bcb,2010-08-05T18:24:27+02:00,Marcel Hellkamp,8,4,12,1,4,1,0,12.0,12,1
965175f,965175fdf65a5a73c615d3b3a492ffe4e71bf7f1,2010-08-05T18:25:18+02:00,Marcel Hellkamp,2,1,3,1,1,1,0,3.0,3,1
a2e1e4a,a2e1e4a05ee165f897ff2a1cf5e6548b0969871e,2010-08-05T18:39:04+02:00,Marcel Hellkamp,2,1,3,1,1,1,0,3.0,3,1
30947ec,30947ec1839b4c33a58e9e40aeb75efb1ad3c325,2010-08-05T19:04:10+02:00,Marcel Hellkamp,4,1,5,1,2,1,0,5.0,5,1
3095ddc,3095ddcabb47438ba9e79dc236796b13092105e3,2010-08-05T19:44:48+02:00,Marcel Hellkamp,12,5,17,2,2,2,0,8.5,11,1
b20ad3a,b20ad3ad7f180e7f55d76efe6d596ed3695fac3f,2010-08-05T20:04:51+02:00,Marcel Hellkamp,19,15,34,1,7,1,0,34.0,34,1
d862e9c,d862e9c42c72ccd302c2823b28c70e9f866ab2f4,2010-08-05T22:36:50+02:00,Marcel Hellkamp,190,48,238,2,16,2,1,119.0,156,2
ab36f1a,ab36f1a6219dd27ec38b94ef2b7ec51688b534cf,2010-08-05T23:42:47+02:00,Marcel Hellkamp,5,5,10,1,2,1,0,10.0,10,1
4bdb2f1,4bdb2f1c550e49a843ae45689f488579a5cf365a,2010-08-06T01:10:12+02:00,Marcel Hellkamp,7,6,13,2,5,2,0,6.5,7,1
40e68ee,40e68eee563587bf8adff0dbee9d253455e83759,2010-08-06T11:43:45+02:00,Marcel Hellkamp,2,2,4,1,2,1,0,4.0,4,1
4d3a563,4d3a563435379df498e6310103bf8cfef324ea92,2010-08-09T19:01:22+08:00,Jonas Haag,7,4,11,1,2,1,0,11.0,11,1
b73f62b,b73f62b118275d45a98870ce2426c32735c83ffd,2010-08-08T13:24:37+02:00,Marcel Hellkamp,17,17,34,1,7,1,0,34.0,34,1
b10e52b,b10e52b3de34d85b3d522fda47b889bb7f59ce91,2010-08-11T07:48:09+02:00,Marcel Hellkamp,1,1,2,1,1,1,0,2.0,2,0
5a63b75,5a63b75aa00a2a88723ba1c603727b665fcf0943,2010-08-11T08:51:37+02:00,Marcel Hellkamp,1,1,2,1,1,1,0,2.0,2,1
67796c6,67796c60fe533994a3fcd41a24b9d5bb7bd666d1,2010-08-11T08:25:48+08:00,Jonas Haag,2,2,4,2,2,1,0,2.0,2,2
f54675b,f54675b229f35849feae91d8fa40997348dd783f,2010-08-11T14:07:58+02:00,Marcel Hellkamp,0,1,1,1,1,1,1,1.0,1,1
2a5b2c4,2a5b2c474bf143c7d7b2800b622f22491305f111,2010-08-11T19:51:00+02:00,Marcel Hellkamp,1,1,2,1,1,1,0,2.0,2,1
7fcc280,7fcc2803dc9582544b544ccd602c992df5bc96d0,2010-08-12T21:51:44+08:00,BillMa,7,1,8,1,2,1,0,8.0,8,1
089478c,089478c28153d22c00e66009bec5189d0986c35b,2010-08-22T20:25:22+02:00,Ian Davis,33,18,51,3,23,2,1,17.0,49,3
76319b8,76319b8e1736d1a0998e6537078a7da239eb98b1,2010-08-26T15:40:28+02:00,Marcel Hellkamp,3,46,49,1,2,1,0,49.0,49,1
586020c,586020c813c59c68529fd44542f4c2ddd36269fe,2010-08-26T19:23:40+02:00,Marcel Hellkamp,50,10,60,1,12,1,0,60.0,60,1
27f0ecd,27f0ecde4d22471c452c07cb2b5f839bb68a192a,2010-08-26T19:44:21+02:00,Marcel Hellkamp,6,0,6,1,1,1,0,6.0,6,0
5e60904,5e609047e6bcd5f8cdcb49dca222977be966b506,2010-08-27T19:15:28+02:00,Marcel Hellkamp,58,11,69,3,8,2,0,23.0,59,1
d6150d7,d6150d7ba6c483029fd80b236ac3489c52336cc2,2010-08-31T18:21:25+02:00,Marcel Hellkamp,1,1,2,1,1,1,0,2.0,2,1
a0b5a7d,a0b5a7d0f0613970a71b86599bdf987da44f04d9,2010-08-31T18:24:57+02:00,Marcel Hellkamp,1,1,2,1,1,1,0,2.0,2,1
7942404,7942404fb05d40e8a73c783f93b7b30667644cb9,2010-09-03T00:02:54+08:00,Kyle Fritz,1,1,2,1,1,1,0,2.0,2,1
ae77b1f,ae77b1f62cc565813a79f90fd0ccd9296aff64bc,2010-09-02T20:35:00+02:00,Marcel Hellkamp,82,27,109,2,9,2,1,54.5,73,2
d4da844,d4da8442ec8db02e3b7b21a3d7782ff5f41d9c9c,2010-09-02T20:55:52+02:00,Marcel Hellkamp,13,13,26,1,12,1,0,26.0,26,1
9e97989,9e97989d101fbef8c84894ebabb1e1406bfae84c,2010-09-04T18:01:47+02:00,Marcel Hellkamp,19,46,65,1,9,1,0,65.0,65,1
119352f,119352ffbd5b02001a4d6f3884527c5d7cc0050b,2010-09-13T10:35:17+02:00,Marcel Hellkamp,37,5,42,4,7,2,1,10.5,15,4
8c9d51b,8c9d51b5ea45dbe479555be68bd5d7d322accaf8,2010-09-13T10:52:45+02:00,Marcel Hellkamp,2,1,3,1,1,1,0,3.0,3,1
fb7da99,fb7da9908892ad182ea09e349a52912ca36857e1,2010-09-13T11:46:39+02:00,Marcel Hellkamp,37,17,54,3,23,2,1,18.0,39,3
6f82ddd,6f82ddde203150986ed5a7fea27ea999d3e2b691,2010-09-13T13:51:36+02:00,Marcel Hellkamp,139,161,300,6,7,1,0,50.0,111,1
3932ae5,3932ae5034279b5ef072cd6146848d13553f8e46,2010-09-14T11:43:53+02:00,Marcel Hellkamp,12,15,27,1,9,1,0,27.0,27,1
5f88aa2,5f88aa2232ae31058444213bf9e36dd39479af5d,2010-09-20T20:45:34+02:00,Marcel Hellkamp,66,48,114,1,27,1,0,114.0,114,1
393c736,393c7364b3904cff2abfe74bf79388ab5984345f,2010-09-20T22:06:56+02:00,Marcel Hellkamp,34,12,46,1,3,1,0,46.0,46,1
3aace73,3aace735442f01981836f5d25dffe325a2d90baf,2010-09-22T12:52:31+02:00,Marcel Hellkamp,3,3,6,2,2,2,0,3.0,4,1
bb3f10c,bb3f10c09bb0e49e71943ea2602e6418ce9bebd4,2010-09-26T01:04:42+02:00,Ian Davis,3,1,4,1,1,1,0,4.0,4,1
3197321,319732175be11e8dd1f38da5d6a82e995d16eb0f,2010-09-26T01:49:37+02:00,Marcel Hellkamp,28,1,29,1,3,1,0,29.0,29,1
d8d5c5d,d8d5c5d96aa51a2a46b4efd38720a4c1cf0ab7ac,2010-09-30T14:00:21+02:00,Marcel Hellkamp,14,0,14,2,1,2,0,7.0,14,1
08e1143,08e11432ca2367cb3e197c220876fac590a46c6d,2010-09-30T14:44:29+02:00,Marcel Hellkamp,0,2,2,1,1,1,0,2.0,2,0
43b2668,43b266864159963bd36b648ec44f7fd852168c79,2010-09-21T12:05:10+02:00,Marcel Hellkamp,20,11,31,1,6,1,0,31.0,31,1
670c28b,670c28b4e2d0cc3d0adb968df3e8b5562a0166df,2010-10-07T14:32:10-07:00,Brandon Gilmore,1,1,2,1,1,1,0,2.0,2,1
63192d6,63192d666aeff5e342c6b48b40acdb37008f9479,2010-10-09T23:02:00+02:00,Marcel Hellkamp,4,0,4,1,1,1,0,4.0,4,0
7d399d4,7d399d4938dff72e6322276b1b38659cd50f86f8,2010-10-25T16:41:53+02:00,Marcel Hellkamp,0,131,131,1,1,1,0,131.0,131,1
05cd224,05cd2243ea14ed72e4e388b4153a905b5f9d3745,2010-10-25T16:44:47+02:00,Marcel Hellkamp,0,207,207,1,1,1,0,207.0,207,1
98354e6,98354e68b7de5f8b870b8d6848cad8a07351b41e,2010-11-05T01:39:34+01:00,apheage,1,1,2,1,1,1,0,2.0,2,1
3e1c6e2,3e1c6e2773b305a3ed38079542249a630cacda22,2010-11-10T12:40:59+01:00,Marcel Hellkamp,23,2,25,2,3,2,1,12.5,23,2
da79d4a,da79d4a5a2622eb23f5316d21771284c6ae4ad13,2010-11-05T16:52:46+01:00,Marcel Hellkamp,7,1,8,1,2,1,0,8.0,8,1
640517c,640517c5e1745d37609913304151afcd18c117ea,2010-10-29T19:49:16+02:00,Marcel Hellkamp,8,10,18,1,12,1,0,18.0,18,1
fe12158,fe121582d675a29a6164dbeb3e1c0d3eb451214d,2010-10-29T19:50:24+02:00,Marcel Hellkamp,49,5,54,2,5,1,1,27.0,50,2
4dd19da,4dd19daccc273aa25ea8d82dc013df8dc2596c88,2010-11-12T14:56:06+01:00,Marcel Hellkamp,47,56,103,2,12,2,1,51.5,69,2
6f0fee8,6f0fee8994c82a1bb77f7a1bf1ae95a6ad8ccd92,2010-12-14T11:42:34+01:00,Marcel Hellkamp,9,1,10,2,2,2,1,5.0,8,2
8906fa1,8906fa147b0d8981a7e729b318f79613bd535a34,2010-12-14T12:03:13+01:00,Marcel Hellkamp,1,0,1,1,1,1,0,1.0,1,0
51c37fc,51c37fc68a8bb8004b0409c9bf9796d51df05f64,2010-12-16T17:33:57+01:00,Marcel Hellkamp,62,1,63,4,3,2,0,15.75,39,2
f40bbce,f40bbce209dca5e81e6fb52db4ea76ee29f9bbbc,2010-12-25T12:29:36+01:00,Jonas Haag,9,9,18,3,8,3,0,6.0,8,2
2b7c4c1,2b7c4c15b613278876a4683c7e84d0cb1189e0df,2010-12-25T12:31:06+01:00,Jonas Haag,13,3,16,3,5,3,1,5.33,11,2
762821a,762821a658ca151993234c0c4db73682138b401b,2010-12-28T19:02:54+01:00,Marcel Hellkamp,5,9,14,2,3,1,0,7.0,8,0
bc1b9b3,bc1b9b33e7f5c878a7d4e40029b09364675753c1,2010-12-28T19:14:50+01:00,Marcel Hellkamp,2,1,3,1,2,1,0,3.0,3,1
28c6671,28c6671064af0e5fa313e362424549f4a1f5d30d,2010-12-28T19:17:06+01:00,Marcel Hellkamp,1,1,2,1,1,1,0,2.0,2,1
17c5f06,17c5f0625c0c13051889ab67204564d424389240,2010-12-28T19:25:01+01:00,Marcel Hellkamp,5,4,9,1,2,1,0,9.0,9,1
f72a7c5,f72a7c532544304fbc8455b32e12510e1f78ddae,2010-12-29T14:06:07+01:00,Marcel Hellkamp,3,3,6,1,3,1,0,6.0,6,1
0dcb349,0dcb349b00ed08cb61c6d1afc7da8747a6461526,2010-12-29T16:46:05+01:00,Marcel Hellkamp,26,12,38,2,10,2,1,19.0,32,2
8ccb2d6,8ccb2d64af650b770c8ea5f2f94b39dfa4366529,2010-12-29T19:47:26+01:00,Marcel Hellkamp,16,20,36,1,7,1,0,36.0,36,1
0a2d7d6,0a2d7d6febe7081864d4bb222f6baf14064ea814,2010-12-30T12:23:32+01:00,Marcel Hellkamp,19,6,25,1,8,1,0,25.0,25,1
b14b9af,b14b9afa3fbffee1eda63bc0d7dde1009b433d4f,2010-12-30T14:07:13+01:00,Marcel Hellkamp,21,14,35,1,4,1,0,35.0,35,1
3a573b9,3a573b9cd3e2a12fd002c599b2cc2b0396cc18f8,2011-01-08T21:51:28+01:00,Marcel Hellkamp,1,1,2,1,1,1,0,2.0,2,0
29019e6,29019e607d0e253eb3cd7000c3a859cc1ced6898,2011-01-20T00:55:14+01:00,Marcel Hellkamp,14,2,16,1,3,1,0,16.0,16,1
70a3118,70a3118d274ac199b37a74b9849685617428e25d,2011-01-08T21:33:37+01:00,Marcel Hellkamp,236,231,467,3,38,2,1,155.67,361,3
af93ec4,af93ec4f502e0faf81afca9dcc3e47159c1449ec,2011-01-21T11:43:59+01:00,Marcel Hellkamp,5,0,5,1,1,1,0,5.0,5,1
84d6df0,84d6df0928733fe87a16de21f29b383794bc7b7b,2011-01-21T12:10:14+01:00,Marcel Hellkamp,1,1,2,1,1,1,0,2.0,2,1
4e4714a,4e4714a5b51e5805ee738346197c856fb4f4ae2b,2011-01-21T16:03:27+01:00,Marcel Hellkamp,1,1,2,1,1,1,0,2.0,2,1
ffe2661,ffe26613ec3081832411856950e99cef314f262f,2011-01-21T18:13:12+01:00,Marcel Hellkamp,128,125,253,1,29,1,0,253.0,253,1
2a97993,2a979933a1cbeccfbeb517b624ec7543fa276c7a,2011-01-24T21:44:19+01:00,Marcel Hellkamp,150,46,196,2,31,2,0,98.0,142,0
ab17bad,ab17badcba3c71c50621bd476fa15451922c3ea4,2011-01-24T21:54:38+01:00,Marcel Hellkamp,2,2,4,2,2,1,0,2.0,2,0
3dd87bd,3dd87bd5d25c5d70da19abac4fb15f0f9d799942,2011-01-21T21:48:19+01:00,Marcel Hellkamp,4,0,4,1,1,1,0,4.0,4,0
fe4c8e6,fe4c8e66c4fdff876a2b06bb8331198ea08111e3,2011-01-25T01:02:35+01:00,Marcel Hellkamp,5,6,11,1,4,1,0,11.0,11,0
fcbedd9,fcbedd9d70198d44fb5897e45487604afa6c1518,2011-02-06T03:15:29+01:00,Wieland Hoffmann,1,1,2,1,1,1,0,2.0,2,0
0789227,0789227a3d40e9f2d149f29629486448de3036a3,2011-02-18T01:34:37+01:00,Marcel Hellkamp,79,45,124,3,25,2,0,41.33,83,1
5cf0643,5cf06439d5c3d230799120a631b7f727f5fb76de,2011-02-18T14:39:06+01:00,Marcel Hellkamp,15,11,26,1,11,1,0,26.0,26,1
5e8bb5b,5e8bb5b21b4c6da7af8513a2ccb79c572c6aa1fb,2011-02-18T14:42:52+01:00,Marcel Hellkamp,1,1,2,1,1,1,0,2.0,2,1
f62002e,f62002e1b952563762b1944d29c5b1da27dd87a9,2011-02-18T15:20:46+01:00,Marcel Hellkamp,0,11,11,1,1,1,0,11.0,11,1
688e0ab,688e0ab32e5f7849f2011769eab8e26d43c5891a,2011-02-18T15:31:14+01:00,Marcel Hellkamp,18,12,30,1,7,1,0,30.0,30,1
19aca2b,19aca2b88684bc2f488b4176d8b7e4f2bf96679a,2011-02-18T15:38:56+01:00,Marcel Hellkamp,15,19,34,1,1,1,0,34.0,34,1
77621f3,77621f3b23a745bb927ba73fcd7202bafc3b9dfa,2011-02-03T18:26:27+01:00,Marcel Hellkamp,134,70,204,3,19,2,1,68.0,189,3
88c1c87,88c1c87d4a39156f556aa4608df9e286ef585a49,2011-02-18T17:43:38+01:00,Marcel Hellkamp,241,1,242,2,4,2,1,121.0,205,2
412be33,412be338a6debb6fe195154651090a63450168bc,2011-02-18T21:10:36+01:00,Marcel Hellkamp,68,40,108,1,53,1,0,108.0,108,1
ed49a9f,ed49a9f781664c29e980c56cd6459e9ae8f024e3,2011-02-21T01:25:20+01:00,Marcel Hellkamp,4,4,8,1,3,1,0,8.0,8,1
535d9ed,535d9edb8db8b3ae0209ec3fdcac540c70f80e70,2011-02-21T14:31:51+01:00,Marcel Hellkamp,7,8,15,2,5,2,1,7.5,11,2
f2f9395,f2f93958dbc4bf7c309f7785d498b35a61e92b3c,2011-02-21T14:36:13+01:00,Marcel Hellkamp,83,0,83,2,2,2,0,41.5,81,0
6c465e2,6c465e24ed81cc3b5ff1e73eac8ffa1d88348810,2011-02-21T21:37:10+01:00,Marcel Hellkamp,137,10,147,1,11,1,0,147.0,147,0
ba90ef7,ba90ef7c9ef9237f8a356e1d8fbec4b450a9d507,2011-02-21T21:48:31+01:00,Marcel Hellkamp,3,5,8,1,3,1,0,8.0,8,0
57de5eb,57de5eb5078534728e65bba7f9dc5d240d5e2390,2011-02-21T21:55:01+01:00,Marcel Hellkamp,3,5,8,1,3,1,0,8.0,8,1
362fd2d,362fd2d3ceecb95fd7da4e91fa892873c3cb6339,2011-02-22T18:17:31+01:00,Marcel Hellkamp,3,3,6,1,3,1,0,6.0,6,0
15cb0b4,15cb0b4c768111210044e0c9ba5d4fee1ac7feb4,2011-02-24T16:44:33+01:00,Marcel Hellkamp,29,5,34,2,4,2,1,17.0,28,2
ff55cb8,ff55cb8b6dae52fb65b0080b06e36a56c608cba7,2011-02-24T17:00:16+01:00,Marcel Hellkamp,13,6,19,2,9,2,0,9.5,18,1
89da239,89da23939af54215bddf54ad1618898ff7162c2b,2011-02-24T17:46:31+01:00,Marcel Hellkamp,57,44,101,2,15,2,1,50.5,82,2
dce8891,dce88912e47cb1a97d052611fbc1a07aa786e8ca,2011-02-24T18:00:58+01:00,Marcel Hellkamp,34,12,46,1,5,1,0,46.0,46,1
b80f6d3,b80f6d37114211723c020dbcc2eb722519d85685,2011-02-25T14:08:49+01:00,Marcel Hellkamp,40,2,42,1,2,1,0,42.0,42,0
a5d636b,a5d636b5048753491f16e0bc92197dfe4926400a,2011-02-25T16:46:09+01:00,Marcel Hellkamp,70,69,139,1,12,1,0,139.0,139,0
a7565b7,a7565b7cc076e1f764c3d1617ac72cdb23394318,2011-03-02T12:20:15+01:00,Marcel Hellkamp,16,21,37,2,15,2,0,18.5,23,1
be19126,be19126c72d8c646b1cd469b411389da04f55043,2011-03-02T12:05:06+01:00,Marcel Hellkamp,127,41,168,1,10,1,0,168.0,168,1
f426a2f,f426a2f35eef9c885807db79ab0e30e3018b3965,2011-03-03T19:48:28+01:00,Marcel Hellkamp,26,10,36,1,11,1,0,36.0,36,0
9562d90,9562d904c4da864ca64ce117442d8dda59413fdd,2011-03-11T16:51:42+01:00,Marcel Hellkamp,15,14,29,8,13,4,0,3.62,12,5
7b5e2db,7b5e2db2294b6caab3fa270d73953f0f07d89934,2011-03-11T17:13:13+01:00,Marcel Hellkamp,1,7,8,1,2,1,0,8.0,8,1
36ac4fc,36ac4fc3464fc4c09ae923c3ab0a9c17e1a4cbfd,2011-03-11T17:44:45+01:00,Marcel Hellkamp,0,247,247,1,1,1,0,247.0,247,0
90c9c3c,90c9c3cd2c6aebfc6c64457b6d18369018ef28e8,2011-03-11T18:49:04+01:00,Marcel Hellkamp,152,23,175,4,13,3,0,43.75,107,0
474e7d3,474e7d3a009350a8c8e3cebfc77129ecf9f5cc4e,2011-03-14T23:09:16+01:00,Marcel Hellkamp,9,8,17,2,5,2,0,8.5,12,1
351910d,351910dad7e54d702bd7882046a069872c61c173,2011-03-19T16:32:46+01:00,Marcel Hellkamp,19,18,37,33,16,6,0,1.12,29,6
cc00b61,cc00b61aae1faa2167462bbe4ba5906944f1d017,2011-03-21T01:39:21+03:00,Alexey Borzenkov,4,2,6,2,3,2,1,3.0,4,2
4723ce4,4723ce4714fb6a6488354bf04983cdd0d0cf7204,2011-03-25T15:31:43+01:00,Marcel Hellkamp,2,1,3,1,2,1,0,3.0,3,1
62f08c7,62f08c7a74f5fc6502afd0f6478ab812c13d3c7b,2011-03-28T18:27:17+02:00,Marcel Hellkamp,19,1,20,1,2,1,0,20.0,20,1
03de959,03de959e2c153cfdfe3541d3481d5f4b1e831196,2011-03-28T18:28:42+02:00,Marcel Hellkamp,0,1,1,1,1,1,0,1.0,1,1
79685f5,79685f580301129e141e25d8b306b2eab4b0910f,2011-03-30T21:20:34-07:00,Sean M. Collins,1,1,2,1,1,1,0,2.0,2,0
8d13972,8d139723289b8764b1fd33f45e18ea0e109bba38,2011-04-07T13:59:25+02:00,Marcel Hellkamp,22,1,23,2,2,2,1,11.5,20,2
b20be42,b20be42927f77b04c97e629c0f36ad85062a7167,2011-04-01T17:32:53-04:00,Sean M. Collins,2,2,4,1,2,1,1,4.0,4,1
d76260f,d76260f65ba7d8c5b335fe17b3f75e1769512371,2011-04-07T17:12:23+02:00,Marcel Hellkamp,10,8,18,2,6,2,1,9.0,13,2
79ab05e,79ab05ef5f9895c58e7f3a4fbe276f17acce0ec1,2011-04-07T17:20:45+02:00,Marcel Hellkamp,5,3,8,1,5,1,0,8.0,8,0
307db32,307db32c022aba139d2a872e15d3b1dc8c23b6b0,2011-04-07T17:32:18+02:00,Marcel Hellkamp,11,4,15,1,2,1,0,15.0,15,1
a959341,a959341b73159008f39a5a9d3ee61abb741492c9,2011-04-07T09:49:04-07:00,Adam R. Smith,23,0,23,1,2,1,0,23.0,23,0
35e8131,35e81314e408cbdb805986aaf57be0b8343a7a78,2011-04-07T20:06:34+02:00,Marcel Hellkamp,18,9,27,1,5,1,0,27.0,27,1
a91b6d5,a91b6d5e52a296033ceab40ab25630235fcad8a6,2011-04-08T17:50:51+02:00,Marcel Hellkamp,22,21,43,1,14,1,0,43.0,43,0
cf1eaca,cf1eaca139ecee03a5bcffa57ed42289c162b3cf,2011-04-11T22:09:30+02:00,Marcel Hellkamp,17,2,19,2,4,1,0,9.5,12,0
3be6087,3be6087d706dc8455a8a08745d36c27b3fa3a429,2011-04-11T22:13:09+02:00,Marcel Hellkamp,73,0,73,1,1,1,0,73.0,73,0
0e12fa3,0e12fa3ea7f85dc30c4ae29b45c78f2cc9a40824,2011-04-11T16:32:49-04:00,Sean M. Collins,8,8,16,1,8,1,0,16.0,16,0
814c562,814c56204628f78ceb50636c865c523ff09100c9,2011-04-13T13:16:17+02:00,Marcel Hellkamp,19,9,28,2,10,2,1,14.0,16,2
f143c74,f143c74f9aaf687a2a75c0b51df943bd38412cfb,2011-04-15T15:56:17+02:00,Marcel Hellkamp,45,12,57,1,13,1,0,57.0,57,0
512048b,512048bf18d7fc26e7c1c731443f27bba6cca028,2011-04-17T16:06:49+02:00,Marcel Hellkamp,15,10,25,1,4,1,0,25.0,25,1
3255dac,3255dac2a2b18f23e31ab465fb201f4d2cbf7fd5,2011-04-17T17:45:03+02:00,Marcel Hellkamp,11,11,22,1,5,1,0,22.0,22,1
be7b4c1,be7b4c14e7918026cc88f52bab3317dfc4e00b45,2011-04-17T17:46:43+02:00,Marcel Hellkamp,20,3,23,2,4,2,1,11.5,14,2
8515340,8515340b0ba460758bac7529b2211c8832b59587,2011-04-20T15:04:13+02:00,Marcel Hellkamp,124,34,158,4,14,3,1,39.5,91,3
fa7d37d,fa7d37dd0f31ab357dedb706941836d91371bdd2,2011-04-20T15:20:39+02:00,Marcel Hellkamp,3,7,10,1,3,1,0,10.0,10,1
bfcc4b4,bfcc4b496e3bc0e35f147249f114ad733c31ff07,2011-04-20T15:23:12+02:00,Marcel Hellkamp,1,1,2,1,1,1,0,2.0,2,1
7faa782,7faa782d6e6dea2abffbdd2f93db54c88bb8e6dd,2011-04-23T17:57:10+02:00,Marcel Hellkamp,1,1,2,1,1,1,0,2.0,2,0
fd4f4d8,fd4f4d8c1184023c6fb3506976ce14b90dc118fa,2011-04-23T18:03:57+02:00,Marcel Hellkamp,29,0,29,2,2,2,1,14.5,28,2
0a82127,0a82127d568d0e8bff79c8bb1d8351ce742afedb,2011-04-25T22:06:52+02:00,Marcel Hellkamp,22,1,23,1,4,1,0,23.0,23,0
4bab873,4bab8733bb9e8c7b8eaa49272846191a36608427,2011-04-25T16:53:01-04:00,Sean M. Collins,9,9,18,1,9,1,0,18.0,18,0
b06f065,b06f0659d762741a1aed4c41014fac890d06516d,2011-04-28T00:19:14+02:00,Marcel Hellkamp,36,1,37,1,6,1,0,37.0,37,1
823f5b1,823f5b16fde937b5e1f82e4791ba82818cab39d4,2011-04-28T01:10:14+02:00,Marcel Hellkamp,38,0,38,1,1,1,1,38.0,38,1
79f247a,79f247a8328e5092c69665c19d42993599c559f3,2011-04-28T01:18:51+02:00,Marcel Hellkamp,2,3,5,1,3,1,1,5.0,5,1
84c9d86,84c9d8627911c8b0848d280ab843c56efc06893b,2011-04-28T01:45:15+02:00,Marcel Hellkamp,1,1,2,1,1,1,0,2.0,2,1
f6fe0e6,f6fe0e6d43e211251e3b086a8e291a2fda35cb0b,2011-04-28T20:25:14+02:00,Marcel Hellkamp,52,32,84,4,17,1,1,21.0,67,4
4ffe685,4ffe685c22d89ecf909db370966443befbb4802e,2011-04-28T20:26:10+02:00,Marcel Hellkamp,147,0,147,2,2,1,0,73.5,77,2
91bb4eb,91bb4eba681040ca748b1bdc867808c43412cd34,2011-04-29T12:48:21+02:00,Marcel Hellkamp,3,2,5,1,1,1,0,5.0,5,1
00ddd45,00ddd452d975ee2effdd43151b95fb1ee19a258c,2011-04-29T15:09:19+02:00,Marcel Hellkamp,2,2,4,2,2,1,0,2.0,2,2
6c15159,6c151597e22b763af2174c257e6e4af47a0839f8,2011-04-29T18:18:35+02:00,Marcel Hellkamp,11,110,121,6,11,4,0,20.17,58,2
454bb66,454bb664b06e10875a2ef6e723fe801efc0854c4,2011-05-02T18:39:25+02:00,Marcel Hellkamp,25,2,27,2,3,1,0,13.5,23,2
4f33a8d,4f33a8db2eaeede434e035c0f20b34636a8abefd,2011-05-02T19:14:20+02:00,Marcel Hellkamp,48,19,67,1,14,1,0,67.0,67,1
7798e7b,7798e7b4f5b95ac9965b881196b6653df824d610,2011-05-02T19:45:22+02:00,Marcel Hellkamp,10,6,16,2,7,2,0,8.0,9,1
8ad9455,8ad9455ddf112aea52c2be460d391dd1bea4de05,2011-05-02T21:28:35+02:00,Marcel Hellkamp,12,35,47,2,8,1,0,23.5,44,2
700733d,700733df98bed23470a6aa267e3a430dd3541d4f,2011-05-02T21:29:05+02:00,Marcel Hellkamp,176,0,176,3,3,1,0,58.67,98,3
7751a92,7751a9277182c2e3bc71b8696a4ce57bc065b2f8,2011-05-02T14:28:12-07:00,Marcel Hellkamp,1,1,2,1,1,1,0,2.0,2,0
75fcc4c,75fcc4c008a956add01f9730ced253aa738a4f93,2011-05-02T23:30:23+02:00,Marcel Hellkamp,7,1,8,1,1,1,0,8.0,8,0
00157cf,00157cfc89ca8b6402496d665e11118943e2ab1b,2011-05-02T19:54:49-07:00,Carl Scharenberg,1,1,2,1,1,1,0,2.0,2,0
79c8b75,79c8b75ae7d0265a9cd6dd1f897ddb43a9c187ea,2011-05-02T15:36:26+02:00,Marcel Hellkamp,7,2,9,1,3,1,0,9.0,9,0
6e390b6,6e390b6cec36af3b29a2237002feff1febf50162,2011-05-05T10:32:14+04:00,Alexey Borzenkov,4,8,12,1,2,1,0,12.0,12,1
8bc09c2,8bc09c2edaf827e3796003d0e2908cab5f5f2fd5,2011-05-12T13:46:52-04:00,Sean M. Collins,23,0,23,1,2,1,0,23.0,23,0
ee6f615,ee6f615d33c2cbf77764993f99fc525eefad2132,2011-05-12T13:50:03-04:00,Sean M. Collins,1,0,1,1,1,1,0,1.0,1,0
e02faa1,e02faa115b59281f72184289b666f67e71078584,2011-05-12T10:22:23-07:00,Sean M. Collins,1,1,2,1,1,1,0,2.0,2,0
57deb10,57deb1019165aa466d12a1dd7b4dfaabf77cebc4,2011-05-12T14:36:36-04:00,Sean M. Collins,1,1,2,1,1,1,0,2.0,2,0
20f775e,20f775ebabdcbbae31da68d800a3faf657ff410b,2011-05-10T00:57:55+02:00,Marcel Hellkamp,211,40,251,9,17,4,0,27.89,87,3
8c86a98,8c86a98dbfd071417b3778c2ffd2a16bb2d4ec2b,2011-05-12T21:49:21+02:00,Marcel Hellkamp,7,7,14,1,2,1,1,14.0,14,1
b266125,b266125678d01bd49cea57fb225df1933351c479,2011-05-12T22:13:48+02:00,Marcel Hellkamp,3,2,5,5,3,2,0,1.0,2,0
9d60b6e,9d60b6e13f23615dd07f463f6dba17a440139000,2011-05-13T22:24:03+02:00,Marcel Hellkamp,12,12,24,2,7,2,1,12.0,19,2
1dae6f9,1dae6f984a6f01ff27b547592c799a899e6b0baa,2011-05-13T22:37:23+02:00,Marcel Hellkamp,21,11,32,1,6,1,1,32.0,32,1
3e84344,3e843442980bf589c9d11d1aa4367e6b858c3a57,2011-05-13T23:05:31+02:00,Marcel Hellkamp,8,9,17,3,9,2,1,5.67,12,3
610790d,610790db0cbdc1efe0459aec54de2ce714b8ce9e,2011-05-13T21:20:26+02:00,Marcel Hellkamp,14,95,109,5,27,2,1,21.8,69,5
f52ad27,f52ad27ae45ba933f117381a06f72c9adb864b0b,2011-05-14T15:49:29+02:00,Marcel Hellkamp,0,2,2,1,1,1,0,2.0,2,1
55aca7b,55aca7b5864996c125debfc85d1c1ff764526bfe,2011-05-22T08:09:43+07:00,akolechkin,11,1,12,2,2,2,1,6.0,10,2
1e2ca06,1e2ca068e0b93015608ae852f64a1408c38e96f8,2011-05-30T15:06:04+02:00,Marcel Hellkamp,0,0,0,0,0,0,0,0.0,0,0
9373284,93732849ffafb44c52d967e81cc9754b81266e40,2011-05-30T16:06:43+02:00,Marcel Hellkamp,36,30,66,1,9,1,0,66.0,66,1
a8daeef,a8daeef5009b5c61a9de083182dd924821e90f3b,2011-06-03T17:05:58+02:00,Marcel Hellkamp,4,0,4,1,1,1,0,4.0,4,1
906d0bb,906d0bb2b234c24b8031cf7e0ab694eb0aad16c1,2011-06-03T17:11:14+02:00,Marcel Hellkamp,23,10,33,1,5,1,0,33.0,33,1
fc16e2e,fc16e2e232f3e77e5ac8dc4e4536e5e765827e12,2011-06-03T17:20:23+02:00,Marcel Hellkamp,40,30,70,1,18,1,0,70.0,70,1
238a6bd,238a6bd41c362a63d91768b7a0314e583cb45f7d,2011-06-03T17:34:30+02:00,Marcel Hellkamp,22,7,29,1,3,1,0,29.0,29,1
4312621,431262129bf32b1b29353d55dc1c0b29d35cfdf8,2011-06-03T20:00:13+02:00,Marcel Hellkamp,39,20,59,2,14,2,1,29.5,57,2
b4d8a3e,b4d8a3e4a2249f72a0482b9ec7eacd80cd5d7fd6,2011-06-03T21:02:19+02:00,Marcel Hellkamp,14,15,29,1,10,1,0,29.0,29,0
be86e70,be86e70ed471afe59b8c18a00c0429c10e9d20b6,2011-06-03T21:57:54+02:00,Marcel Hellkamp,6,5,11,2,4,2,1,5.5,8,2
a045152,a04515257f2901e1918d7c8459825741d8f9b35e,2011-06-06T15:13:23+02:00,Marcel Hellkamp,81,9,90,4,16,3,1,22.5,45,3
ce626e5,ce626e52cb33fb03976fa91aab0b4661739eda2b,2011-06-07T16:45:58+02:00,Marcel Hellkamp,151,131,282,1,25,1,0,282.0,282,1
b7db02d,b7db02dc37725edf3eea4e4f3019d1a2d3e133fa,2011-06-07T17:32:34+02:00,Marcel Hellkamp,27,22,49,1,9,1,0,49.0,49,1
fcad368,fcad368f5f8d2c3ca56f58657f413cd8a8feccfc,2011-06-09T17:14:36-03:00,Iuri de Silvio,1,1,2,1,1,1,0,2.0,2,0
fd88064,fd88064f051111feb65ffdea3f7da8a666accdbf,2011-06-10T14:31:45+02:00,Marcel Hellkamp,7,7,14,1,7,1,0,14.0,14,1
7d983bc,7d983bc3b01ea6fa472bbdeac509584764a37b90,2011-06-10T16:31:38+02:00,Marcel Hellkamp,117,106,223,1,30,1,0,223.0,223,1
60b172f,60b172fcffa2a5cd29900c44c5c2ce725b6e7572,2011-06-10T18:08:17+02:00,Marcel Hellkamp,78,16,94,2,8,2,1,47.0,54,2
dc8fef5,dc8fef55af162bf536e4cd91c3325b85f4a3dc88,2011-06-10T18:59:45+02:00,Marcel Hellkamp,64,6,70,3,11,3,1,23.33,42,2
a965906,a96590683a1db1c4b2a2a526977ff5a04077faed,2011-06-10T19:06:21+02:00,Marcel Hellkamp,1,1,2,1,1,1,0,2.0,2,1
f7b5239,f7b523901c8303e52c7970c2ad133827434d19f3,2011-06-10T19:57:38+02:00,Marcel Hellkamp,19,16,35,2,16,2,1,17.5,27,2
7831617,7831617b21732037adb50d55b5997b3aa04b9154,2011-06-13T15:53:49+02:00,Marcel Hellkamp,2,1,3,1,2,1,0,3.0,3,1
ebeaa9f,ebeaa9f2fd196dfc7aa013500af1b05ad5c6fed1,2011-06-14T16:54:01+02:00,Marcel Hellkamp,215,101,316,2,48,2,1,158.0,293,2
d09f6ea,d09f6ead28f45fa299830d78117cea899c071a8a,2011-06-16T00:46:49+02:00,Marcel Hellkamp,4,2,6,1,2,1,0,6.0,6,1
e412cd9,e412cd9fa5f4ebb81767e3eec73327ba7cc4f88c,2011-06-16T14:51:17+02:00,Marcel Hellkamp,4,2,6,1,1,1,0,6.0,6,1
6ab03c9,6ab03c9cc01e9a17e1ec557d1ed840748ce221e8,2011-06-21T00:28:27+02:00,Marcel Hellkamp,157,62,219,2,20,2,1,109.5,172,2
3804d84,3804d84b51dc69ff0110a9fb93280b7c8e822435,2011-06-21T10:58:42+02:00,Marcel Hellkamp,98,86,184,1,37,1,0,184.0,184,1
bb58c8f,bb58c8f17ab01644e1532d107baf6d376fcb16fd,2011-06-21T11:01:14+02:00,Marcel Hellkamp,2,2,4,1,2,1,0,4.0,4,1
3f4f8ff,3f4f8ffd959efabb267978f23df97cc96bd1fa2d,2011-06-23T21:21:31+02:00,Marcel Hellkamp,26,16,42,1,10,1,0,42.0,42,1
d867fea,d867fea8206072322928cb28076cedfb7ba704f6,2011-06-24T19:36:14+02:00,Marcel Hellkamp,6,12,18,1,4,1,0,18.0,18,0
87a39d6,87a39d602f9cd2ceb3d7f00d98b3fa04f0a96de3,2011-06-24T19:58:19+02:00,Marcel Hellkamp,6,7,13,1,4,1,0,13.0,13,1
b257260,b2572600e0006304a080a0895e6f9e9d3523f418,2011-06-27T11:55:40+02:00,Marcel Hellkamp,4,1,5,1,1,1,0,5.0,5,1
2cca1c6,2cca1c68c34274e468e52da867ef09344b8f4bf1,2011-07-06T22:08:45+02:00,Marcel Hellkamp,1,1,2,1,1,1,0,2.0,2,0
08e8800,08e88007a2da46053788a33fbcef6f39452b4176,2011-07-17T15:09:50-07:00,Anton I. Sipos,16,1,17,2,3,2,1,8.5,12,2
1719b5f,1719b5f7fed6dff9a8027d3c7dc0bd1d950a55ca,2011-07-18T00:56:10+02:00,Marcel Hellkamp,1,1,2,1,1,1,0,2.0,2,0
a1812cd,a1812cd6bb19f065771422423c428cbcecf4b101,2011-07-18T01:04:00+02:00,Marcel Hellkamp,70,70,140,1,68,1,0,140.0,140,0
4a0272b,4a0272bf950c6dcb209031743192aa173d3924f3,2011-07-18T11:45:33+02:00,Marcel Hellkamp,3,0,3,1,1,1,0,3.0,3,1
4e8a79a,4e8a79a313d7e15f8abb9a2e3b67995c3693cb39,2011-07-18T11:05:37-07:00,Anton I. Sipos,2,2,4,1,2,1,0,4.0,4,1
f4d84b2,f4d84b26edcdc1171eab19cf9aa856f17ca871c0,2011-07-19T19:41:26+02:00,Marcel Hellkamp,1,1,2,1,1,1,0,2.0,2,1
addf7ae,addf7ae9eb7a827a67eb75fcff651984d8a7843c,2011-07-19T21:22:35+02:00,Marcel Hellkamp,9,2,11,2,3,2,1,5.5,9,2
567a278,567a278847fae932efae2a0eda9dbf429632a6a0,2011-07-25T16:40:11+02:00,Marcel Hellkamp,6,1,7,1,2,1,0,7.0,7,1
c773d11,c773d11847f9fdb23ceb789f49c1b88d7e9e2b72,2011-07-25T21:04:55+02:00,Marcel Hellkamp,5,6,11,1,2,1,0,11.0,11,1
1a714aa,1a714aa7241dcc47044cdbe6b188700434713bc3,2011-07-27T21:51:44+02:00,Marcel Hellkamp,8,8,16,1,7,1,0,16.0,16,1
a4fa86b,a4fa86b053a70745f2e645d1a15b7370caec2b16,2011-08-09T14:38:12+02:00,Marcel Hellkamp,331,272,603,3,15,2,0,201.0,432,1
9477176,9477176d48b65496b1491af97b4fe94337b11860,2011-08-09T14:44:00+02:00,Marcel Hellkamp,6,4,10,1,5,1,0,10.0,10,1
8e79eb2,8e79eb29392daff1a85e1338fdda986e6bd4f313,2011-08-17T18:56:46+02:00,Marcel Hellkamp,2,2,4,2,2,1,1,2.0,2,2
c53172c,c53172cb570724bb0d524a338d01aa622021b3cf,2011-08-17T23:56:46+02:00,Marcel Hellkamp,4,2,6,1,4,1,0,6.0,6,1
06fd59a,06fd59a60294e1f67c5a548aec1c5d6a5b3f5a0e,2011-08-18T00:03:18+02:00,Marcel Hellkamp,35,20,55,1,19,1,0,55.0,55,0
7254cf0,7254cf0782dc768d4f54cfd5e2ff9ace6a8d6c2e,2011-08-16T23:29:40+02:00,Marcel Hellkamp,32,32,64,1,19,1,0,64.0,64,1
b4c0c21,b4c0c21ebd0ce21ce0c4142c374a1f19b1f12f08,2011-08-20T19:21:38+02:00,Marcel Hellkamp,21,23,44,1,7,1,0,44.0,44,1
7a4a508,7a4a508bd71ac54dc0fa04b29e2d53ba171aa0a0,2011-08-20T19:23:30+02:00,Marcel Hellkamp,0,27,27,1,1,1,0,27.0,27,1
8ebf74e,8ebf74ea16faedaf3b971a355356720c29bce191,2011-08-20T20:05:41+02:00,Marcel Hellkamp,23,41,64,2,13,2,0,32.0,52,1
fa7733e,fa7733e075da0d790d809aa3d2f53071897e6f76,2011-08-20T20:34:28+02:00,Marcel Hellkamp,15,5,20,1,1,1,0,20.0,20,1
0adb100,0adb100afeda30b457a82a7ea3f6f2f9c3d5534c,2011-08-26T15:35:24-04:00,Sean M. Collins,2,0,2,1,1,1,0,2.0,2,1
2e475be,2e475be232b170a9b9b9f0addccaf9b719b46ad7,2011-08-26T15:51:19-04:00,Sean M. Collins,3,1,4,1,2,1,0,4.0,4,1
5ba18b4,5ba18b4c986f982c98bfb9806a1472fcad1d3a63,2011-08-29T04:08:58-03:00,gstein,6,3,9,1,2,1,0,9.0,9,1
d38ec15,d38ec150d45856265941357dbe0c69d89a0b300e,2011-08-29T20:59:47+02:00,Marcel Hellkamp,10,12,22,3,7,2,1,7.33,8,3
e46499e,e46499e584139bfed1fe9441364bdd1ac34a5fb9,2011-08-19T15:58:41+02:00,Marcel Hellkamp,5,5,10,1,4,1,0,10.0,10,1
168023e,168023ebd6a89c4f4d6a5ea0a4f2898ea35fdc1b,2011-08-19T16:48:40+02:00,Marcel Hellkamp,13,1,14,1,2,1,0,14.0,14,1
0edaf84,0edaf8425dd44e00d8637190d86e3b64aa3a41d5,2011-08-30T16:31:31+02:00,Marcel Hellkamp,7,19,26,2,10,2,1,13.0,22,2
d475f5d,d475f5d33648b0f47b495df7a79b6aefd0f2f203,2011-09-01T13:49:38-04:00,Sean M. Collins,7,0,7,1,2,1,1,7.0,7,1
2bbf9ed,2bbf9ed12eb1cc9490dbaa586030d28a1ae18296,2011-09-01T20:41:06+02:00,Marcel Hellkamp,2,0,2,1,1,1,0,2.0,2,1
882668f,882668ff342e89d6d91fb4138b8546632946d571,2011-09-02T13:51:19+02:00,Marcel Hellkamp,5,2,7,2,2,2,1,3.5,4,2
df285fa,df285fa8c680cf3dacea34f2a3e667b587888802,2011-09-02T17:32:57+02:00,Marcel Hellkamp,17,12,29,3,16,3,0,9.67,11,3
6a4e8b7,6a4e8b790fc2507c2c41edd344df9384fe0cef6d,2011-09-02T19:55:00-03:00,Iuri de Silvio,5,1,6,2,2,2,1,3.0,4,2
997794c,997794c8a41c460ce8645281d0639b485f2f6727,2011-09-04T05:52:49-03:00,Iuri de Silvio,2,2,4,1,2,1,0,4.0,4,1
9102158,9102158b29138e14287e2f957733d3e97c28b49b,2011-09-04T15:31:33+02:00,Marcel Hellkamp,1,0,1,1,1,1,0,1.0,1,1
a110c1a,a110c1add3e97ee64e95e707959d840a315edefc,2011-09-04T16:13:53+02:00,Marcel Hellkamp,2,0,2,1,2,1,0,2.0,2,1
c6efadb,c6efadb491f3289868a97c90fa68ef54cec229bb,2011-09-04T17:23:27+02:00,Marcel Hellkamp,32,14,46,2,12,2,0,23.0,43,1
70a77cc,70a77cc47acabb03e43ab5897d620ce90e338e30,2011-09-04T17:25:17+02:00,Marcel Hellkamp,1,1,2,1,1,1,0,2.0,2,1
9cc2abb,9cc2abbe7e5318adb5a680417860e496f7260a46,2011-09-08T14:37:29+02:00,Marcel Hellkamp,2,2,4,1,2,1,0,4.0,4,0
b0a8c24,b0a8c242b85f591b5c7486ee4b451476118bdaba,2011-09-08T14:51:30+02:00,Marcel Hellkamp,1,0,1,1,1,1,0,1.0,1,1
bac87db,bac87db74f4275cec9f7fe4dca8421344528086d,2011-09-08T14:53:08+02:00,Marcel Hellkamp,6,6,12,1,3,1,0,12.0,12,1
14ed1fd,14ed1fdd073010a1d0332968b2901bf1cc02e564,2011-09-08T14:56:45+02:00,Marcel Hellkamp,6,0,6,1,1,1,0,6.0,6,1
28215a0,28215a073b172f9e88cddf82ae99eaa8d8a6876e,2011-09-08T15:01:15+02:00,Marcel Hellkamp,18,13,31,1,12,1,0,31.0,31,1
8d5701f,8d5701f2cd416ea2bbb53849710b3dca0b474e03,2011-09-08T15:04:28+02:00,Marcel Hellkamp,1,0,1,1,1,1,0,1.0,1,1
5349e1f,5349e1f7416c10a11725e9ee85ec6ad692ee9c79,2011-09-08T16:25:22+02:00,Marcel Hellkamp,32,15,47,1,13,1,0,47.0,47,0
32e4f50,32e4f50c2da8dfa1c8ba3eac23045d3b6f28a6be,2011-09-08T16:46:56+02:00,Marcel Hellkamp,10,11,21,1,9,1,0,21.0,21,0
8632699,8632699916d55c8803ab3051c710e0b556fb8448,2011-09-08T19:37:27+02:00,Marcel Hellkamp,9,1,10,1,2,1,0,10.0,10,0
24870ae,24870ae0bdc620c207bc888a3ea35e47df19ab84,2011-09-08T20:14:55+02:00,Marcel Hellkamp,2,1,3,1,1,1,0,3.0,3,1
71b9d8c,71b9d8c10cb244807256f2a077b96e64b53d0541,2011-09-12T00:35:47+02:00,wolle-,5,5,10,1,5,1,0,10.0,10,0
8f2df4f,8f2df4fd7cfb5d51a9925734323883d61c2e8a10,2011-09-12T18:26:20+02:00,Marcel Hellkamp,1,0,1,1,1,1,0,1.0,1,0
f43fe57,f43fe5753067fbbd7362a09ecc1e70f49fd7f139,2011-09-12T22:35:56+02:00,Marcel Hellkamp,2,0,2,1,1,1,0,2.0,2,1
07a56a6,07a56a660f6cda4a2585551c695609edcf5b3846,2011-09-13T19:02:23+02:00,Frederic Junod,1,1,2,1,1,1,0,2.0,2,1
68a8ce1,68a8ce1970203c39ee585bef5c8bd4fc358d0db1,2011-09-14T00:29:18+02:00,Frederic Junod,0,1,1,1,1,1,0,1.0,1,1
c6eff36,c6eff363f4163bd4078ab4cc0187e25e49bf669b,2011-09-15T01:01:47+02:00,Frederic Junod,26,0,26,1,1,1,0,26.0,26,0
b9e2684,b9e26843d1dcba8f051d2eedd00a5974d757eba5,2011-09-14T12:11:55+02:00,Marcel Hellkamp,0,48,48,1,1,1,0,48.0,48,1
615835f,615835fa618be862a4138b6b91336facab37b9cc,2011-09-14T12:44:13+02:00,Marcel Hellkamp,10,6,16,1,2,1,0,16.0,16,1
6cbff56,6cbff561900e0f9af01431b6ae9c2925f50b9bed,2011-09-15T22:36:17+02:00,Frederic Junod,1,1,2,1,1,1,0,2.0,2,0
033ff0b,033ff0bfc13bc5aba67e1cdce769187215b40e8c,2011-09-15T17:58:28-04:00,Sean M. Collins,3,3,6,2,3,1,0,3.0,4,0
387e137,387e1371f511fcfd41f458e2b9a613a1f20cc83c,2011-09-17T06:37:39+02:00,Frederic Junod,1,1,2,1,1,1,0,2.0,2,0
6648946,664894634dccfef549a2f83e7dd5e40bacbb35f6,2011-09-17T12:12:55-03:00,Iuri de Silvio,21,5,26,1,1,1,0,26.0,26,1
712965c,712965c5c9da0121889f34d24be9b3cb58b15445,2011-09-18T15:56:41+02:00,Marcel Hellkamp,15,4,19,2,4,2,0,9.5,12,2
2495898,249589872ad282fd7ad6f8316d106f4245b8689e,2011-09-18T14:08:03-03:00,Iuri de Silvio,7,16,23,1,4,1,0,23.0,23,1
a38dc46,a38dc460a447162816ec13594f262204a5ebaeec,2011-09-18T14:35:34-03:00,Iuri de Silvio,1,1,2,1,1,1,0,2.0,2,1
21c9d2d,21c9d2d999cf0608a97089524b28d30913513960,2011-09-19T16:54:00+02:00,Marcel Hellkamp,22,2,24,1,5,1,0,24.0,24,1
424a10f,424a10fad9f865f2469936c771d50eebb1213cfa,2011-09-19T20:26:23+02:00,Marcel Hellkamp,63,4,67,2,4,2,1,33.5,59,2
00e6337,00e6337285dc2f3d0ec824cb2cf68a4dab7fe52f,2011-09-19T17:22:11-03:00,Iuri de Silvio,4,4,8,2,4,2,0,4.0,6,1
766fc74,766fc74ab7409cfdb0ae40e68ffe9ead5c878533,2011-09-23T13:27:11+02:00,Alexis D.,1,1,2,1,1,1,0,2.0,2,0
5e149a9,5e149a9df78ced0ea627d1a79a6df36bbadfb923,2011-09-25T18:09:33+02:00,Marcel Hellkamp,39,14,53,2,8,2,1,26.5,32,2
cfc7e96,cfc7e967e4cd2e0b146bfbeff1fbd5d1c5b9a2a4,2011-09-25T21:41:34+02:00,Marcel Hellkamp,2,2,4,2,2,2,1,2.0,2,2
7156031,715603156bcca51da7099614dab91584790cb820,2011-09-25T20:48:51+01:00,Paul Chakravarti,1,2,3,1,2,1,0,3.0,3,1
5b65806,5b658068e2c731c818a6f6cbf42dab68840491e2,2011-09-28T13:50:34-03:00,Iuri de Silvio,1,1,2,1,1,1,0,2.0,2,0
665be8e,665be8ee095ca1569bc883e187e60c12cfa0893d,2011-09-28T13:54:08-03:00,Iuri de Silvio,1,1,2,1,1,1,0,2.0,2,0
e26d211,e26d211f07085717aa0773ad17ef5d7246c7cbe2,2011-09-29T13:03:50-04:00,Sean M. Collins,21,0,21,1,2,1,0,21.0,21,0
aff0f6c,aff0f6ca31458d1222c430df790635eaf20e918b,2011-09-29T13:19:20-04:00,Sean M. Collins,6,1,7,1,1,1,0,7.0,7,0
ab98157,ab981577612ac274b74162ade730f6f308695545,2011-09-29T19:30:34+02:00,Marcel Hellkamp,59,13,72,2,4,2,1,36.0,41,2
239d4b9,239d4b9f536fc962a8db8361ffec3a469a3a36bb,2011-09-29T23:02:34+02:00,Marcel Hellkamp,30,30,60,1,13,1,0,60.0,60,0
8b023af,8b023afd027f1d9026c69dd13e94d954676085f5,2011-10-01T14:33:18+02:00,Marcel Hellkamp,99,75,174,3,11,2,1,58.0,92,3
ba8ad1a,ba8ad1a95c103a530f9abfa871816fe9aff0a34c,2011-10-01T17:21:56+02:00,Marcel Hellkamp,25,0,25,2,3,1,0,12.5,24,2
aa655b9,aa655b9007b9f20944bfea346f05779a7c6cfdb9,2011-10-01T17:30:24+02:00,Marcel Hellkamp,10,4,14,1,3,1,0,14.0,14,1
daa5ca3,daa5ca35f44f1054bca394e4a13e5bcafcb1f4ab,2011-10-09T22:18:39+02:00,Marcel Hellkamp,15,10,25,3,4,2,0,8.33,14,3
7c48031,7c48031ab9c20b198ad7312c193d672484c1097e,2011-10-09T22:20:12+02:00,Marcel Hellkamp,8,0,8,1,1,1,0,8.0,8,1
bf40a6c,bf40a6c6c9bac3508ce388683b5ec50c3840ad54,2011-10-07T14:24:17+02:00,Marcel Hellkamp,22,13,35,1,2,1,0,35.0,35,1
00133d4,00133d48c4c58c99233a424925ea834f3f69b486,2011-10-07T14:32:45+02:00,Marcel Hellkamp,17,1,18,2,2,2,1,9.0,15,2
c415d35,c415d3569e4540a6480b6fe07c44bd976c2532e3,2011-10-11T00:09:44+02:00,Marcel Hellkamp,48,5,53,1,6,1,0,53.0,53,0
2e997de,2e997de5c8eedabc4a94b83efd40409adac547e8,2011-10-11T14:48:35-07:00,Brad Greenlee,3,2,5,1,2,1,0,5.0,5,1
14cbbed,14cbbed9fea71af454daa6a194cada6c9dc76a49,2011-10-09T22:21:34+02:00,Marcel Hellkamp,0,12,12,1,1,1,0,12.0,12,1
eaef56c,eaef56c3edda88e0a2c66a9aa05231d9ddb38a69,2011-10-13T12:46:13+02:00,Marcel Hellkamp,33,0,33,1,1,1,0,33.0,33,0
ce5f0d3,ce5f0d3d4a1e5afe4c5ac096a4f2f2c943f00d94,2011-10-13T13:00:29+02:00,Marcel Hellkamp,23,13,36,1,7,1,0,36.0,36,1
d478c75,d478c75b568e4702e2d5e943a353c13ec886538f,2011-10-13T13:41:09+02:00,Marcel Hellkamp,1,1,2,1,1,1,0,2.0,2,1
0ec8d47,0ec8d474efe292e53893c5cce657b2aba0587919,2011-10-20T12:28:32+02:00,Marcel Hellkamp,4,0,4,1,1,1,0,4.0,4,1
779510c,779510caccaedfab14837693f8e0edf749b63ef9,2011-10-23T15:03:03+02:00,Marcel Hellkamp,70,55,125,1,33,1,0,125.0,125,0
f1b5a3a,f1b5a3a6050ae07255b4294c6022ad06359179a8,2011-10-24T17:43:43+02:00,Marcel Hellkamp,2,2,4,1,2,1,0,4.0,4,1
0ffae78,0ffae7866ab36dc94a0178e70416fe815bfabd2a,2011-10-24T18:23:22+02:00,Marcel Hellkamp,3,3,6,1,1,1,0,6.0,6,1
9452b8a,9452b8ae6bf723cdb16bd359b2320743bd01d17d,2011-10-24T18:44:23+02:00,Marcel Hellkamp,3,3,6,1,1,1,0,6.0,6,0
9c65ece,9c65eceef9257f0975cc19b16cef5114b04cae7c,2011-10-24T23:19:39+02:00,Marcel Hellkamp,46,39,85,1,23,1,0,85.0,85,0
da01a3d,da01a3d1feab600528cf096792820b33c7766b26,2011-10-25T00:36:45+02:00,Marcel Hellkamp,32,3,35,2,8,2,0,17.5,28,1
f4ddbff,f4ddbff5a6acc2fb169db5f845921e637dd3bed8,2011-10-25T01:01:52+02:00,Marcel Hellkamp,8,8,16,1,8,1,0,16.0,16,0
f89fd73,f89fd73c02f0d0823904ba7f42d410f22bc55090,2011-10-25T01:42:55+02:00,Marcel Hellkamp,17,0,17,1,1,1,0,17.0,17,0
b230cba,b230cbacd6e477652f61c48cf81e5f63721b2a96,2011-10-25T21:30:32+02:00,Marcel Hellkamp,4,0,4,1,1,1,0,4.0,4,1
80f303c,80f303c24faf77522b95cbbf1266356a078849a9,2011-10-27T17:05:54+02:00,Marcel Hellkamp,44,13,57,2,8,2,1,28.5,32,2
f5aec1e,f5aec1e5ab3af8cb88c3d6b0c394eaf7398a87f0,2011-10-30T14:01:47-02:00,Iuri de Silvio,1,1,2,1,1,1,0,2.0,2,0
47449b6,47449b675e1f37152b9043295ff3ab4bce6cc0ff,2011-11-08T20:04:19+01:00,Marcel Hellkamp,340,202,542,6,51,3,1,90.33,280,2
40bf9c6,40bf9c6165e50221446f3e98bdee6b9f083d9186,2011-11-10T10:33:51+01:00,Marcel Hellkamp,1,0,1,1,1,1,0,1.0,1,1
4cf2344,4cf2344451895d3da8744bb30267d8337dc90dcc,2011-11-10T10:37:07+01:00,Marcel Hellkamp,3,2,5,1,2,1,0,5.0,5,1
fe4ae94,fe4ae94e4615a0dbc2c5739d63c13c175132faf7,2011-11-11T15:41:56+01:00,Marcel Hellkamp,47,27,74,2,17,2,1,37.0,46,2
620cb12,620cb12436ab0c64ad8cc4e574016bcf2da4f7b5,2011-11-11T16:08:28+01:00,Marcel Hellkamp,0,1,1,1,1,1,0,1.0,1,1
8daa140,8daa140a50670d56e279c55775c3982272de53fa,2011-11-15T16:08:40+01:00,Marcel Hellkamp,50,40,90,3,21,2,1,30.0,47,3
4f359a1,4f359a14d36f43514dc9eed06fac7bdc182adbff,2011-11-15T16:17:54+01:00,Marcel Hellkamp,3,3,6,1,1,1,0,6.0,6,1
e93c995,e93c995a8b6ef2c220d08c46248aadcc0ebd33eb,2011-11-15T16:21:07+01:00,Marcel Hellkamp,1,1,2,1,1,1,0,2.0,2,1
73621c3,73621c3451ad6003d98e166ef181f82fd0a18bd4,2011-11-15T16:49:14+01:00,Marcel Hellkamp,9,14,23,1,7,1,0,23.0,23,1
a9431b6,a9431b6336cf56aec48c91c777839cef1c41a45b,2011-11-15T17:07:55+01:00,Marcel Hellkamp,1,1,2,1,1,1,0,2.0,2,1
0cc5e09,0cc5e09545274efed7b968989f3cf91a084eada7,2011-11-15T17:13:03+01:00,Marcel Hellkamp,6,0,6,1,3,1,0,6.0,6,1
32dbec0,32dbec0f0c82abbe84e7f815ddd803146a3b2c2e,2011-11-15T17:23:48+01:00,Marcel Hellkamp,13,12,25,1,3,1,0,25.0,25,1
fa0e167,fa0e167df5af4dc8ecb43fb03144890438965084,2011-11-15T18:06:16+01:00,Marcel Hellkamp,9,6,15,1,4,1,0,15.0,15,0
925ae20,925ae20fdb6ac5e0866eca32150b979a8e95102d,2011-11-15T19:26:43+01:00,Marcel Hellkamp,3,2,5,2,3,1,0,2.5,3,1
b8e371d,b8e371db8cb2ceabfc1d1942603789d4a147b0b1,2011-11-15T20:12:52+01:00,Marcel Hellkamp,8,10,18,1,4,1,0,18.0,18,1
e75c78e,e75c78e3f714cf3546038d70a7db7fc348b40773,2011-11-15T22:31:59+01:00,Marcel Hellkamp,86,87,173,1,16,1,0,173.0,173,1
a85175a,a85175a74188ea9fd168da62e0002b428c6535f5,2011-11-16T00:08:01+01:00,Marcel Hellkamp,9,3,12,1,3,1,0,12.0,12,1
46eed14,46eed148102a07ee2eb40437a2b64419acf9d2a4,2011-11-16T12:57:03+01:00,Marcel Hellkamp,1,0,1,1,1,1,0,1.0,1,1
6235d7e,6235d7e0a4e9a649c0325c1ba3d0fcca8da7cca5,2011-11-16T14:38:13+01:00,Marcel Hellkamp,3,4,7,1,3,1,0,7.0,7,1
db2b85c,db2b85c9e1a37fff416e07a74a33f21ae0493de6,2011-11-16T17:14:45+01:00,Marcel Hellkamp,1,1,2,1,1,1,0,2.0,2,1
0b117d1,0b117d134ad8c83409d86c57edb5cc015ce03457,2011-11-16T18:53:41+01:00,Marcel Hellkamp,1,1,2,1,1,1,0,2.0,2,1
dcd9c0f,dcd9c0f3fbda3ce728dbd5370f8e738360c87f25,2011-11-16T19:22:53+01:00,Marcel Hellkamp,24,43,67,2,23,2,1,33.5,43,2
2d2fd03,2d2fd03eda87ef24c3fbbfd8afd1e5103efb33ac,2011-11-17T16:06:33+01:00,Marcel Hellkamp,3,0,3,1,1,1,0,3.0,3,1
8d8feeb,8d8feeb22cdaefe239dbec4c8fd1c354bdca9a01,2011-11-17T16:42:48+01:00,Marcel Hellkamp,23,10,33,1,5,1,0,33.0,33,0
f8ef788,f8ef7884c2d73534989d9e050c8231b4eed56555,2011-11-19T20:37:47+01:00,Marcel Hellkamp,13,12,25,1,4,1,0,25.0,25,1
3fa7af5,3fa7af52ba0c8847eeed8944c6f1f711e71d60d3,2011-11-22T15:54:15Z,Johannes,1,1,2,1,1,1,0,2.0,2,0
684ad16,684ad164340d73402bc4c8a5e268eb9a8dfd3897,2011-11-22T19:27:58+01:00,Marcel Hellkamp,15,1,16,2,3,2,1,8.0,9,2
255f9ad,255f9ad7095749bc7e444dbb8f0d19532b93e42e,2011-11-24T20:15:25+01:00,Marcel Hellkamp,19,11,30,4,5,2,0,7.5,9,4
6359355,63593554b0d9a3b648142f3809baac2fc776a56e,2011-11-24T22:49:06+01:00,Marcel Hellkamp,35,29,64,1,17,1,0,64.0,64,1
18ea724,18ea724b6f658943606237e01febc242f7a56260,2011-11-25T00:08:58+01:00,Marcel Hellkamp,83,80,163,1,36,1,0,163.0,163,1
2ba623c,2ba623c3d5d273b9bb4405c34db4256626dcae65,2011-11-25T00:50:10+01:00,Marcel Hellkamp,21,15,36,1,4,1,0,36.0,36,1
d44d4dd,d44d4dd1d70447538c36f720fe07e14e5ef52fa6,2011-11-25T00:53:03+01:00,Marcel Hellkamp,3,2,5,1,3,1,0,5.0,5,1
fa2c884,fa2c8842f3503e522923df6a78c08f1ba5003173,2011-11-25T17:32:23+01:00,Marcel Hellkamp,9,8,17,1,6,1,0,17.0,17,1
9cac674,9cac674546bf52884334a4730f73c37f8cd0720a,2011-11-25T17:38:41+01:00,Marcel Hellkamp,40,82,122,7,27,3,1,17.43,34,4
773cc5f,773cc5f5d9c58b60961f23554291656053473ee1,2011-11-26T17:06:10+01:00,Marcel Hellkamp,5,6,11,1,6,1,0,11.0,11,1
ee4b816,ee4b816c7364e2324e7cd90ca5acf1a2ca88063c,2011-11-26T17:11:14+01:00,Marcel Hellkamp,1,0,1,1,1,1,0,1.0,1,0
1088d3c,1088d3c94e332609975a86462de9c2ad960d0a72,2011-11-26T18:28:17+01:00,Marcel Hellkamp,71,13,84,1,6,1,0,84.0,84,0
f34d978,f34d978559ff0922c2872568fd93f5cff7e8dceb,2011-11-26T19:49:38+01:00,Marcel Hellkamp,2,2,4,1,1,1,0,4.0,4,1
469052a,469052a2d8ff5b9421ec6392b768818cedd27b0d,2011-11-29T15:16:36-08:00,Mantas Vidutis,2,0,2,1,1,1,0,2.0,2,1
4357884,43578841bcd1b1bc387f1dd92ebb381471890329,2011-11-28T16:11:35+01:00,Marcel Hellkamp,3,1,4,1,1,1,0,4.0,4,1
f0a22ee,f0a22ee78c9ff6d04065693588c3f1288ee15da4,2011-12-01T22:11:07+01:00,Marcel Hellkamp,48,1,49,2,2,2,0,24.5,47,1
0efd5bc,0efd5bc664689c3d48d254a9bde0748fc7e4b0b7,2011-12-02T21:03:53+01:00,Marcel Hellkamp,169,186,355,15,97,2,1,23.67,182,15
b759bd2,b759bd2a918153a17741378ddf17aad0f4328a9e,2011-12-02T21:06:43+01:00,Marcel Hellkamp,1,1,2,1,1,1,0,2.0,2,1
2b43464,2b43464dda960b98fbcae60300f9119fc2a5c934,2011-12-02T22:26:21+01:00,Marcel Hellkamp,1,1,2,1,1,1,0,2.0,2,1
52eeb1a,52eeb1a6e621c5fac7f98afc7d96557407e940d0,2011-12-02T22:43:58+01:00,Ralf Schmitt,23,1,24,2,2,2,0,12.0,22,1
18a02a8,18a02a8acf17b0f1014c42c6239b6154797a9644,2011-12-03T10:22:54-02:00,Iuri de Silvio,1,1,2,1,1,1,0,2.0,2,1
86d0b0b,86d0b0bf7beb155b0ee931c8284346f53d25fd46,2011-12-03T10:32:54-02:00,Iuri de Silvio,2,2,4,2,2,1,1,2.0,2,2
69c4a3f,69c4a3fecb9b7be6a28edd3fef1fba3387afcb1b,2011-12-03T10:54:49-02:00,Iuri de Silvio,7,6,13,6,6,1,1,2.17,3,6
3e53c28,3e53c28323bc0aac0f24f6318ee8fc0a3117dbb5,2011-12-04T21:30:38+01:00,Marcel Hellkamp,68,12,80,2,8,2,1,40.0,61,2
25cb0e0,25cb0e084aed26cf86e356789bd840f3a7db3125,2011-12-04T21:31:17+01:00,Marcel Hellkamp,7,0,7,1,1,1,0,7.0,7,0
ddb7e5a,ddb7e5acd5976a1296517a5ca59671203b08edfc,2011-12-08T17:56:07+01:00,Marcel Hellkamp,67,65,132,5,5,2,0,26.4,66,1
578789b,578789b7e2401482922be1af42f25712cc8ee908,2011-12-09T15:31:06-02:00,Iuri de Silvio,11,2,13,2,3,2,1,6.5,9,2
605311d,605311df7a408a284f3f5e221b4d42d2bd3286b4,2011-12-10T00:14:56Z,Nayuki,3,3,6,1,3,1,0,6.0,6,0
2895a6e,2895a6e91c56abcf7cbab4a2f75b3b7bc21d8d4d,2011-12-10T00:42:42Z,Nayuki,22,22,44,1,18,1,0,44.0,44,0
9110db5,9110db5ef6823bb22c85b7c3ec68f5f26fe7d699,2011-12-10T12:28:34-02:00,Iuri de Silvio,4,0,4,1,1,1,1,4.0,4,1
82aa5b5,82aa5b557c91563d3cac3dd59a5c33b586f69fb5,2011-12-15T16:22:39+01:00,Marcel Hellkamp,3,4,7,1,2,1,0,7.0,7,1
33d35ff,33d35ff5f76aa7836d284d61838b7b7e0e1e96d7,2011-12-15T16:26:11+01:00,Marcel Hellkamp,4,0,4,1,1,1,0,4.0,4,1
3ed0cf3,3ed0cf3daf2b48ad32205cc38ac2c76631569eaf,2011-12-17T14:54:28+01:00,Marcel Hellkamp,7,5,12,1,2,1,0,12.0,12,1
f1a216c,f1a216cec765c77f4c5e7b66bfdfce9494c6a51b,2011-12-22T16:28:33+01:00,Marcel Hellkamp,5,4,9,1,5,1,0,9.0,9,1
3d86eac,3d86eac2138d8d2c41ffb54fc1292a14acf3d5e7,2011-12-22T16:29:10+01:00,Marcel Hellkamp,6,1,7,2,2,2,1,3.5,5,2
3377233,33772339c02217c05fc6f0d75c43a74b5ebee1a1,2011-12-23T15:47:20+01:00,Marcel Hellkamp,3,2,5,1,1,1,0,5.0,5,0
173d45d,173d45df2ff4c0510883e69cafb5b185c82e98b6,2011-12-27T17:12:00+01:00,Marcel Hellkamp,2,2,4,1,2,1,0,4.0,4,0
d646f82,d646f829bf165c32c7b9c9b131c68e692d53db64,2011-12-27T18:37:12+01:00,Marcel Hellkamp,19,12,31,1,3,1,0,31.0,31,0
c24c561,c24c5617b8df3b4d3e656115f85a314e3637767d,2011-12-27T18:47:47+01:00,Marcel Hellkamp,4,4,8,1,4,1,0,8.0,8,0
a45f67e,a45f67ec27c953f1ef6df534159540ca52098811,2011-12-28T18:30:48+01:00,Marcel Hellkamp,8,3,11,1,2,1,0,11.0,11,1
794f119,794f119109d7aaff6defb65fd952d9a96fed6671,2011-12-28T18:33:48+01:00,Marcel Hellkamp,28,0,28,2,2,2,1,14.0,18,2
6946695,6946695b69f5493fb063c351400ff759323a31aa,2011-12-28T19:58:57+01:00,Marcel Hellkamp,28,9,37,2,9,2,1,18.5,20,2
661ce51,661ce51eb5dbd23c39385f1e5387ec870835278d,2011-12-30T22:14:09+01:00,Marcel Hellkamp,13,0,13,2,2,2,1,6.5,8,2
47779bc,47779bc3953bdc96038153c85008fb806efed3a5,2011-12-30T22:16:17+01:00,Marcel Hellkamp,3,3,6,1,4,1,0,6.0,6,1
04eade8,04eade871b3a1d67b326f4b08891371781785de2,2011-12-30T22:21:21+01:00,Marcel Hellkamp,14,5,19,1,3,1,0,19.0,19,1
10cf250,10cf250ac172a9f97344cff0eed85595e7137da2,2012-01-10T16:21:15+04:00,Roman Sokolov,13,7,20,1,8,1,0,20.0,20,1
5759dab,5759dab42ec3c8ce8ae062cb8599a0298b66c6cf,2012-01-11T02:00:52+04:00,Roman Sokolov,0,1,1,1,1,1,0,1.0,1,1
a810ae4,a810ae4a77d94ac8d97232f4ccd38704630e1b27,2012-01-11T16:19:32+01:00,Marcel Hellkamp,7,4,11,1,3,1,0,11.0,11,1
9d24735,9d24735663942a56d6fa4c0f1ab3633f068133d6,2012-01-11T18:59:23-03:00,Esteban (Eka) Feldman,1,1,2,1,1,1,0,2.0,2,1
9ca2f9c,9ca2f9c2050e98c8bac0973ab20803a0b182f8ed,2012-01-11T19:04:27-03:00,Esteban (Eka) Feldman,1,1,2,1,1,1,0,2.0,2,1
c97a561,c97a56168ea5cae3e18973db976f252684246a2d,2012-01-13T16:53:51+01:00,Marcel Hellkamp,1,1,2,1,1,1,0,2.0,2,0
31e736c,31e736c55f8bffc3c4bd035458e21809f9864920,2012-01-13T18:10:09+01:00,Marcel Hellkamp,10,10,20,1,8,1,0,20.0,20,1
83aa6a4,83aa6a42ef840d5128ce6e529024e36b45faca25,2012-01-13T18:21:00+01:00,Marcel Hellkamp,11,24,35,7,15,1,1,5.0,13,7
c7f125b,c7f125b0ed461cff3c402eb792f39f3319431cfa,2012-01-13T21:09:23+01:00,Marcel Hellkamp,6,0,6,1,1,1,0,6.0,6,0
763d6e5,763d6e568587986c29295cea4c31eef755fc2835,2012-01-25T06:51:49Z,Nayuki Minase,1,1,2,1,1,1,0,2.0,2,1
b2b4309,b2b4309228642fc1a9494ac1f7475b5dc2c7f6cf,2012-02-01T10:37:18+01:00,Marcel Hellkamp,2,2,4,1,2,1,0,4.0,4,1
5283554,5283554581220679dc69e6d9cc1186ee89566245,2012-02-01T10:40:58+01:00,Marcel Hellkamp,2,0,2,1,2,1,0,2.0,2,0
aa10da7,aa10da7cd4e0d834a782cedf98a1fc75a8cad08d,2012-02-02T13:57:44+01:00,Marcel Hellkamp,1,0,1,1,1,1,0,1.0,1,1
a1bc1c3,a1bc1c30e36abfef92c60de6956150e216117e44,2012-02-07T18:27:22+01:00,Marcel Hellkamp,42,11,53,1,10,1,0,53.0,53,1
74d1d34,74d1d34f11697d53fd0d528916780f13e5bf2ff8,2012-02-07T18:56:18+01:00,Marcel Hellkamp,8,2,10,1,3,1,0,10.0,10,1
fc8f02f,fc8f02f605e46bbddf31f638cc9b8f04741c6e7b,2012-02-08T20:03:31+01:00,Marcel Hellkamp,79,9,88,1,6,1,0,88.0,88,1
ace9fdf,ace9fdffc5cc6b37a13054924a438f7f2d341792,2012-02-08T21:44:59+01:00,Marcel Hellkamp,70,2,72,2,4,2,1,36.0,66,2
d259006,d2590064603927ae47d5cf18c13a09ac20a9acd6,2012-02-08T21:46:10+01:00,Marcel Hellkamp,4,0,4,1,1,1,1,4.0,4,1
42e26dc,42e26dc5c2cdfa6b7647051260c29ea03e63848b,2012-02-08T21:47:14+01:00,Marcel Hellkamp,1,0,1,1,1,1,1,1.0,1,1
ebc93d1,ebc93d15be7337c9f1721d5957e6ced510e314d0,2012-02-09T19:09:37+01:00,Marcel Hellkamp,34,9,43,2,5,2,1,21.5,34,2
b350369,b350369db5e20467e764e2813e34ab27ca8c870c,2012-02-11T19:42:27+01:00,Marcel Hellkamp,2,2,4,1,1,1,1,4.0,4,1
50a2151,50a21516833c6fb3a41e5b05c5b289a6388540c8,2012-02-11T19:42:43+01:00,Marcel Hellkamp,2,1,3,1,2,1,0,3.0,3,1
efa628e,efa628ee06ddd85cf3e795fdd8a911be68aeb0c4,2012-02-13T15:02:06+01:00,Marcel Hellkamp,3,3,6,1,2,1,0,6.0,6,1
e0ece7c,e0ece7cd4933603b962171a48c9ac47f71218723,2012-02-14T20:00:35+01:00,Wieland Hoffmann,1,1,2,1,1,1,0,2.0,2,0
0d73a07,0d73a07b909813df81d3e19d184edab7262e2a42,2012-02-16T00:07:59-02:00,Iuri de Silvio,1,1,2,1,1,1,0,2.0,2,1
16ad05e,16ad05e411a3803fbcba9c2187216c718b993528,2012-02-16T00:29:58-02:00,Iuri de Silvio,6,1,7,2,2,2,1,3.5,5,2
ba57244,ba572446ad977579a9ac76786a06f6692b781eaf,2012-02-17T15:04:06+01:00,Marcel Hellkamp,1,1,2,1,1,1,0,2.0,2,1
266b1b9,266b1b99ed94456f51f4a6402392cf5df37d5413,2012-02-22T20:37:09+01:00,Marcel Hellkamp,1,2,3,1,1,1,0,3.0,3,1
7ea29f0,7ea29f0dcacf2eaaf83c1cda5a83cc9e564bb813,2012-02-23T13:04:28+01:00,Marcel Hellkamp,1,1,2,1,1,1,0,2.0,2,0
52f20cd,52f20cd3d1374466c00b13d37308fc65dc781754,2012-02-23T13:31:10+01:00,Marcel Hellkamp,37,4,41,1,3,1,0,41.0,41,0
0f6296b,0f6296b3278310ad012f444664e3a66c6b4b3cad,2012-02-23T19:42:35+01:00,Marcel Hellkamp,3,0,3,1,1,1,0,3.0,3,0
18afaae,18afaae86bc4c32726bb03fc80011ead1c840830,2012-02-29T21:24:18+01:00,Marcel Hellkamp,1,1,2,1,1,1,0,2.0,2,1
423f2c9,423f2c98dda11bd5a9b5343dd5406a14e14aeb81,2012-03-13T16:45:41+01:00,Marcel Hellkamp,8,1,9,1,3,1,0,9.0,9,1
831c906,831c906bcc45e1c203051671c022da895a25e603,2012-03-15T14:50:06+01:00,Marcel Hellkamp,154,120,274,3,20,3,1,91.33,165,2
82d2fa4,82d2fa4b821ce7656cb23b5704414508eab97067,2012-03-24T22:59:59+02:00,Barbu Paul - Gheorghe,1,0,1,1,1,1,0,1.0,1,0
7d1d824,7d1d824ab9cbde4377d4968341ef312d00507673,2012-03-26T19:58:21+02:00,Marcel Hellkamp,21,18,39,2,12,2,1,19.5,33,2
9677046,9677046acbc286e5ece19e6246e565428ee09c50,2012-02-19T20:12:14-07:00,JT Olds,10,10,20,1,6,1,0,20.0,20,1
3090061,30900617e4d64c654da927b5a7dbc2bae40e36dc,2012-03-29T22:26:46+03:00,Barbu Paul - Gheorghe,4,4,8,2,4,1,0,4.0,6,0
e8c993c,e8c993c836d31b81f1b34644d1015192eeff48c9,2012-03-30T18:40:31+03:00,Barbu Paul - Gheorghe,2,2,4,1,2,1,0,4.0,4,0
8cbd14c,8cbd14cb858546385bdca74ed4dae79643ba9c0c,2012-04-04T18:14:06+02:00,Marcel Hellkamp,28,5,33,2,5,2,1,16.5,23,2
a21d716,a21d71694fdea222844dba5076efad3726ccdb68,2012-04-04T20:20:53+02:00,Marcel Hellkamp,39,28,67,2,14,2,1,33.5,43,2
ecd4859,ecd48591baade7b93606da744e9e0f564ecee7d0,2012-04-06T01:08:24+08:00,lyxint,3,1,4,1,2,1,0,4.0,4,1
4e304ab,4e304ab3097040cdf1228300e72a6a80320dacde,2012-04-06T01:29:21+08:00,lyxint,0,1,1,1,1,1,0,1.0,1,1
b2d2c38,b2d2c38c4d875a1152b1ec8cfab7153fc1f0a854,2012-04-17T19:10:50+02:00,Federico Ceratto,26,0,26,1,1,1,0,26.0,26,0
fec113e,fec113e73eeaf0e87848c7059f139c7205c1a17f,2012-04-17T19:34:40+02:00,Federico Ceratto,18,0,18,1,1,1,0,18.0,18,0
44f1f45,44f1f454fd66b9145197a577d0ba27c84129698e,2012-04-19T22:54:53+02:00,Marcel Hellkamp,41,51,92,1,12,1,0,92.0,92,1
db8e2dd,db8e2dddb2d66b808d9c73e626acbb81340de01a,2012-04-22T00:36:20+02:00,Marcel Hellkamp,49,1,50,1,1,1,0,50.0,50,0
9635006,9635006e8d0c18cc7488e0f0bd8f137b4623e29c,2012-04-22T12:20:05+03:00,Marcel Hellkamp,1,1,2,1,1,1,0,2.0,2,0
840ed70,840ed7081d3b5dc08f764d9196f7347bf8c2c7f5,2012-04-22T10:39:23+01:00,George Cox,20,20,40,8,19,3,0,5.0,18,1
de2c2a8,de2c2a839e3bd0ccd9c22d56e322beef688c303c,2012-05-02T17:34:02+03:00,Frédéric Junod,1,1,2,1,1,1,1,2.0,2,1
461c5a7,461c5a714c46d5378f0073fc2740dc8fb6884e2b,2012-04-26T19:12:07+02:00,Marcel Hellkamp,203,152,355,2,5,1,0,177.5,200,0
1a2a72c,1a2a72cea0400e7095f6a40f0aa8fe83af995c75,2012-05-10T10:01:47-04:00,Ian Davis,3,0,3,1,1,1,0,3.0,3,1
85aa8c2,85aa8c26235bc3415ed9d78571639d700703631d,2012-05-14T16:26:37+02:00,Marcel Hellkamp,7,2,9,1,1,1,0,9.0,9,1
f310de8,f310de85eb7045dda07e7c726bf2d0cde81927a0,2012-05-14T11:52:41-07:00,Matty G,1,1,2,1,1,1,0,2.0,2,1
59854c0,59854c0c1d778f18089a51a53d6dfb15d0723130,2012-05-05T17:54:20+02:00,Marcel Hellkamp,16,7,23,2,5,2,0,11.5,13,1
9b24401,9b24401605e0470388a65c80a0964cba2bf64caf,2012-05-29T17:45:11+02:00,Marcel Hellkamp,23,10,33,2,6,2,1,16.5,24,2
59434bc,59434bc9710f61eea50f0e574e649556b7a46ed1,2012-05-30T16:45:29+02:00,Marcel Hellkamp,3,3,6,1,3,1,0,6.0,6,1
955e098,955e09812cb36f45569ed379bbe95972415d4bdf,2012-05-31T15:49:11+08:00, Alexander Vladimirov,19,1,20,1,1,1,0,20.0,20,0
fba90b0,fba90b086285710f9a86b5d9836c7f03d521f73a,2012-06-04T18:01:02+02:00,Marcel Hellkamp,10,4,14,1,1,1,0,14.0,14,1
9db6719,9db67197bccafb119a6b763051e9d17fc17c5ded,2012-06-16T21:06:09-07:00,Marc Abramowitz,1,1,2,1,1,1,0,2.0,2,0
6be6fe4,6be6fe464567177d0491da7c2b07b3f9c143441d,2012-06-24T12:40:54+04:00,Виталий,1,1,2,1,1,1,0,2.0,2,1
4edde9b,4edde9b1d58914e2227c201bc559441bc5be0991,2012-06-25T21:44:58+02:00,Marcel Hellkamp,22,16,38,3,13,2,1,12.67,16,3
c8cc114,c8cc11409978761194c5fce16eefeead43fb3cb1,2012-06-26T00:35:40+02:00,Marcel Hellkamp,25,6,31,2,6,2,0,15.5,20,1
70c14a5,70c14a5491f7c12887f348ce8f7b7cfeab3e68e4,2012-06-26T00:37:48+02:00,Marcel Hellkamp,2,2,4,1,2,1,0,4.0,4,0
a3dcff4,a3dcff4cd676cac37e513c7e044e5be419da175d,2012-06-26T12:14:42+02:00,Marcel Hellkamp,30,6,36,2,11,2,1,18.0,32,2
f40226d,f40226d6078536703cd7aa19c9e47e60ba30ca9a,2012-06-26T13:26:49+03:00,Frédéric Junod,1,1,2,1,1,1,0,2.0,2,0
40567dd,40567ddf096f90c5347d80be462a36a3bf809075,2012-06-26T15:48:25+02:00,Marcel Hellkamp,20,0,20,1,1,1,0,20.0,20,0
b6f8b7b,b6f8b7b935f0a52cdbdae2b1c90a8f17abd9a204,2012-06-27T11:33:30+03:00,Frédéric Junod,1,1,2,1,1,1,0,2.0,2,0
ec11294,ec112946bd7d56d660e9a2375694ea20613f1996,2012-07-02T21:25:31+02:00,Marcel Hellkamp,76,37,113,1,26,1,0,113.0,113,0
acf5c41,acf5c41da6c8ae9bb3c41adfebcc2901f9ff57c3,2012-07-02T22:00:53+02:00,Marcel Hellkamp,24,11,35,2,8,2,1,17.5,23,2
81d1c22,81d1c22620713cf783e243365964b294d54b6a3f,2012-07-02T22:01:17+02:00,Marcel Hellkamp,10,6,16,1,5,1,0,16.0,16,0
07aaa58,07aaa58c7bf1091ff20aafd7a796c88a753fc3dc,2012-07-06T13:49:02-05:00,Patrick Goetz,3,3,6,2,2,1,0,3.0,4,0
566239e,566239e883a5149225c23f411f279bacf25c1527,2012-07-07T16:47:41-03:00,Sam Kline,1,1,2,1,1,1,0,2.0,2,1
7a7367f,7a7367fe0bf443e5cf66b6c938023d37a5c82389,2012-07-16T12:34:54+02:00,Frederic Junod,2,2,4,1,2,1,0,4.0,4,0
d0d3ba7,d0d3ba7e5198053873673b086ac4d52b3e7c1f8c,2012-07-17T15:36:44+02:00,Frederic Junod,2,1,3,1,2,1,0,3.0,3,0
b652c4f,b652c4f1b587a6fa6af33d82a9f3482f0f934b3b,2012-07-20T16:27:43+02:00,Marcel Hellkamp,8,1,9,2,3,2,1,4.5,7,2
cecbd04,cecbd04fc80e44f0b422b5bb7a894563102bed7f,2012-07-20T20:53:09+02:00,Marcel Hellkamp,10,9,19,1,5,1,0,19.0,19,1
c5d7521,c5d752135305f422e7ecf3024922e78644dd1127,2012-07-26T18:59:48+03:00,Daniel Waardal,1,1,2,1,1,1,0,2.0,2,0
375a7d0,375a7d0e20ad16fd998edb0d14908ebcf2ecde27,2012-07-31T01:49:17+02:00,Marcel Hellkamp,194,3,197,1,4,1,0,197.0,197,1
82e4e5b,82e4e5bfb540cdf51f10aa8b7d8f69cb4dbf0ece,2012-08-01T02:39:18+02:00,Marcel Hellkamp,81,214,295,2,37,2,1,147.5,277,2
9bdaa00,9bdaa00c15e76b8711989ff2e8fd4060fcc97186,2012-08-01T03:41:51+02:00,Marcel Hellkamp,12,13,25,1,4,1,0,25.0,25,1
7714442,771444217a1643a4b5ad12dbe3241f792a441d9e,2012-08-05T14:52:06+02:00,Graham Ashton,1,1,2,1,1,1,0,2.0,2,0
e3f240a,e3f240ab6965366770227482e048990017ebcc8f,2012-08-24T12:16:11-03:00,Iuri de Silvio,1,1,2,1,1,1,0,2.0,2,0
4047cda,4047cda0ab5aaab2472888c3fe0863edf4bd9bc6,2012-08-16T18:35:12+02:00,Marcel Hellkamp,9,10,19,3,10,2,0,6.33,11,1
49c6593,49c65935f554c708797300a57ef26c1b0d621c29,2012-08-17T00:23:43+02:00,Marcel Hellkamp,88,91,179,6,54,3,1,29.83,72,5
9d2f04a,9d2f04a3c0aca3ee4c5aa363e0a6a770e10f71a6,2012-08-23T18:39:42+02:00,Marcel Hellkamp,4,4,8,1,3,1,0,8.0,8,1
14020ae,14020ae680d8309c331f961f52e7b64e35c66d1b,2012-08-23T23:46:51+02:00,Marcel Hellkamp,23,27,50,2,13,2,1,25.0,48,2
2b1ed4f,2b1ed4f746c28a55c497ff482c9f50d9480bc40f,2012-08-30T01:58:15+02:00,Marcel Hellkamp,5,4,9,1,1,1,0,9.0,9,1
5238c61,5238c615b3ec198fedebb0fcaad4458e3d68d70f,2012-08-30T01:59:39+02:00,Marcel Hellkamp,0,1,1,1,1,1,0,1.0,1,1
cddc405,cddc405a8d04220cd339f8d51fc57bfd4dfabdc4,2012-09-11T11:45:08-07:00,Nina Stawski,11,11,22,1,5,1,0,22.0,22,0
d729bcb,d729bcb2d6eecac8b92d60dd547779f5961d49a1,2012-09-05T02:12:43+02:00,Thomas Grainger,2,2,4,1,2,1,0,4.0,4,0
4778411,47784117e07a5a60af3d1500070358ee28e6d20d,2012-09-17T00:36:09+02:00,Thomas Grainger,2,2,4,1,2,1,0,4.0,4,0
c5381b6,c5381b6af707e6c7d85e2df3af8f401d074661f5,2012-09-19T08:11:13-03:00,Iuri de Silvio,1,1,2,1,1,1,0,2.0,2,1
bbfc49b,bbfc49b419bbbeb4d16f5ae3f1ef436b34ef305e,2012-09-20T15:48:56+10:00,Angus Gratton,1,1,2,1,1,1,0,2.0,2,1
7c45f07,7c45f076c1dab4e582581530085824a801970b06,2012-09-24T14:25:42+02:00,Frederic Junod,2,2,4,1,2,1,0,4.0,4,1
96645e8,96645e845b87d87cf3fc4c01b105ff4240c36108,2012-10-04T19:21:16+02:00,Marcel Hellkamp,4,3,7,1,2,1,0,7.0,7,1
be36389,be36389a1832f124986dd45b2adff3cd1e4f8ece,2012-10-09T17:12:39+02:00,Marcel Hellkamp,12,7,19,4,8,2,0,4.75,7,1
a33e8bf,a33e8bf369215218f3cbbff069f6c29860bd2dfa,2012-10-09T19:31:03+02:00,Marcel Hellkamp,1,1,2,1,1,1,0,2.0,2,1
5c86070,5c86070bc4b176e20288adcdf5ff2633a33f9848,2012-10-09T19:41:50+02:00,Marcel Hellkamp,1,1,2,1,1,1,0,2.0,2,1
21dafed,21dafedf88438f34dcdfb3d4160a7988093051e6,2012-10-10T17:20:15+02:00,Marcel Hellkamp,15,15,30,1,11,1,0,30.0,30,1
611d997,611d997d93c701c8e10f6f8a162023cedc92b003,2012-10-11T20:52:23+02:00,Marcel Hellkamp,1,1,2,1,1,1,1,2.0,2,1
e371da5,e371da5e2e1f6cda2edb2f062bb0824c2330b06c,2012-10-11T22:55:30+02:00,Marcel Hellkamp,5,1,6,1,2,1,0,6.0,6,0
9e374ee,9e374eefda3eb2d226ed8dbc4f18eda530583e33,2012-10-17T21:05:35+02:00,Marcel Hellkamp,12,4,16,1,2,1,0,16.0,16,1
94f5962,94f5962506772f75adb1b84bf6684f57c321be07,2012-10-17T22:50:51+02:00,Marcel Hellkamp,2,3,5,1,2,1,0,5.0,5,1
26ac343,26ac343788ac4dd2bbdcf8d6734411a495571b17,2012-10-17T23:30:09+02:00,Marcel Hellkamp,6,3,9,1,4,1,0,9.0,9,0
6082c66,6082c66238b8e270fa1b67d4874e5e1a788b7afb,2012-10-20T00:16:57-05:00,Adam Forsyth,3,3,6,1,3,1,0,6.0,6,0
e703eaa,e703eaacb5f4f96ec43a31a368201062f0da53df,2012-10-28T23:53:42+01:00,Marcel Hellkamp,3,0,3,1,1,1,0,3.0,3,0
e2cedf2,e2cedf2d6f86d85eba078b680285b20f8c928563,2012-10-28T23:56:49+01:00,Marcel Hellkamp,1,1,2,1,1,1,0,2.0,2,0
5f86c57,5f86c57a7cad4c8d474d56e016a860762f531b61,2012-11-04T16:51:55+01:00,Marcel Hellkamp,41,1,42,3,4,2,0,14.0,21,2
b4005ff,b4005ff0ec60b5479fc3761bb65da8ee503490e6,2012-11-08T14:50:42+01:00,Marcel Hellkamp,1,0,1,1,1,1,0,1.0,1,0
df37217,df3721773495df42421317f8176dcbc171e404a0,2012-11-21T15:54:32+01:00,Marcel Hellkamp,1,1,2,1,1,1,0,2.0,2,1
30d2f4b,30d2f4b119b34c4ef3e09b0f107dc9edbef282ae,2012-11-27T09:50:23-08:00,edmund,13,0,13,3,3,3,1,4.33,10,2
776799d,776799d4076a3506ba8b148b9399692f02b26e04,2012-12-01T10:58:00-02:00,Iuri de Silvio,1,1,2,1,1,1,0,2.0,2,0
367e2d1,367e2d1a76e0ff57b56f401aa9cded48f4d56e6b,2012-12-01T23:01:05+03:00,Artur Dryomov,1,1,2,1,1,1,0,2.0,2,0
178428d,178428dea75772f4c0bd18e9e393e86e5dbf7563,2012-12-03T18:16:38+01:00,Marcel Hellkamp,37,10,47,2,5,2,1,23.5,30,2
6e0cc29,6e0cc29aafa72cb638dd705dc5c937ef7ea48f84,2012-12-03T18:43:04+01:00,Marcel Hellkamp,1,1,2,1,1,1,1,2.0,2,1
d08572b,d08572b3c4fe3daf131f7d0487096bc5f6defc93,2012-12-05T14:48:49-02:00,Iuri de Silvio,1,1,2,1,1,1,1,2.0,2,1
83f3ea8,83f3ea83da60d2ae2612167a193f0f02e4b301bf,2012-12-05T15:12:05-02:00,Iuri de Silvio,1,1,2,1,1,1,0,2.0,2,1
24aa079,24aa079a6bb454ff74f1ce792ae43626fc032522,2012-12-15T19:06:30-02:00,Iuri de Silvio,15,2,17,2,2,2,1,8.5,13,2
71c05d3,71c05d37d28fa15472a1e445115aee892ed8e672,2012-12-17T10:11:10-03:00,Felipe Reyes,2,1,3,1,2,1,0,3.0,3,1
9aaad83,9aaad83720e9983ec785845600cb95959523eb50,2012-12-19T16:10:39+01:00,Marcel Hellkamp,2,1,3,1,2,1,0,3.0,3,0
6abd7dd,6abd7ddb5bb867a5f71151359923946215be3e6c,2012-12-24T15:39:01+01:00,Johnny Vestergaard,1,1,2,1,1,1,0,2.0,2,1
705d672,705d672964058de1ad0225a8e68782ace7ad4dd3,2013-01-04T23:35:16+01:00,Johnny Vestergaard,2,3,5,1,1,1,0,5.0,5,1
09986b8,09986b894a8f91d8ac64e7afb7b4e77b10cd36a6,2012-12-16T15:03:01+01:00,Marcel Hellkamp,1,1,2,1,1,1,0,2.0,2,1
d4b1586,d4b158668c98f5d82c4b0232564e300fbf106c48,2012-12-16T15:44:47+01:00,Marcel Hellkamp,40,21,61,1,11,1,0,61.0,61,1
5af3631,5af3631913cf58e2acad19c5e02e7fd90da5768b,2013-01-07T00:48:53+01:00,Marcel Hellkamp,34,0,34,1,1,1,1,34.0,34,1
2432fc5,2432fc5425f1b59ee645a33833f1f96a218fb6e3,2012-11-09T18:19:16+08:00,QingPeng Zhan,9030,2,9032,16,17,2,0,564.5,1822,1
38d4718,38d471891688daffc931cef0f9abc61d15cf02f9,2013-01-14T11:37:13-02:00,Iuri de Silvio,4,4,8,1,2,1,0,8.0,8,0
db8b801,db8b8012e6fb25eee00ab9dee113a6f0bc384bcb,2013-01-16T17:04:32+01:00,Marcel Hellkamp,7,5,12,1,3,1,0,12.0,12,1
92dcb51,92dcb5106c87631a33ca0c23fb4c1a68b9264685,2013-01-21T13:18:58+01:00,Marcel Hellkamp,14,7,21,2,5,2,1,10.5,11,2
a247635,a247635ee110c0075ba7c3430f4c37df77270405,2013-01-21T13:36:43+01:00,Marcel Hellkamp,2,1,3,1,1,1,1,3.0,3,1
827b697,827b6974b43e8835d0db68f996d2e14d34e66cb1,2013-01-24T09:35:32+08:00,QingPeng Zhan,1,0,1,1,1,1,0,1.0,1,0
2847888,2847888c4966c4cf92b304a9bc00f02094f21143,2013-01-25T01:58:29+02:00,kucherlogrus,1,1,2,1,1,1,0,2.0,2,1
17484d2,17484d238d0ebcd23b6fe8e6928dee0624780936,2013-01-31T21:13:03+01:00,goepy,1,1,2,1,1,1,0,2.0,2,1
98a89a2,98a89a2ffbf0da88457f769dc0e1d46bc0c8b08c,2013-01-28T18:57:22+01:00,Marcel Hellkamp,30,1,31,4,5,3,1,7.75,11,3
634ba9d,634ba9d82d173cf7aac2e73cd4440c78c18e8b7d,2013-02-01T01:21:57+01:00,Marcel Hellkamp,17,11,28,1,8,1,0,28.0,28,1
a853d84,a853d84f534f8dc2d20e75354370633452fcb8c3,2013-02-01T01:49:18+01:00,Marcel Hellkamp,12,9,21,2,4,2,1,10.5,19,2
8e30e13,8e30e131dd26e205f999c9a9a78e5403e1476ba3,2013-02-01T18:08:51+01:00,Marcel Hellkamp,124,16,140,2,17,2,1,70.0,106,2
dceff06,dceff06e2cb69055c2afd13799ae60cca0afb609,2013-02-01T10:42:07-08:00,Chris Gilmer,1,1,2,1,1,1,0,2.0,2,1
564f3ff,564f3ff7eb77c021205b5fd603b3fab286323a74,2013-02-01T20:12:49+01:00,Marcel Hellkamp,21,5,26,2,5,2,1,13.0,15,2
0f308c2,0f308c25d66fa5ae7afe47e1819c52ca432a64f4,2013-02-05T15:59:32+04:00,Andrej A Antonov,1,1,2,1,1,1,0,2.0,2,0
2577cff,2577cffb32d7c995b7ea84b13afbee0550daa959,2013-02-11T19:14:06+01:00,Marcel Hellkamp,35,18,53,2,11,2,1,26.5,39,2
eeae221,eeae2212f66df1c61fa302b079d11d4d0c3851c7,2013-02-12T05:18:50-08:00,yueyoum,6,1,7,1,1,1,0,7.0,7,1
48dfa1f,48dfa1fa967a8a876aad8530c62f345d96bb5ab6,2013-02-01T23:29:29+01:00,Marcel Hellkamp,26,1,27,2,4,2,1,13.5,17,2
b18a938,b18a938b220a7a8120a5e2aebc5745b2026cdfea,2013-02-13T03:00:15+01:00,Marcel Hellkamp,76,23,99,2,9,2,0,49.5,96,1
94494a5,94494a5dfa8f9b8c23e5fbe0556636e13a419896,2013-02-13T16:11:01+01:00,Marcel Hellkamp,5,1,6,1,2,1,0,6.0,6,1
910af82,910af82184abe9ae04bf2c902ed1465a0d326886,2013-02-15T17:51:36+01:00,Marcel Hellkamp,3,3,6,2,2,2,0,3.0,4,1
4044711,404471131f26ca144056241e7d327ad3a62f0e4f,2013-02-15T23:46:57+01:00,Marcel Hellkamp,139,37,176,3,23,2,0,58.67,173,1
0ba22fa,0ba22fadaeb0e1909fdde4ead11d1f05b6ee5a39,2013-02-17T01:44:35+08:00,QingPeng Zhan,447,179,626,1,111,1,0,626.0,626,0
62dbb99,62dbb992c0648ae71ef9155005463984ba371a3f,2013-02-17T02:22:59+08:00,QingPeng Zhan,17,20,37,1,8,1,0,37.0,37,0
8314215,8314215c855bbdbcdb223e8809a502201c72585f,2013-02-17T02:24:31+08:00,QingPeng Zhan,1,1,2,1,1,1,0,2.0,2,0
64b763a,64b763abb8fddba865383cece0844cf65b9ca685,2013-02-17T02:28:31+08:00,QingPeng Zhan,305,154,459,4,149,1,0,114.75,177,0
34a2da7,34a2da75f2f6fe7e1b8d860c5537ef0f3ee05b19,2013-02-17T02:30:28+08:00,QingPeng Zhan,7,7,14,1,5,1,0,14.0,14,0
79cf802,79cf8020cdddf36e4a46acd7f5c78c92429c447e,2013-02-17T14:12:16+01:00,Marcel Hellkamp,12,6,18,1,4,1,0,18.0,18,1
9328efc,9328efcf6290f3e576d8487db62079f8e0f1afbf,2013-02-17T14:14:31+01:00,Marcel Hellkamp,59,0,59,1,1,1,0,59.0,59,1
166251b,166251bb6288d63c4faf5e7cfcf63312014ec8d1,2013-02-17T14:30:10+01:00,Marcel Hellkamp,5,3,8,1,4,1,0,8.0,8,1
c164040,c16404082ea6e897de71d4d6ed26a7feee399214,2013-02-17T15:10:43+01:00,Marcel Hellkamp,1,1,2,1,1,1,0,2.0,2,1
1045526,104552687f01032ac4a1fffe474ed7cabd7f3e86,2013-02-17T15:45:33+01:00,Marcel Hellkamp,13,1,14,2,3,2,1,7.0,9,2
58ccccd,58ccccddb06392bb28a01827e70ce32d64dc7d43,2013-02-27T00:06:04+01:00,Enrique Pérez Arnaud,2,1,3,1,2,1,0,3.0,3,0
ff090df,ff090df59ad944847303574a82115fa94dba80e9,2013-02-27T08:47:33+01:00,mabitte,5,3,8,1,5,1,0,8.0,8,1
6eb7936,6eb7936ef399c945b520b4fd0fbe9062abc41283,2013-03-14T16:49:40+02:00,Alexander,8,0,8,1,2,1,0,8.0,8,1
41169b7,41169b751e6782c6dc28bb0330f6192632853052,2013-03-22T09:41:21+01:00,Matthijs van der Vleuten,7,7,14,1,7,1,0,14.0,14,0
1b6a95f,1b6a95f9782b05c4a3b7f7f57629ade7793cb6ff,2013-03-22T16:25:04+01:00,Marcel Hellkamp,0,27,27,1,3,1,0,27.0,27,1
900412f,900412f5e37c128dcb57095cbbcf96a745f395af,2013-03-22T16:30:38+01:00,Marcel Hellkamp,3,3,6,1,1,1,0,6.0,6,1
2d20c98,2d20c98511c1d080622fbd2858ae1173f665c4c5,2013-03-22T16:33:30+01:00,Marcel Hellkamp,1,4,5,2,2,2,1,2.5,3,2
3982dc2,3982dc28f957482ced7165e78ed5727523b91899,2013-03-22T16:40:29+01:00,Marcel Hellkamp,0,21,21,1,1,1,0,21.0,21,1
2f60328,2f60328ef20d7f50c7c915bc223be7814addef45,2013-03-22T18:53:09+01:00,Marcel Hellkamp,7,4,11,1,4,1,0,11.0,11,1
579c89c,579c89cc74480531f0e4a4bd83186ee655984059,2013-03-22T19:17:25+01:00,Marcel Hellkamp,44,26,70,1,6,1,0,70.0,70,1
0128fd1,0128fd1f9fabfd90889ee4cbdb5a764fd23a8551,2013-03-27T00:02:50+11:00,Daniel Axtens,1,1,2,1,1,1,0,2.0,2,0
29abc97,29abc97035fa6d172aa6fb7a745e2e63b12cb05e,2013-03-26T21:28:05+01:00,Marcel Hellkamp,105,105,210,2,23,2,1,105.0,209,2
0f21890,0f2189050e48952f5e868f6bc3a6516a5469c2cd,2013-04-09T14:42:40+02:00,Denis Bilenko,1,1,2,1,1,1,0,2.0,2,1
b541e99,b541e9918889c3bc0118e940d290d3aa18a13730,2013-04-09T14:45:28+02:00,Denis Bilenko,3,1,4,1,2,1,0,4.0,4,1
6bbf828,6bbf828e410a18bac6174122a5ea8e94dd6aee15,2013-04-09T20:13:50-04:00,Dustin Collins,4,1,5,1,1,1,0,5.0,5,1
a0df19f,a0df19f7f0c9fa510de370d98f75f84c0ed6ff64,2013-04-20T17:05:02+08:00,QingPeng Zhan,40,30,70,5,20,1,0,14.0,40,0
2c86c2d,2c86c2dc7a0d6ccad5cb04d467c3c62a3968b299,2013-04-21T10:47:48+03:00,fatiherikli,1,1,2,1,1,1,1,2.0,2,1
59e2d55,59e2d55413445709d39b3c6473918ca61a8ab33f,2013-04-21T10:52:24+03:00,fatiherikli,11,5,16,3,11,1,1,5.33,10,3
ddce3a8,ddce3a8914bc7abd52cbe67be771385eddbe8924,2013-04-21T10:54:29+03:00,fatiherikli,4,15,19,9,14,1,1,2.11,5,9
0263ddd,0263ddd5f52d0c9588cb46c630d30501521dfe16,2013-04-21T21:08:46-03:00,Wladston Viana Ferreira Filho,1,1,2,1,1,1,0,2.0,2,1
15d040d,15d040d80fe8e774c314d01cffbaa02fbd2bab43,2013-05-06T08:03:55-07:00,Brandon Forehand,2,2,4,1,2,1,0,4.0,4,1
74424b7,74424b758dae27e9aa2479e1d47751cfa39b1afc,2013-05-15T02:19:59-03:00,Gabe De,1,1,2,1,1,1,0,2.0,2,0
193fc0b,193fc0b14ee036124ab91f51a870bfb4a2db64e4,2013-05-21T20:40:10+02:00,Marcel Hellkamp,1,1,2,1,1,1,0,2.0,2,1
832b8c8,832b8c8a72415a95968b7e2d892eef0d410e91bf,2013-05-21T21:23:33+02:00,Marcel Hellkamp,1,1,2,1,1,1,0,2.0,2,1
1fd4404,1fd4404de1659d0502e84b4c77461a061dc6d416,2013-05-21T21:23:40+02:00,Marcel Hellkamp,30,30,60,2,21,1,1,30.0,58,2
806f6f6,806f6f60445e3eb50fe851bdd7566d58d71916a6,2013-05-21T22:21:54+02:00,Marcel Hellkamp,1,0,1,1,1,1,0,1.0,1,0
6e78cb3,6e78cb370f879a471817599d03962cc1b4650105,2013-05-21T22:22:07+02:00,Marcel Hellkamp,2,2,4,1,2,1,1,4.0,4,1
67d27ff,67d27ff4ac9c6a04012cc2e760af7bf8e79749d4,2013-05-21T23:04:06+02:00,Marcel Hellkamp,2,2,4,1,2,1,0,4.0,4,0
12d0034,12d0034cd877a00f437dbf8b83d00f2ebb9ae466,2013-05-22T16:02:35+02:00,Marcel Hellkamp,49,37,86,7,16,2,1,12.29,31,3
981caa7,981caa7a2234c831fdbec19ab343b57e56b74428,2013-05-30T17:39:44+02:00,Marcel Hellkamp,5,1,6,1,2,1,1,6.0,6,1
b00d529,b00d529e9fa3d4a43361ca8b88d855420611e09b,2013-05-30T17:43:57+02:00,Marcel Hellkamp,6,2,8,1,3,1,0,8.0,8,0
42066b1,42066b188fe629743517edac0da4fd66567d05f6,2013-05-30T22:30:29+02:00,Marcel Hellkamp,1,839,840,22,19,4,0,38.18,254,7
9904744,990474491b5b139e41f50d39c23b0eb552342779,2013-05-30T22:39:25+02:00,Marcel Hellkamp,62,0,62,1,1,1,1,62.0,62,1
f098043,f0980431a730805cd6b88eb049040e92f6632ccd,2013-06-03T02:04:05-03:00,Gabe De,1,1,2,1,1,1,0,2.0,2,0
079587f,079587f7152481fc8908f33875e6cfd2107fd3f4,2013-06-03T17:41:34-04:00,Eric L. Frederich,10,0,10,1,2,1,0,10.0,10,1
54a82e4,54a82e4ef4924268685ed5844935aaac7647015b,2013-06-04T01:09:52+02:00,Marcel Hellkamp,17,12,29,2,5,2,1,14.5,22,2
2743c74,2743c744d592c2138056ae64e8fd921598fc48a2,2013-06-04T01:14:00+02:00,Marcel Hellkamp,5,2,7,1,2,1,1,7.0,7,1
9e3f34c,9e3f34c3eff4a50229c08d5bce0f1208b9c1902a,2013-06-05T00:09:28+02:00,Marcel Hellkamp,23,6,29,2,7,2,1,14.5,17,2
1a649a7,1a649a702b2cf99716cacbfff5fec3497e420251,2013-06-05T21:19:40+09:00,futoase,2,2,4,1,2,1,0,4.0,4,1
f7665db,f7665db5f6a84487ecba60b91303d88c3cff5340,2013-06-07T03:51:58-03:00,Gabe De,2,2,4,1,2,1,0,4.0,4,1
663bad8,663bad8d1d559807e3316e52c09e36229c13e1d7,2013-06-15T23:37:04+02:00,Nicolas Vanhoren,13,7,20,1,2,1,0,20.0,20,1
069f25e,069f25e06ed3ec6e236d3e7f89cb547f3285d066,2013-06-16T01:28:53+02:00,Nicolas Vanhoren,34,36,70,1,13,1,0,70.0,70,1
7179c91,7179c91e0329828417443db4f70ca4656a099ccb,2013-06-16T01:54:26+02:00,Nicolas Vanhoren,24,23,47,1,9,1,0,47.0,47,1
e803cd3,e803cd357182cf2e25e94760edf2c65111883d78,2013-06-16T12:23:45+02:00,Nicolas Vanhoren,38,20,58,1,8,1,0,58.0,58,1
1d102e7,1d102e7472de96dae8c6ca6e0822d99ad0c2c113,2013-06-16T12:53:20+02:00,Nicolas Vanhoren,9,11,20,1,7,1,0,20.0,20,1
540a5b6,540a5b60b437b2dfd8e86569a0e9a4c365dd3e21,2013-06-16T12:55:04+02:00,Nicolas Vanhoren,4,3,7,1,2,1,0,7.0,7,1
0809206,0809206cf681c02182cbee435cbe3255e88ccc5d,2013-06-16T14:34:40+02:00,Nicolas Vanhoren,2,1,3,1,1,1,0,3.0,3,1
1dacc7b,1dacc7b4e115ee394dec08fd24d3553f7db0b8e2,2013-06-16T14:45:48+02:00,Nicolas Vanhoren,8,6,14,1,4,1,0,14.0,14,1
436fd04,436fd0405f392f488a7900f6043f96b055bf23e2,2013-06-17T18:15:18+02:00,Marcel Hellkamp,47,2,49,2,5,2,1,24.5,29,2
b13c93e,b13c93ecdbf9403d5134ed0c171b5e05a65fa776,2013-06-17T18:15:35+02:00,Marcel Hellkamp,14,0,14,2,2,1,1,7.0,13,2
bf8b48b,bf8b48b1b65b3f2b942980a0124f9b3a0a4e9552,2013-06-17T18:40:42+02:00,Marcel Hellkamp,12,6,18,1,5,1,0,18.0,18,1
9e0cede,9e0cedea4195d67988e59975d7f3a3a3b268b327,2013-06-17T19:19:48+02:00,Marcel Hellkamp,21,3,24,1,1,1,1,24.0,24,1
0ed6ccf,0ed6ccf093a5824ca70eeec101dfccef333c52b0,2013-06-17T19:24:14+02:00,Marcel Hellkamp,28,33,61,1,4,1,0,61.0,61,1
f88de4a,f88de4a3efd138e1b990655354da65b5a0cb34a5,2013-06-17T20:27:16+02:00,Marcel Hellkamp,59,56,115,2,13,2,1,57.5,110,2
9460480,9460480ce0c5eb703e4db55e45163e17868e3317,2013-06-17T20:35:51+02:00,Marcel Hellkamp,0,20,20,1,1,1,0,20.0,20,0
651b93a,651b93a21cb562ebb41367cc065f407431e6d450,2013-06-17T20:39:53+02:00,Marcel Hellkamp,4,4,8,1,1,1,0,8.0,8,1
96c9338,96c933878337c2fce2dadd8ca55d945c28f5790d,2013-06-17T20:50:37+02:00,Marcel Hellkamp,4,4,8,1,1,1,0,8.0,8,1
1ac60b2,1ac60b2026faa323f887ee7dcdc578d5524e88f9,2013-06-17T20:53:36+02:00,Marcel Hellkamp,1,0,1,1,1,1,0,1.0,1,0
0f55d6d,0f55d6dd641b24e8ac18b9040e88603771b201fd,2013-06-21T16:23:12+02:00,Marcel Hellkamp,9,2,11,2,3,2,1,5.5,7,2
cc3400f,cc3400f21e855b805068dc2c2ae5a4a93ef5856b,2013-06-21T20:25:31+02:00,Marcel Hellkamp,62,76,138,1,14,1,0,138.0,138,1
6585296,658529645e04d18d2e3b5cb10c6fc179f36909fd,2013-06-21T20:35:24+02:00,Marcel Hellkamp,7,2,9,1,2,1,1,9.0,9,1
a9f2029,a9f20299571f5c8bdb3070a3511bbc01e1554ef9,2013-06-22T22:31:37+08:00,Hugh,1,1,2,1,1,1,0,2.0,2,1
90b7cec,90b7cec6d2b7ebf6282f871be7bb347f33a5b3a7,2013-06-26T01:17:57+02:00,Marcel Hellkamp,103,8,111,2,9,2,1,55.5,73,2
ad038fa,ad038fa5b17f11fe4fb37246daed3e50177b828b,2013-06-26T17:27:11+08:00,Xiao Hanyu,1,1,2,1,1,1,0,2.0,2,0
74fe0b9,74fe0b9e1e27295d22a5fff937f2d5b68655d809,2013-07-01T21:17:56+02:00,Marcel Hellkamp,11,10,21,2,5,2,1,10.5,13,2
321ccb5,321ccb5441c843de2c68e046892f561f9965c4af,2013-07-03T01:06:36+02:00,Marcel Hellkamp,165,8,173,4,7,3,1,43.25,141,2
1916796,19167961876c48ae5b8b826c208f00e6b563b7f9,2013-07-04T15:07:09+02:00,Marcel Hellkamp,2,2,4,1,2,1,0,4.0,4,1
bf339a1,bf339a1bc580e1270f121620daaabfeddcd76660,2013-07-04T15:11:43+02:00,Marcel Hellkamp,10,0,10,1,3,1,0,10.0,10,1
a00a438,a00a438d6bb084528a5a0f947620dcdb404febb7,2013-07-04T15:29:05+02:00,Marcel Hellkamp,5,1,6,2,2,2,1,3.0,4,2
f493648,f493648bea751e621fe4469c71e52c37454a849d,2013-07-16T19:53:11+02:00,Marcel Hellkamp,82,53,135,3,35,2,1,45.0,111,3
642b549,642b5494bfae8fcabd856f9381fa561eb4ef2f4a,2013-07-16T20:33:20+02:00,Marcel Hellkamp,2,1,3,2,2,1,1,1.5,2,2
5029b28,5029b28f079275865ebe51491d98093286ebb2ca,2013-07-16T21:29:41+02:00,Marcel Hellkamp,57,30,87,2,22,2,0,43.5,85,1
9167586,91675862912eae41b58afa8f6a7cf6c40f7081c2,2013-07-17T16:10:45+08:00,timguo,0,1,1,1,1,1,1,1.0,1,1
fa398db,fa398db1de5554a4b32684b86189e729f3e1a304,2013-07-25T23:25:29+02:00,Marcel Hellkamp,1,1,2,1,1,1,0,2.0,2,0
e1b781e,e1b781ee881a97225b22af0eb0dff0ee175814b7,2013-07-26T02:33:39+02:00,Marcel Hellkamp,2,2,4,1,2,1,0,4.0,4,0
9f17841,9f178413c0d46c06683691674b8679d6268a30b0,2013-07-26T05:11:42+02:00,Michael Käufl,1,1,2,1,1,1,0,2.0,2,0
b7ef72b,b7ef72b9ca945e51ee2835e4043c8a367398e2c9,2013-07-26T18:31:31+02:00,Michael Käufl,3,3,6,1,1,1,0,6.0,6,0
d66f335,d66f335419119ef5801287e92a675ecc6b485f21,2013-07-26T19:54:26+02:00,Michael Käufl,1,1,2,1,1,1,0,2.0,2,0
a66a0c7,a66a0c721e68bc8acefa9af0802bf1df7e60c666,2013-07-26T21:35:19+02:00,Michael Käufl,28,26,54,1,14,1,0,54.0,54,0
dda9664,dda9664f19616ac7eb5659a43b76541a4011810b,2013-07-26T22:00:51+02:00,Michael Käufl,19,11,30,1,8,1,0,30.0,30,0
7956cfb,7956cfb2b83bcd7921ea3e278fff0a9d317b65b2,2013-07-27T14:19:41+02:00,Michael Käufl,10,10,20,6,10,2,0,3.33,4,0
f899a84,f899a84e1623788ca7f317fe028cabdbc5feb601,2013-07-28T19:06:37+02:00,Marcel Hellkamp,7,4,11,1,1,1,0,11.0,11,1
a8ab5cd,a8ab5cdd1e3e212c5b0a7b00707cf1a767a65876,2013-07-29T12:45:36+02:00,Michael Käufl,2,2,4,2,2,1,0,2.0,2,0
923188c,923188ca264b3a36b92181f7fc6dc1f68ed73479,2013-07-29T12:53:28+02:00,Michael Käufl,1,1,2,1,1,1,0,2.0,2,0
91a8557,91a85578b0270674ea165898f8528c9775901e42,2013-07-30T19:03:59+02:00,Roland Puntaier,2,2,4,1,2,1,0,4.0,4,1
bfdf0a6,bfdf0a61424d24c08e01454cdbf2c9fdfd369501,2013-08-06T17:01:40-07:00,Tyler Larson,1,1,2,1,1,1,0,2.0,2,1
7c021c5,7c021c56fc439a4d2f5961d01cccfdf80edfab8f,2013-08-09T18:41:39+08:00,QingPeng Zhan,297,0,297,1,1,1,0,297.0,297,0
d360bce,d360bced23f3b39c86f2bf4961abfb963572d7c4,2013-08-09T18:42:04+08:00,QingPeng Zhan,516,446,962,7,324,1,0,137.43,400,0
5a5c479,5a5c479b8e538f962c6d0d6fb45012900a8773e3,2013-08-20T15:34:49-07:00,dpramod,3,1,4,1,1,1,0,4.0,4,1
4073403,40734036c562227e5349e21a5705a8a8d5e9601d,2013-08-25T16:22:06+02:00,Marcel Hellkamp,3,3,6,1,1,1,0,6.0,6,1
6fd5558,6fd5558434c934cf3bd3c5da1e1faecc9a57c15f,2013-08-25T16:22:20+02:00,Marcel Hellkamp,27,9,36,2,7,2,1,18.0,30,2
af547f4,af547f495d673a910b1c70d9ff36c2cddafeb22d,2013-08-25T16:51:13+02:00,Marcel Hellkamp,19,7,26,1,6,1,0,26.0,26,1
d1c339c,d1c339c3a6b3d3cf0ba6281136a1d115be5a1c70,2013-08-26T23:09:32+02:00,Marcel Hellkamp,92,112,204,3,43,3,1,68.0,176,2
e82dbcb,e82dbcbcaa608a056cd095a8e9ab012bad14197d,2013-08-27T14:46:01+02:00,Marcel Hellkamp,2,2,4,1,2,1,0,4.0,4,1
154369b,154369b2b9f7393ca9d3d73de7e046e2342cf00a,2013-09-02T17:46:40+02:00,Marcel Hellkamp,0,2,2,1,1,1,0,2.0,2,1
d131b13,d131b133917e403dabcf93090f7a1ba6ed805885,2013-09-05T20:19:20-06:00,Samuel M Smith,13,0,13,1,2,1,0,13.0,13,1
86d60ff,86d60ffa3cdfc4d35d5baaa7238aa22cfe33513a,2013-09-06T23:43:16+04:00,Valentin Pustoshilo,4,4,8,1,4,1,0,8.0,8,1
ed71b7a,ed71b7a02b7281988f1d9cd031073fc7e511e7e0,2013-09-13T23:49:17-04:00,dhagrow,5,1,6,1,1,1,0,6.0,6,1
5d1a6fe,5d1a6fecf84ba2f5893642becfd2ee9df25df573,2013-09-30T22:15:41+08:00,cadl,1,1,2,1,1,1,0,2.0,2,0
22c3aeb,22c3aeb26dc8d1a18e8746e828aa561e5c8c28c8,2013-10-02T10:03:00-03:00,Iuri de Silvio,1,1,2,1,1,1,0,2.0,2,0
de7723e,de7723ed9a8a73aa5fe2ef34593cc84a685550c0,2013-10-02T16:57:26+02:00,espern,1,1,2,1,1,1,0,2.0,2,0
9459599,9459599a1ccf99408f521f44cce2a0454f799e83,2013-10-18T21:35:07+02:00,Marcel Hellkamp,2,32,34,3,8,3,1,11.33,21,2
2b666ab,2b666ab16a6ddef1c145bbcea9ca97efbdc8328d,2013-10-21T17:48:47+02:00,Marcel Hellkamp,1,1,2,1,1,1,0,2.0,2,1
f6c3050,f6c305001c808305cf832fef77285dabd3b2a5f3,2013-11-01T03:27:49+01:00,Marcel Hellkamp,14,17,31,1,7,1,0,31.0,31,1
077cc46,077cc46e5590c61e65620919c4bcadbf3f2616b4,2013-11-01T16:20:43+01:00,Marcel Hellkamp,84,7,91,2,6,2,1,45.5,57,2
108a14b,108a14b2a016ad6267fdb16421582c822e8c4253,2013-11-15T21:04:59+07:00,hvnsweeting,3,3,6,1,3,1,0,6.0,6,0
cade98e,cade98ee2883b56ec5494fb4b5d3b0173b8ac0ca,2013-11-29T00:20:20+01:00,Marcel Hellkamp,25,11,36,3,9,2,1,12.0,15,3
27760af,27760afc75bb861d3f360e710b3e9b596715b033,2013-12-03T17:46:52+01:00,Marcel Hellkamp,16,56,72,1,19,1,0,72.0,72,1
76e5e43,76e5e433f33bdb33aa1e0a40ae1ae80b8b22a06a,2013-12-03T18:00:23+01:00,Marcel Hellkamp,1,1,2,1,1,1,0,2.0,2,1
5e12207,5e122079c694198cac2dd725b890dfe3e22bc054,2013-12-03T19:19:44+02:00,ctengiz,1,1,2,1,1,1,0,2.0,2,1
daeb2dd,daeb2dd20fa28de50bb1b921975251695c779754,2013-12-03T18:18:29+01:00,Marcel Hellkamp,5,1,6,2,2,2,0,3.0,4,1
b839672,b839672f66386389e29d4ff9235722f6d09c2c9f,2013-12-03T18:21:42+01:00,Marcel Hellkamp,0,4,4,1,2,1,0,4.0,4,0
1833efb,1833efba0d59d5e537cdf628b11b288ddbc7edd7,2013-12-03T19:29:18+01:00,Marcel Hellkamp,6,2,8,2,3,1,0,4.0,6,1
480f449,480f449168ae3883cf0d654339ecbb1f5d61fdcf,2013-12-03T21:41:05+01:00,Marcel Hellkamp,21,184,205,7,30,3,1,29.29,106,4
3cfe703,3cfe70355d2bd5380a6d060af0388c83a15e5cf1,2013-12-03T22:00:49+01:00,Marcel Hellkamp,4,2,6,1,4,1,1,6.0,6,1
ac41a89,ac41a89bbb8db3c9d385b996a53fcd3c7410bcf2,2013-12-03T23:29:36+01:00,Marcel Hellkamp,7,2,9,2,3,2,1,4.5,7,2
ae0aa21,ae0aa21e56f42a77f60377d5df2577947363fc4a,2013-12-04T10:23:41+01:00,Marcel Hellkamp,14,13,27,3,10,2,1,9.0,16,3
eb41475,eb41475c5d20a5ca57aee9e6e21768b9a2437b48,2013-12-18T14:26:54+01:00,Marcel Hellkamp,37,12,49,3,14,3,1,16.33,33,2
e208239,e20823977ec7cc46affdcff932cd5355f46a3a8a,2014-01-16T13:55:06+09:00,Herman Schaaf,2,2,4,1,2,1,0,4.0,4,1
619a010,619a010d35b16ec8bd56d6190eac13932dee3426,2014-01-19T10:55:01Z,Federico Ceratto,3,3,6,1,3,1,0,6.0,6,0
ae05929,ae05929d54bfe4b93f5c87f29f843cdff6bc94ca,2014-02-02T01:35:13+04:00,Роман Донченко,2,2,4,2,2,2,0,2.0,2,1
1098703,1098703c763c2725fb26c83001fcb5d1a6aca203,2014-02-04T15:37:55+01:00,Muflone,1,0,1,1,1,1,0,1.0,1,1
9b3ade8,9b3ade8d9c44b8f26f2fbb61baa0c7ad72336b79,2014-02-04T18:50:14+01:00,Marcel Hellkamp,5,2,7,2,3,2,1,3.5,5,2
64c1c8b,64c1c8b047cee79a342494c8aa0471c367b285c0,2013-11-13T17:19:36+01:00,Marcel Hellkamp,7,1,8,2,2,1,0,4.0,5,1
b3a7dd6,b3a7dd6b65f792283b4622c673c6d459bdd4a96a,2013-12-11T14:57:42+01:00,Marcel Hellkamp,5,1,6,1,3,1,1,6.0,6,1
a2962b1,a2962b11ab085f5973f0a0f203ef3a848d9d4a72,2014-02-05T23:04:41+01:00,Marcel Hellkamp,15,2,17,2,3,2,1,8.5,10,2
1fcf81a,1fcf81ac85554913e83327b3cf8b799f0cdcb4ae,2014-02-06T09:55:37-06:00,Marcel Hellkamp,20,12,32,2,9,2,1,16.0,24,2
e2f38a3,e2f38a39315d94adc751cdaa9a9e70769847d774,2014-02-06T10:33:07-06:00,Marcel Hellkamp,15,0,15,1,1,1,0,15.0,15,0
73ebdea,73ebdea6eb53b2d31ef19ec63859aaab363fabcc,2014-02-06T10:45:17-06:00,Marcel Hellkamp,21,0,21,2,2,1,0,10.5,20,0
f566b8d,f566b8dd331ee149550a0f47b0b14d1f61543ff4,2014-02-06T11:03:51-06:00,Marcel Hellkamp,2,1,3,2,2,1,0,1.5,2,0
37443d4,37443d47d984a981980fec8cdd841ed3b7a38e8f,2014-02-06T11:13:45-06:00,Marcel Hellkamp,1,1,2,1,1,1,0,2.0,2,0
75b1208,75b12088ba3c398b38fb90b6f0525ba5aa28f49e,2014-02-06T11:49:13-06:00,Marcel Hellkamp,0,2,2,1,1,1,0,2.0,2,0
266ac29,266ac292e47bdbe2461d30918dff01f5bffae0e3,2014-02-06T12:15:59-06:00,Marcel Hellkamp,0,2,2,1,2,1,0,2.0,2,0
fcd7fc5,fcd7fc51e8db7d1d72ecf13eef26301591cb7ebd,2014-02-07T05:38:11-06:00,Marcel Hellkamp,9,9,18,1,7,1,0,18.0,18,1
1bb0017,1bb001724ee67ad44fdaf1e1ab838a2d87d39bae,2014-02-07T06:03:55-06:00,Marcel Hellkamp,27,5,32,4,6,2,0,8.0,16,2
69b481f,69b481f98d3f4b50dc267b31cc029bea80b68a13,2014-02-07T06:08:28-06:00,Marcel Hellkamp,1,1,2,1,1,1,0,2.0,2,1
97b5605,97b5605d84b4109f067fef34917b2ffe4ae8eae8,2014-02-08T02:46:01Z,ramnes,50,25,75,4,14,2,0,18.75,67,1
94fc1e4,94fc1e4fa1b2b0da9b4b0d5edd001066322e1fa4,2014-02-08T22:09:33+01:00,Marcel Hellkamp,2,2,4,2,2,2,0,2.0,2,1
9889a7c,9889a7cb193b95709de85d9d10ec36b686954bd3,2014-02-11T17:14:26-08:00,Alice Goldfuss,1,0,1,1,1,1,0,1.0,1,1
ad63f4c,ad63f4ce5aaebbabdbf76edb93fe613425113bab,2014-02-25T16:54:34+01:00,Marcel Hellkamp,0,515,515,8,8,2,0,64.38,102,6
9169dd4,9169dd43206c7e9807554e7a0a2950149034c81e,2014-03-01T13:51:45+01:00,Marcel Hellkamp,9,14,23,6,10,3,0,3.83,10,1
c7efc4d,c7efc4dc42ca167b3db3609c8c157849443f4637,2014-03-06T16:33:51+01:00,Marcel Hellkamp,9,0,9,2,2,2,1,4.5,6,2
113afff,113afff639a5e2d73d5f10fd5c4c7924491ece5a,2014-03-11T15:05:46-03:00,Thiago Avelino,1,1,2,1,1,1,0,2.0,2,0
6650800,665080027b73a4c1451bbfbe9d9437fd0a7736bc,2014-03-12T00:32:55-07:00,a-e-m,2,2,4,1,2,1,0,4.0,4,1
f7c4008,f7c4008f9a2d8f52473caeb2d64601c153eb5e30,2014-03-12T16:07:38-03:00,Thiago Avelino,2,1,3,1,1,1,0,3.0,3,0
5c59ec6,5c59ec6116e172d5f762609b3db6e23baa817451,2014-03-16T23:03:51Z,David Buxton,23,2,25,1,2,1,0,25.0,25,0
1f2f23e,1f2f23ebad4520b857c6a1f31a0c881814bad772,2014-03-26T15:46:23-03:00,Thiago Avelino,3,0,3,1,1,1,0,3.0,3,0
3e7b697,3e7b697f99d12c2be2a092d8ed6ed22762f744ef,2014-03-27T09:45:48-03:00,Thiago Avelino,2,1,3,1,2,1,0,3.0,3,0
95bc65e,95bc65eefb970f0532f24d02ae033aa3b7343e5a,2014-04-05T14:30:21+01:00,Gareth Coles,2,1,3,1,1,1,0,3.0,3,1
33f6fbe,33f6fbeb088c1da4f890a76551060f4b8d9dec08,2014-04-11T19:44:31-03:00,Thiago Avelino,4,1,5,1,1,1,0,5.0,5,1
915012a,915012ac59ce969dc5dc612371459d2c6cdd6199,2014-04-13T22:34:23+02:00,Marcel Hellkamp,1,1,2,1,1,1,0,2.0,2,1
6f9485e,6f9485ea597160f90c62890dff05cfb72cdd0e7c,2014-04-13T23:06:56+02:00,Marcel Hellkamp,11,7,18,6,9,2,0,3.0,6,1
33b1683,33b1683793bc6ce8af37c9d5c34be0c4fe220d1f,2014-04-13T23:30:10+02:00,Marcel Hellkamp,215,210,425,1,178,1,0,425.0,425,1
ebe2e52,ebe2e52ec45c1de58b0b9f2e18fe23777f51b899,2014-04-16T08:04:21+01:00,hjalves,2,2,4,1,2,1,0,4.0,4,0
7c32268,7c3226867d9005903e268fedd819389ab8c6336d,2014-04-25T22:21:58+02:00,Marcel Hellkamp,11,1,12,2,2,2,1,6.0,9,2
daaf004,daaf004d28764a6521175442c61e6322acc2e8b1,2014-04-29T15:29:30+02:00,Marcel Hellkamp,1,0,1,1,1,1,0,1.0,1,0
2bd6d66,2bd6d66b150df43c370cf5d2ad892885406fa2c6,2014-04-29T19:21:41+02:00,Marcel Hellkamp,1,0,1,1,1,1,0,1.0,1,1
8611f5c,8611f5c7cb9459d48d6412ab8146d7bcb8f26733,2014-04-29T19:23:44+02:00,Marcel Hellkamp,4,1,5,1,2,1,0,5.0,5,0
e499c6e,e499c6e10d80757de291e3b6773202d74b6996d7,2014-05-03T10:30:17-03:00,Thiago Avelino,2,0,2,1,1,1,0,2.0,2,1
aab40a0,aab40a0c20665d1af77b24ff6331e2d1e63200a9,2014-05-03T10:53:58-03:00,Thiago Avelino,1,0,1,1,1,1,0,1.0,1,0
52014fa,52014fa25858e8c1157ce939e43f7211bb9ac291,2014-05-04T11:46:36-05:00,Ziad Sawalha,12,5,17,1,3,1,0,17.0,17,1
27f381d,27f381d2c64a4e65a88af4b154b84b1349281225,2014-05-04T11:51:47-05:00,Ziad Sawalha,3,2,5,1,3,1,0,5.0,5,1
d61495d,d61495d7aa0c93c6dee30a1014ab9dd372be75ab,2014-05-04T11:54:33-05:00,Ziad Sawalha,15,2,17,1,3,1,0,17.0,17,1
623b260,623b2606153e2589a44c91787ed77ff69a217589,2014-05-04T12:04:23-05:00,Ziad Sawalha,3,0,3,1,1,1,0,3.0,3,1
f1d668b,f1d668b4c5a2657fa4786fe170d24829f511cad9,2014-05-05T09:35:29+02:00,Marcel Hellkamp,12,12,24,5,9,1,1,4.8,8,5
21a2d4a,21a2d4af266230d59c585722fe8de383f316595d,2014-05-10T00:48:31Z,Leway Colin,1,1,2,1,1,1,0,2.0,2,0
5bf2ab2,5bf2ab25a39893d120fc8141722347279b3f6f27,2014-05-20T19:51:40+02:00,Marcel Hellkamp,1,0,1,1,1,1,0,1.0,1,1
3ec966b,3ec966bb72e9f9fd8fe8a86428e6b3589c82b21f,2014-05-24T22:31:28-04:00,Brett,12,1,13,2,2,2,1,6.5,8,2
3311520,33115208e310cea23f92b126f830d267a90195fc,2014-06-03T14:42:41-04:00,Eric L Frederich,7,3,10,1,2,1,0,10.0,10,1
ed47f10,ed47f10b2c89cebf49ebd8cf7c4cfb9f05d29b2d,2014-06-09T18:12:32+02:00,Marcel Hellkamp,3,5,8,1,3,1,0,8.0,8,1
d709bfa,d709bfa6ef499ad717f9d221ede1b126c9677c5c,2014-06-09T18:13:03+02:00,Marcel Hellkamp,4,2,6,2,3,2,1,3.0,5,2
bc312ae,bc312ae49d9f7f389c06db53898e5a5f7b63c93c,2014-06-09T21:07:49+02:00,Marcel Hellkamp,2,2,4,1,2,1,0,4.0,4,1
6fb03c2,6fb03c26cfff3e9f1f91df7c5620c3de9364a015,2014-06-09T19:08:05Z,Federico Ceratto,12,0,12,1,1,1,0,12.0,12,0
c57ef1a,c57ef1a4db688fb8aec32c7eb2ab565270b144ca,2014-06-13T13:04:04-07:00,Judson D Neer,1,1,2,1,1,1,0,2.0,2,1
03865a3,03865a3264b6411297f5238f8d689e0e4c557802,2014-06-13T13:05:07-07:00,Judson D Neer,1,0,1,1,1,1,0,1.0,1,0
c4ea59e,c4ea59e19ee30a6e1a5c5f7f773a132d492501a3,2014-08-11T12:09:07-04:00,Will Bond,5,1,6,1,1,1,0,6.0,6,1
8c909e4,8c909e436f00f357c388393d25cfbfd5409c403b,2014-08-19T22:01:37+04:00,user,2,2,4,1,2,1,0,4.0,4,1
aaef83b,aaef83b2597974ce75221703750bd846cd914cdc,2014-08-26T09:51:13-04:00,wbond,1,1,2,1,1,1,0,2.0,2,1
12f70a8,12f70a8972656afcd4d3afdcf32c1f52623a2706,2014-09-15T10:38:40+08:00,Meng Zhuo,2,2,4,1,2,1,0,4.0,4,1
2efe2d7,2efe2d7f5768f2903c3cf2e2ad4ee2c67e57edac,2014-09-16T11:17:40+08:00,Meng Zhuo,7,6,13,1,3,1,0,13.0,13,1
60949ba,60949bad4db0e3a225a77077e4761f2f28983056,2014-09-17T21:39:08-07:00,Mark Jordan,7,0,7,1,1,1,0,7.0,7,0
622ee60,622ee60d09b63e336bf5f607937f3dfc5aaa71a0,2014-06-29T16:08:09+02:00,Marcel Hellkamp,19,27,46,2,2,1,1,23.0,27,2
5fc8b18,5fc8b182cf5e58d45410903d6de85cabb66670b6,2014-09-23T21:41:38+01:00,Eric Wieser,1,1,2,1,1,1,0,2.0,2,1
bb05e24,bb05e24837d5ee16b3434f5e8583182575e8eeb6,2014-10-02T13:42:40+02:00,Marcel Hellkamp,4,4,8,1,3,1,0,8.0,8,1
8295f1a,8295f1a7b660f4e899290c695350f9d9f90d37a0,2014-10-02T13:43:18+02:00,Marcel Hellkamp,2,2,4,2,2,1,0,2.0,2,0
9281f03,9281f03fb3a7def0bcf82147fd5195ad1eef6196,2014-10-02T13:43:40+02:00,Marcel Hellkamp,1,0,1,1,1,1,0,1.0,1,1
58494ce,58494cea06011de386b953ef1a7ffdd39ad5c6f8,2014-10-07T20:36:41+02:00,Krystian Rosiński,2,2,4,1,2,1,0,4.0,4,1
c0b3c0d,c0b3c0d9861a5324fd371732630b0dd3e20d8081,2014-10-13T22:52:26+02:00,Marcel Hellkamp,24,3,27,2,5,2,1,13.5,16,2
ba10495,ba10495d9b144d4fbd4fde5712872756dcf5b590,2014-10-15T23:07:28+02:00,sepus,1,1,2,1,1,1,0,2.0,2,1
5288ccb,5288ccb1ec86270a60071896f62985582ef94033,2014-10-22T22:11:04+02:00,Marcel Hellkamp,4,2,6,1,1,1,0,6.0,6,1
f27a9a3,f27a9a3be9b3c031eac44b4a99f44d58557175f3,2014-10-31T17:27:24+01:00,Remi Gacogne,1,1,2,1,1,1,0,2.0,2,1
cb7a333,cb7a333fa7b3554137a7a13b48b2c7cb241e78bb,2014-10-31T10:58:00-07:00,Mike M,1,1,2,1,1,1,0,2.0,2,1
d029883,d02988314c642239838cf1ed4d85b6bceef6712d,2014-11-07T18:40:35+01:00,Jorgen Modin,6,1,7,2,2,2,1,3.5,5,2
87056f2,87056f2219878132cd87399a0d2338a827326ce5,2014-11-20T08:41:01-08:00,Jay Hargis,1,1,2,1,1,1,0,2.0,2,0
35853b8,35853b8c4681716ffd21de908428c28e44ab3a9e,2014-11-27T02:41:54-02:00,Thiago Avelino,1,1,2,1,1,1,0,2.0,2,0
dae51d7,dae51d7bf3a3181f4343ee227d56121d617dad77,2014-11-27T16:52:55-02:00,Thiago Avelino,2,2,4,1,2,1,0,4.0,4,1
9b2462d,9b2462ddaf06e036035e09cde5353bf8a53198e0,2014-11-27T20:14:21-02:00,Thiago Avelino,4,0,4,1,1,1,0,4.0,4,0
40fa1ca,40fa1ca66efeb5c946a9a1fa470da3359c025701,2014-11-28T15:45:42+01:00,njogun,1,1,2,1,1,1,0,2.0,2,1
7c23136,7c23136b1463e427764a799f1f67504910c41017,2014-11-29T16:29:21+01:00,njogun,3,0,3,1,1,1,1,3.0,3,1
58e6608,58e6608a7fdb43d9b1fe071d6eba75695381fee4,2014-12-01T14:48:19+01:00,Marcel Hellkamp,26,18,44,2,6,2,1,22.0,27,2
cea519c,cea519c842846e1ab08d40dbd538d2f06be17cca,2014-12-08T18:44:51+01:00,Marcel Hellkamp,117,124,241,9,40,3,0,26.78,169,1
2201e07,2201e071dc6e2700ad0151fa87c6f0c8ce3cec6f,2014-12-08T19:28:32+01:00,Marcel Hellkamp,88,81,169,1,16,1,0,169.0,169,1
db0262e,db0262e50d4d2321f6b852920984cabf4d9a842d,2014-12-21T19:00:32Z,Eric Wieser,37,19,56,1,3,1,0,56.0,56,1
8a5bfe2,8a5bfe2f70a4a5d22b93e909b207584324817760,2014-12-26T23:19:46Z,Eric Wieser,33,6,39,2,9,2,1,19.5,27,2
985f9c5,985f9c5376387c2273340ea9e325e5b9a0c1b473,2014-11-03T17:57:19Z,Eric Wieser,1,1,2,1,1,1,0,2.0,2,1
8f42700,8f427001c0fd5a5fa4124dbc0d227292ad5983e7,2014-12-28T17:46:24+01:00,Marcel Hellkamp,1,1,2,1,1,1,0,2.0,2,1
642e8b1,642e8b1f6ac3d289b692e8a8c5a07a4806b98ba6,2014-12-28T19:30:34+01:00,Marcel Hellkamp,1,1,2,1,1,1,0,2.0,2,0
5732506,57325068ba4228bf46dd73bcbd89c85982ec41d2,2014-12-27T04:26:20Z,Eric Wieser,4,5,9,1,4,1,0,9.0,9,1
d0bae1d,d0bae1d78f7ebd7a5521886c2718d7c94c464dd2,2014-12-27T04:45:35Z,Eric Wieser,12,9,21,1,8,1,0,21.0,21,1
854fbd7,854fbd7f88aa2f809f54dd724aea7ecf918a3b6e,2015-01-01T18:50:14+01:00,Marcel Hellkamp,8,8,16,1,7,1,0,16.0,16,1
c7e7d67,c7e7d67bda15ce5209b4127302fc777c204af924,2015-01-11T15:43:26-02:00,Thiago Avelino,1,2,3,1,2,1,0,3.0,3,0
0ebe66e,0ebe66eeb3e5f62501f3a99344529ee8bc4ab1fb,2015-01-22T17:56:46-02:00,Thiago Avelino,10,5,15,1,5,1,0,15.0,15,1
44814ca,44814cabbfcea6e91c0e4b4fcf6d167a53478d31,2015-01-22T17:57:41-02:00,Thiago Avelino,84,0,84,1,1,1,0,84.0,84,0
4d6203f,4d6203f2e982494ebcb9ce9d2706ec65a3a1a6a4,2015-01-22T19:01:20-02:00,Thiago Avelino,14042,8031,22073,42,616,7,0,525.55,2088,0
42762a4,42762a42a9719441670ac0a8cd7d23a37e96c3ca,2015-01-22T19:03:34-02:00,Thiago Avelino,6775,0,6775,33,16,4,0,205.3,1363,0
a4faa5a,a4faa5a40f012bf45110d27f46422d3733dbe1fc,2015-01-22T19:04:23-02:00,Thiago Avelino,15832,0,15832,31,31,4,0,510.71,1762,0
4285551,4285551b0a981a1ff927053d082fcd15a8e120ed,2015-01-22T19:07:20-02:00,Thiago Avelino,5,20,25,2,3,2,0,12.5,19,1
4b9bc4f,4b9bc4f809fae257f3706557245b20e64ea8f8a7,2015-01-22T19:37:20-02:00,Thiago Avelino,1,0,1,1,1,1,0,1.0,1,0
213e750,213e75065590dfd13829946814c2cfb686eb6340,2015-01-22T19:48:48-02:00,Thiago Avelino,3,0,3,1,1,1,0,3.0,3,0
b1f970a,b1f970aff6c1b74cbb9b51f0cca54410d433dec3,2015-01-23T00:19:10-02:00,Thiago Avelino,26,23,49,1,23,1,0,49.0,49,0
884ef30,884ef30e1b3fb891783cf56207d2f17f3645de59,2014-11-06T14:18:20+08:00,Meng Zhuo,32,0,32,2,3,2,1,16.0,29,2
144929b,144929b24d0185dfdc9531585ee4e06ff1dab63a,2014-11-06T14:22:48+08:00,Meng Zhuo,1,0,1,1,1,1,0,1.0,1,0
2fdaa8b,2fdaa8b4c283030fc7ab454d75e54ce430c89b7c,2015-02-18T18:21:09-05:00,Jen Montes,7,1,8,1,2,1,0,8.0,8,0
88532e0,88532e0bd64a47e59d130a3e242f1dbc4212cdc2,2015-03-09T02:38:35Z,thefourtheye,1,1,2,1,1,1,0,2.0,2,0
b45d34d,b45d34d0a71202867e068748902ce78a1261e492,2015-03-09T01:48:25-03:00,Thiago Avelino,7,7,14,1,7,1,0,14.0,14,0
9443f91,9443f910255dd57fdfda388704f4c4785dd92808,2015-03-09T01:55:46-03:00,Thiago Avelino,6,6,12,1,6,1,0,12.0,12,0
f8859c6,f8859c6dd9e6fb7bc7a2366a69aea02d04a850f0,2015-03-12T20:56:27-07:00,Kevin Ickes,1,1,2,1,1,1,0,2.0,2,0
69529eb,69529eb12e841f55621a3cb02352024944e41321,2015-03-17T11:18:02-07:00,Micah Stetson,2,1,3,1,2,1,0,3.0,3,1
0d4b535,0d4b53522fd907c2ace7e69333a5cbaa2ea316c6,2015-03-23T13:44:43+01:00,Bystroushaak,20,0,20,1,1,1,1,20.0,20,1
5721333,57213331104005589287a3226a1a72703e120cb9,2015-03-23T13:46:13+01:00,Bystroushaak,12,1,13,1,2,1,0,13.0,13,1
dd43501,dd435014c62fd4d079547ddda6adabad1477b1d2,2015-03-23T19:47:15Z,Iain Dawson,8,8,16,4,8,1,0,4.0,10,0
4829092,482909243719cf6f0d35500ecd8891c18988985c,2015-03-09T19:11:21Z,Alex Collins,34,0,34,1,1,1,1,34.0,34,1
599abe5,599abe503337b1929c07db6d4773a9c6a580d426,2015-03-09T19:11:52Z,Alex Collins,1,1,2,1,1,1,0,2.0,2,1
c610508,c610508debc592cfdff67327b866a1c3d6d44b1c,2015-03-09T19:30:00Z,Alex Collins,6,1,7,1,1,1,1,7.0,7,1
a15af45,a15af45193367554bde968b24846196860efd5f7,2015-03-24T14:44:14+01:00,Marcel Hellkamp,5,1,6,1,2,1,0,6.0,6,1
8cc570f,8cc570f554a36b516ece7ba46e3cb20f86da2d47,2015-03-24T10:50:44-03:00,Thiago Avelino,4,0,4,1,1,1,0,4.0,4,0
72e0927,72e0927b255481c78d74af539c31a1a1cf2172eb,2015-03-24T15:41:56+01:00,Marcel Hellkamp,26,5,31,21,9,5,0,1.48,19,2
bab667c,bab667cceb5690f13b8310dfea38e9f27ff2a41c,2015-03-24T17:15:17+01:00,Bystroushaak,1,1,2,1,1,1,0,2.0,2,1
563d55f,563d55f53174000df1822f036a9f8150b00dce80,2015-03-31T17:04:13-03:00,Juan E. D.,1,0,1,1,1,1,0,1.0,1,0
bda4962,bda4962c42cfd7f098ffbbec33633b4df1b8dc01,2015-04-01T19:18:40+02:00,Marcel Hellkamp,517,342,859,1,261,1,0,859.0,859,1
91047bc,91047bc0802337dec449608418d472817349f9da,2015-04-25T23:56:02-06:00,Yves Dorfsman,15,0,15,1,1,1,0,15.0,15,0
6d4e0ad,6d4e0ad7121170d71e716cf204255784dc8e197c,2015-04-29T11:30:34+08:00,Yue Du,1,0,1,1,1,1,0,1.0,1,0
1aa1554,1aa15540f774a413ff798d672d19c4d19902fbf7,2015-05-30T00:42:39+05:30,Aayush Kasurde,1,20,21,1,3,1,0,21.0,21,0
7190a51,7190a512d92413d4d39c25e9f6c85c8916e363cb,2015-06-11T08:56:30-04:00,Jason Held,1,1,2,1,1,1,0,2.0,2,1
7ad07e5,7ad07e5ba63a53b967f30ca22b4b2ab788131a96,2015-06-14T18:58:40+02:00,Marcel Hellkamp,1,2,3,1,1,1,0,3.0,3,1
26aecf9,26aecf90563237c296bb9f0c94f341d17be4aec1,2015-06-14T19:31:26+02:00,Marcel Hellkamp,22,0,22,2,2,2,1,11.0,20,2
7ef59d3,7ef59d3c3d8e456aca2d80823cdf879e4f325c82,2015-06-14T19:36:38+02:00,Marcel Hellkamp,1,1,2,1,1,1,0,2.0,2,1
0cbdc48,0cbdc484515c1a55b0ebf5f7ed3b355a9acbdc95,2015-06-19T01:24:57-04:00,gjord,1,1,2,1,1,1,0,2.0,2,0
c12ec2e,c12ec2e04860c7c1c5b4a9d244bcd009c3f5c538,2015-07-19T13:53:04+02:00,Stanislav Komanec,12,3,15,2,4,2,1,7.5,12,2
3991f26,3991f265f5b1a24bed7f05725c14f1e02760c328,2015-07-24T17:54:33+08:00,Michael Wayne Goodman,14,3,17,2,4,2,1,8.5,11,2
4b12238,4b122381a7d107cf571b0e8d310f83c8e12d5176,2015-08-02T11:11:03+09:00,Andrea Belvedere,2,3,5,1,3,1,0,5.0,5,0
727ce6d,727ce6d7972133997d8ef5ec3ce290646796d4c9,2015-08-03T23:00:28+02:00,Marcel Hellkamp,96,35,131,2,26,2,0,65.5,117,1
606cb95,606cb957fd1279bd973e8010ca4f5365a8278509,2015-07-31T13:26:48+10:00,Daniel Joshua Holmes,6,1,7,1,2,1,0,7.0,7,1
0c650cd,0c650cd77e7a16afc4d9a4270f356851144e2e97,2015-09-11T13:47:36+01:00,Cal Leeming,21,0,21,3,6,2,1,7.0,11,3
8c407cc,8c407cc5b6a7a588acb35d6b819b068f167badb0,2015-09-11T13:51:05+01:00,Cal Leeming,1,0,1,1,1,1,0,1.0,1,1
7fca9d2,7fca9d2a969ed50eb5b6d457a2c667fce3136c3e,2015-09-11T14:40:37+01:00,Cal Leeming,2,2,4,1,1,1,0,4.0,4,1
bcb5cae,bcb5caedda35ed77abe9c98f15075fb759743941,2015-09-11T15:55:01+01:00,Cal Leeming,1,3,4,1,3,1,0,4.0,4,1
8419a4e,8419a4ef560a2a829c96a60813b04c886fd0b8f5,2015-09-11T16:57:40+01:00,Cal Leeming,21,8,29,3,5,2,1,9.67,12,3
6fd2aae,6fd2aae7fd3d3ee6782c603628e6ec48fc0579e5,2015-10-11T10:21:43+01:00,Riley Banks,20,1,21,1,2,1,0,21.0,21,1
8342490,83424909292626cf969570955438bd3bf3df36fc,2015-10-11T13:31:04+01:00,Riley Banks,3,3,6,1,3,1,1,6.0,6,1
f9f5ff6,f9f5ff6ef0b61d6096ec06128c5c20c77b08edab,2015-10-11T13:32:17+01:00,Riley Banks,1,0,1,1,1,1,0,1.0,1,0
2647a36,2647a364742f06db01d71481cefbd10c339f084a,2015-10-11T18:52:13+01:00,Riley Banks,1,1,2,1,1,1,0,2.0,2,1
5b893e2,5b893e2c26d00b28ff85e45d8ede3c54cc7520cf,2015-10-11T20:55:58+02:00,Marcel Hellkamp,3,5,8,1,4,1,0,8.0,8,1
1096cff,1096cff1a567767285b17fedbdd06aec04ab0ce6,2015-10-11T21:11:46+02:00,Marcel Hellkamp,4,2,6,1,2,1,0,6.0,6,1
c6fd201,c6fd201833a532b093e13199337dca097accb733,2015-10-11T21:18:35+02:00,Marcel Hellkamp,1,1,2,1,1,1,0,2.0,2,1
87fe329,87fe32987cd11414adb23fa32552f3310cccee0a,2015-02-15T23:30:30+08:00,laiyonghao,26,16,42,2,7,2,1,21.0,40,2
cec4f3f,cec4f3fa9ed86817c3e67ee67ad0166ef0c76ea0,2015-04-01T20:42:37+02:00,Marcel Hellkamp,25,1,26,2,2,2,1,13.0,14,2
d85a698,d85a6983ceedacd9ab9afbcd027139d8773b67ac,2015-10-31T22:36:29+01:00,Marcel Hellkamp,22,38,60,1,6,1,0,60.0,60,1
b24483e,b24483e587860e46d96961ab5d1d660a427193e3,2015-10-31T22:59:59+01:00,Marcel Hellkamp,4,5,9,1,5,1,0,9.0,9,1
8db7d38,8db7d38b794041275b69409987d7ee5b90bb51ea,2015-10-31T23:45:00+01:00,Marcel Hellkamp,39,1,40,3,6,2,1,13.33,26,3
1a2c4da,1a2c4daea9996365498647c6f8a2bcdb607d7b16,2015-10-31T23:55:44+01:00,Marcel Hellkamp,9,1,10,1,2,1,0,10.0,10,1
3334338,3334338ba220dc305837438103f7c62caa96e6b1,2015-11-04T14:06:27+11:00,team-python,11,4,15,1,4,1,0,15.0,15,1
5d5d946,5d5d94646bd7ecfa30c73e2f73562b5250ff6a1d,2015-11-14T12:10:16-05:00,Steven Loria,3,0,3,1,1,1,0,3.0,3,0
d17f0c1,d17f0c14c479f080904dace7a004c7d84052c86b,2015-11-28T09:44:06+01:00,Marcel Hellkamp,168,183,351,24,65,2,1,14.62,53,23
d0eb91e,d0eb91ef4484d1e640fbea703717cb2069dcc5b6,2015-11-28T10:08:40+01:00,Marcel Hellkamp,1,1,2,1,1,1,1,2.0,2,1
49fcac9,49fcac90745c6528a7cfff25ed5ee7bc462ddbe4,2015-11-28T11:03:01+01:00,Marcel Hellkamp,16,2,18,2,2,2,1,9.0,11,2
b7e2975,b7e2975d1c58344c2edf5328edf35a4dee837987,2015-11-28T12:19:13+01:00,Marcel Hellkamp,2,2,4,2,2,1,0,2.0,2,1
de01f1c,de01f1c2d45d3262187ed7c85a4ce7ebaf8cb617,2015-11-28T13:54:42+01:00,Marcel Hellkamp,88,7,95,2,9,2,1,47.5,49,2
e456b4f,e456b4fe389c6410db5c1a813d2991e9f65688ee,2015-12-07T12:44:45+01:00,Marcel Hellkamp,80,34,114,4,17,2,1,28.5,95,4
d2127e0,d2127e0a35f30b30a72eec1468be82faa6f004b4,2015-12-07T13:57:22+01:00,Marcel Hellkamp,4,18,22,2,3,2,0,11.0,19,1
901f049,901f04962b19e5bd009c38d0716d5f65e4ebf323,2015-12-07T15:11:35+01:00,Marcel Hellkamp,3,2,5,1,2,1,0,5.0,5,1
d567af4,d567af487ee0ef8a4c669f23b0bc8432302294b9,2015-12-07T15:16:34+01:00,Marcel Hellkamp,2,2,4,2,2,1,0,2.0,2,0
49f479c,49f479cbb262311f3472d5f2f2128fc4f03846de,2015-12-12T22:31:50+01:00,mrkowalski,1,1,2,1,1,1,0,2.0,2,1
fbd79b7,fbd79b7c36340338862a86e91d2aaba68168ebdb,2015-12-13T17:00:58+01:00,Marcel Hellkamp,15,7,22,2,5,2,1,11.0,17,2
05e18df,05e18dffb40167e4ce83ae2172f741743c034891,2015-12-13T17:44:36-02:00,Avelino,1,5,6,1,2,1,0,6.0,6,0
b8ef68a,b8ef68ad3cbb13157857ffc8bb51cdb724c8b05a,2015-12-13T21:31:36+01:00,Marcel Hellkamp,3933,3613,7546,42,2331,8,0,179.67,1028,1
c73f754,c73f754e0ce6ed32253f2463d129fe444a1d9948,2015-12-13T22:25:39+01:00,Marcel Hellkamp,16078,4437,20515,84,2766,13,0,244.23,1453,1
a8a7efc,a8a7efcf4a63e49687256f1888a2ac37eb96b59d,2015-12-14T09:43:14-02:00,Thiago Avelino,0,7,7,1,1,1,0,7.0,7,0
509d1ea,509d1ead1159049081b119ae807cf4e73405d35d,2015-12-19T13:45:17+01:00,Marcel Hellkamp,101,110,211,68,76,10,0,3.1,27,1
4b0fcce,4b0fcce138602ea3a17039c55d2100bc7eb55181,2015-12-21T09:22:06-02:00,cassiobotaro,22,51,73,5,12,2,0,14.6,44,3
3efcd76,3efcd76f6e29b2d468b43033e0d2a976663c39ca,2015-12-21T09:27:00-02:00,cassiobotaro,1,1,2,1,1,1,0,2.0,2,0
5a771c5,5a771c591c2337404febcf99506ad635bec46e70,2015-12-21T09:29:01-02:00,cassiobotaro,1,1,2,1,1,1,0,2.0,2,0
39cea11,39cea11fb518ebf7d0b9fb54533c552fa1861cd5,2015-12-30T17:26:34+02:00,Çağatay Tengiz,4,1,5,1,1,1,0,5.0,5,1
8f1763e,8f1763e64b0438e39c49317125b25b791a51ac2a,2016-01-12T17:23:20-08:00,Kevin London,1,1,2,1,1,1,0,2.0,2,0
08c03ee,08c03eee194f1251eb7d1e787c20340ff2b5d796,2016-01-13T17:18:18-08:00,omtinez,8,5,13,1,6,1,0,13.0,13,1
3763f68,3763f68e932df6419a31cb925a4e99fd0ed19b1c,2016-02-01T20:26:12+01:00,Marcel Hellkamp,59,0,59,2,2,2,1,29.5,36,2
9f676a7,9f676a71b6db5618b6565378dc38554d2a37002f,2016-02-06T00:41:13+09:00,Taisa Sato,2,2,4,1,2,1,1,4.0,4,1
ba5b4da,ba5b4da8afdb09e1d9490e43dbec95002fb4f7fb,2016-02-06T17:37:44+08:00,Inndy,2,2,4,1,2,1,0,4.0,4,1
a9b663a,a9b663a8fb96f9e21265322f30fa394abc3dc82b,2015-07-08T17:21:48+03:00,Kirill Grushetsky,7,5,12,1,2,1,0,12.0,12,1
7346263,73462633d86a2769d35d7a353fcd60634852aacc,2016-02-12T20:23:49+08:00,Inndy,2,2,4,1,2,1,0,4.0,4,1
999eadb,999eadb4934aee15e12b321177d69b2e6ecd3fc9,2016-02-12T17:14:41+01:00,Marcel Hellkamp,12,2,14,2,3,2,1,7.0,10,2
3f9e2d4,3f9e2d4f559ea2319f0d18e6c16e19d106a192d5,2016-02-12T16:47:06+01:00,schlitzer,1,1,2,1,1,1,0,2.0,2,1
75d0483,75d0483072f1380d53e80d38012d03249096031a,2016-02-13T16:06:12+01:00,Antoine Amarilli,1,1,2,1,1,1,0,2.0,2,0
b2da90e,b2da90e751a9be319dc70b30ae741eee61ee689f,2016-02-17T13:17:40-05:00,Peixuan(Shawn) Ding,1,1,2,1,1,1,0,2.0,2,1
1eee51b,1eee51b5acdbb3f9115401d8b6fc917a8bb3354a,2016-02-27T17:34:38+09:00,INADA Naoki,2,0,2,1,1,1,0,2.0,2,1
e8336c9,e8336c9b219dee4cdc0f2fa09c0c68f00ec706c7,2016-03-27T16:58:26+08:00,Fangzheng Long,3,3,6,1,3,1,0,6.0,6,0
7665b9a,7665b9a61e1fb624bf9a76375f68e347f8ae4fda,2016-03-31T00:45:18+03:00,n1nja,1,1,2,1,1,1,0,2.0,2,1
e44da6e,e44da6e62f20819553b1ba91a5b15bbcf4938454,2016-04-06T14:34:21-07:00,Kevin London,2,0,2,1,2,1,0,2.0,2,0
edae7c4,edae7c4e1543a8fbf19ff236774afebe0c90e35a,2016-06-06T21:18:02+02:00,dagnelies,2,1,3,1,1,1,0,3.0,3,1
eeaaef2,eeaaef2733b75b6b98e5e6b781ab78b02f3bb220,2016-07-05T13:30:03+02:00,Marcel Hellkamp,70,20,90,2,13,2,1,45.0,66,2
d7a3ca9,d7a3ca9bec7f937670929702416edb6cf91adc9b,2016-07-05T13:35:48+02:00,Marcel Hellkamp,1,1,2,1,1,1,0,2.0,2,1
cafc154,cafc15419cbb4a6cb748e6ecdccf92893bb25ce5,2016-07-09T16:41:47+08:00,eshizhan,2,5,7,1,4,1,0,7.0,7,1
6d23643,6d236433aca4bd3515470c0e4f1150aa6b8d5c64,2016-07-15T09:58:16+09:00,INADA Naoki,1,1,2,1,1,1,0,2.0,2,1
13f46ab,13f46abf8659fa5f2e4b2b3fd6ca0b677a245ea9,2016-07-29T20:56:23+05:30,sideffect0,10,2,12,1,4,1,0,12.0,12,1
9c583d4,9c583d47f1132775a8928328f7d3c2dae275081c,2016-07-29T20:56:52+05:30,sideffect0,8,0,8,1,2,1,0,8.0,8,1
7036839,70368391c045f57a7b1b643c826da2b7c6da77dc,2016-07-29T21:06:11+05:30,sideffect0,3,0,3,1,1,1,1,3.0,3,1
eb79f76,eb79f7637b2a515a68558b35b0be735643d42521,2016-08-26T16:08:52+02:00,Marcel Hellkamp,19,10,29,2,5,2,0,14.5,26,1
9e697e0,9e697e0358fffebd0888d937585ddcbc24cc25fa,2016-08-26T13:00:10+02:00,Marcel Hellkamp,32,2,34,2,4,1,0,17.0,26,0
00b7903,00b790347f95bad8586a13f31a58217d383c5d32,2016-08-05T11:13:38+02:00,Oz N Tiram,1,1,2,1,1,1,0,2.0,2,0
aab6a9a,aab6a9ae3b3730396289e977c90ad6fb3cb37b81,2016-08-05T11:14:07+02:00,Oz N Tiram,1,1,2,1,1,1,0,2.0,2,0
c110e03,c110e0377f6aa034ecfab31bbd74da697a045c1d,2016-08-05T11:16:53+02:00,Oz N Tiram,2,4,6,1,2,1,0,6.0,6,1
107a859,107a85963115c2fe3b7be5ed72984d31e9c08f85,2016-08-05T11:20:13+02:00,Oz N Tiram,2,5,7,1,2,1,0,7.0,7,0
4596307,4596307c243e0e093121c32768e4e626e1d5fd9d,2016-08-05T11:24:55+02:00,Oz N Tiram,3,11,14,1,2,1,0,14.0,14,1
1baf9eb,1baf9ebc415706d3c92f77a2815ce075ecbc5726,2016-08-05T11:41:01+02:00,Oz N Tiram,0,1,1,1,1,1,0,1.0,1,1
6b3ee9e,6b3ee9e8c9f54e1fd2bd0e1e3ade1afd102853c9,2016-08-05T11:56:44+02:00,Oz N Tiram,30,30,60,21,28,8,0,2.86,6,0
ebd1dd5,ebd1dd54cdc97d92742b59bac2ada63aa50855ac,2016-08-26T16:51:39+02:00,Marcel Hellkamp,24,30,54,3,17,1,0,18.0,46,0
9772d84,9772d84063684ce95df2c495cd7ef0fad2f7b9f5,2016-08-26T16:56:21+02:00,Marcel Hellkamp,2,0,2,1,1,1,0,2.0,2,1
5c5be34,5c5be34d65e7d9512bf2d6f1667565a5f14d64e9,2016-08-26T17:10:23+02:00,Marcel Hellkamp,29,57,86,3,10,2,1,28.67,69,2
91948e9,91948e9dfe813bef9e1dd9737763e7bd39ea8875,2016-08-26T17:49:25+02:00,Marcel Hellkamp,0,8,8,1,2,1,0,8.0,8,1
b255427,b255427a879fa7511a8c5b881485d65914617633,2015-01-04T16:55:20+01:00,Krystian Rosiński,85,64,149,4,48,1,0,37.25,135,0
12445eb,12445eb24194a77ec2dd448de055edee23dbc514,2016-08-27T18:46:56+02:00,Marcel Hellkamp,80,13,93,2,14,2,1,46.5,49,2
786587e,786587e8f59737fbbfb9932c13acb8bb24b4cc73,2016-08-27T18:56:58+02:00,Marcel Hellkamp,3,0,3,1,1,1,0,3.0,3,1
71cfb15,71cfb1598fa04614ffd6d92b05b151e67aef2a65,2016-08-27T19:15:19+02:00,Marcel Hellkamp,1,1,2,1,1,1,0,2.0,2,0
ad32874,ad32874679ad4e18505e3f77a8035a0553f918d1,2016-08-27T19:20:44+02:00,Marcel Hellkamp,1,0,1,1,1,1,1,1.0,1,1
f8402b1,f8402b16ef727a8dd7d10664669bb909c69eb3e9,2016-08-27T21:33:15+02:00,Oz N Tiram,1,1,2,1,1,1,0,2.0,2,0
5c903be,5c903be17acd2926e594a5b4b0db721d2f21342a,2016-08-27T21:35:54+02:00,Oz N Tiram,2,17,19,1,4,1,0,19.0,19,1
90660f7,90660f7d4edf244e6dd8ef6af4ddc1353a3af4f3,2016-08-27T21:49:53+02:00,Oz N Tiram,1,1,2,1,1,1,0,2.0,2,1
2efa9d3,2efa9d3884ff02c695def4f447735ac641e052c3,2016-08-27T21:56:51+02:00,Oz N Tiram,1,4,5,1,2,1,0,5.0,5,1
8b54b9d,8b54b9d3e69c7f9521f0241db64fea59754bab8b,2016-08-27T21:57:17+02:00,Oz N Tiram,0,1,1,1,1,1,0,1.0,1,1
e145a55,e145a555c236f4d2bb7851a1f08471f30840ba54,2016-08-27T21:58:55+02:00,Oz N Tiram,1,0,1,1,1,1,0,1.0,1,0
8554774,8554774fad1eaae65fa946e56f1e61969bb77b7c,2016-08-28T09:10:06+02:00,Oz N Tiram,0,1,1,1,1,1,0,1.0,1,0
14e73bf,14e73bfe30fb386fa0e3ec0268a25cbc67065605,2016-08-29T06:57:21+02:00,Oz N Tiram,26,34,60,1,21,1,0,60.0,60,1
03f2a82,03f2a82adeb6c197bafa080cfcccabde48e846b6,2016-08-29T07:07:08+02:00,Oz N Tiram,15,15,30,3,11,2,1,10.0,21,3
aecb7ea,aecb7ea0fda47e0f436d0cd56f7867eb26524be1,2016-08-29T17:57:35+02:00,Marcel Hellkamp,6,2,8,1,2,1,0,8.0,8,1
7fad46c,7fad46cd036986a576946fa05de79235b8dd7447,2016-08-29T17:57:39+02:00,Marcel Hellkamp,61,4,65,1,3,1,0,65.0,65,0
5a22d07,5a22d07a1ed1d9e848a61a8d3d13ec939afc30b8,2016-08-29T19:02:18+02:00,Marcel Hellkamp,9,0,9,1,1,1,1,9.0,9,1
496efdf,496efdf4771397ef68bd4a349d41b1af53851a55,2016-08-30T15:52:31+02:00,Oz N Tiram,2,2,4,1,2,1,0,4.0,4,1
8bda6af,8bda6af3057ff383e32b9660817ec2c29cb24db8,2016-08-30T15:52:59+02:00,Oz N Tiram,9,7,16,1,7,1,0,16.0,16,1
0a3e0e0,0a3e0e01c94e814e0099beee76b24733db3dacc5,2016-08-30T16:33:00+02:00,Oz N Tiram,41,11,52,2,8,2,0,26.0,26,1
01539b8,01539b825a6f2404ab41062086db4f31d9b869fc,2016-09-02T18:09:36+02:00,Oz N Tiram,2,9,11,2,3,1,0,5.5,8,0
15386e4,15386e4bcc1255c63057a33447a0c4cd75894228,2016-09-02T18:11:21+02:00,Oz N Tiram,4,0,4,1,2,1,0,4.0,4,0
8ceb87b,8ceb87be4d8f3f351b9a69f7daa5fac26c8aa4d8,2016-09-02T17:56:49+02:00,Oz N Tiram,2,2,4,1,2,1,0,4.0,4,1
83fcc6c,83fcc6c18dd10d5184b5fde6b36e1845d2646da9,2016-09-02T19:51:03+02:00,Oz N Tiram,3,1,4,1,1,1,0,4.0,4,0
1587d06,1587d06be093af000a9fb5872ce329ce565a7fe6,2016-09-03T07:07:40+02:00,Oz N Tiram,1,0,1,1,1,1,0,1.0,1,0
8a21b4d,8a21b4ddf20a89cc751c356a88a4bd72fc7cec63,2016-09-03T07:12:24+02:00,Oz N Tiram,1,0,1,1,1,1,0,1.0,1,0
8600764,86007640c8f028551a368e91b5f959cd39eae831,2016-09-03T07:17:00+02:00,Oz N Tiram,3,1,4,1,1,1,0,4.0,4,0
2e7ffda,2e7ffda9f463cbb0ad706aef577666c3207d8cff,2016-09-03T07:34:56+02:00,Oz N Tiram,0,26,26,1,1,1,0,26.0,26,0
0ca7020,0ca7020f6e128de8343507f14b99601eed11d267,2016-09-03T07:39:31+02:00,Oz N Tiram,4,0,4,1,1,1,0,4.0,4,0
a544c1c,a544c1cb8b30ba7449134fc1478095b888a523a4,2016-09-09T11:49:03+03:00,Marius Gedminas,1,1,2,1,1,1,0,2.0,2,1
9cc7e66,9cc7e66cfdf67a55eb4b133910dafb286346c2e3,2016-09-09T21:01:02+02:00,Oz N Tiram,25,21,46,1,14,1,0,46.0,46,1
e0b17a1,e0b17a1778fb8946adff14614098ba6d34014746,2016-09-09T21:01:53+02:00,Oz N Tiram,12,1,13,1,2,1,1,13.0,13,1
8e4c3c1,8e4c3c14ceb527d6a11c15a8de092928e6f6dfe4,2016-09-09T21:47:27+02:00,Oz N Tiram,7,10,17,1,9,1,0,17.0,17,1
97a9f85,97a9f85f4121c36faa325babca417accd439d941,2016-09-20T14:07:17+02:00,Alberto Galera,2,0,2,1,1,1,0,2.0,2,1
bd37c54,bd37c54fbc2e267f2f0062ba38d94bf4d6ba3809,2016-09-21T23:00:14+02:00,Alberto Galera,0,2,2,1,1,1,0,2.0,2,1
f65e34b,f65e34bde8017949f46e79735f5a173437948636,2016-09-21T20:32:06+01:00,Eric Wieser,2,2,4,1,2,1,0,4.0,4,1
06f97c7,06f97c74d0494d404d54b949726c8cc66db96c89,2016-09-21T21:46:45+01:00,Eric Wieser,1,1,2,1,1,1,0,2.0,2,1
83cfe03,83cfe03bb180c91f522ebb6688a61182085c6b03,2016-09-21T22:39:11+01:00,Eric Wieser,6,1,7,1,1,1,0,7.0,7,1
d1e3168,d1e31686b7595266e81f1bf7e7a97250ceda1941,2016-09-01T20:27:46+02:00,Marcel Hellkamp,1,16,17,1,2,1,0,17.0,17,1
7152755,7152755e124217c8b6d6633e30a27e368fb1d12b,2016-09-24T12:34:03+02:00,Marcel Hellkamp,12,0,12,1,2,1,1,12.0,12,1
918b77b,918b77b5b66450ad331259ad3a0dff471b5c9caf,2016-09-24T12:36:34+02:00,Marcel Hellkamp,1,1,2,1,1,1,0,2.0,2,0
9ff4f39,9ff4f3981d08e3932fb22707b7d8f98649d84d13,2016-09-24T12:41:22+02:00,Marcel Hellkamp,14,0,14,1,1,1,0,14.0,14,0
9752ca1,9752ca1bd464371db0217a0681cd67d9a7a8dcda,2016-09-24T12:44:00+02:00,Marcel Hellkamp,10,11,21,1,1,1,0,21.0,21,0
c6fb8a4,c6fb8a46db3fe1200d6aff4c958cb1751c66dcd8,2016-09-24T13:16:01+02:00,Marcel Hellkamp,2,3,5,1,1,1,0,5.0,5,1
7baa31b,7baa31b29101767a0759566bef7c405b27f2e139,2016-09-25T16:12:36+02:00,Oz N Tiram,5,1,6,1,2,1,0,6.0,6,0
e22e38d,e22e38ddd7900fe0aa2b704352a92df28b9a81f0,2016-09-02T00:00:51+02:00,Marcel Hellkamp,203,95,298,4,25,2,1,74.5,187,4
640db4f,640db4f903360e718641c6cdbc08ac777964f628,2016-09-25T18:39:40+02:00,Marcel Hellkamp,26,2,28,1,11,1,1,28.0,28,1
7c1c1ca,7c1c1ca314f3eff8cc2deb894be5d02f7940fe3c,2016-09-25T18:40:10+02:00,Marcel Hellkamp,5,5,10,1,1,1,0,10.0,10,0
9ea1fad,9ea1fad92cdb60e931c68d73dde67a9f1e33730f,2016-10-19T12:12:51+03:00,Mantas,2,0,2,1,2,1,0,2.0,2,1
5dbbe00,5dbbe004f43c2785deda2554464afd92af3587cd,2016-10-19T13:47:46+02:00,Marcel Hellkamp,24,8,32,2,11,2,1,16.0,25,2
4b26bd0,4b26bd0b84f860ab7143ef195e74c0733c2535f5,2016-11-12T13:59:06+01:00,Marcel Hellkamp,33,31,64,1,3,1,0,64.0,64,1
8a44907,8a449076a22e9caa542bbabb05082ce5a614513c,2016-11-12T14:37:21+01:00,Marcel Hellkamp,2,2,4,1,1,1,0,4.0,4,1
492985f,492985f46318b2051bba6f427cdf4889397b10d5,2016-11-12T15:48:36+01:00,Marcel Hellkamp,94,27,121,3,12,2,1,40.33,71,3
e4bc68a,e4bc68a3be6ad9c7b22f48904ba0e4f49e666635,2016-11-14T13:58:09+02:00,Kaarel,1,1,2,1,1,1,0,2.0,2,0
568f6ad,568f6ad79a14e0231b02856be696b3fdf43eb3b4,2016-12-08T00:24:50-05:00,Philip Xu,1,1,2,1,1,1,0,2.0,2,1
6d7e13d,6d7e13da0f998820800ecb3fe9ccee4189aefb54,2016-12-10T14:10:26+01:00,Marcel Hellkamp,28,11,39,2,9,2,1,19.5,25,2
f936dfa,f936dfaa7ca43551ba63d9a7b4b2a9a62ab9c0fb,2016-12-10T15:45:51+01:00,Marcel Hellkamp,46,31,77,3,19,3,1,25.67,39,2
3f838db,3f838db73f7488a108dd8eea308fcc1188303371,2016-12-17T20:16:48+01:00,Marcel Hellkamp,19,11,30,2,10,2,1,15.0,17,2
d3510bd,d3510bd68d2803751e745b65e11f43d64a220bb0,2017-01-01T14:16:41+01:00,Alberto Galera,6,0,6,1,1,1,0,6.0,6,0
523f6a6,523f6a6b0445a13400037329874f6a71e2c43dfc,2017-01-01T16:33:29+01:00,Marcel Hellkamp,4,4,8,1,2,1,0,8.0,8,0
868f46c,868f46cbd9ee1e80c97a8b7e36e3f6cc9709d9fe,2017-01-04T13:22:35+01:00,Alberto Galera,7,0,7,1,1,1,0,7.0,7,0
1c412f8,1c412f889c0fcc087b726069ff91f69ecfae8e88,2017-01-05T13:27:16+01:00,Alberto Galera,2,2,4,1,2,1,0,4.0,4,0
3f994d9,3f994d990e4fc099f2c8c143be93ee897c59dbd2,2017-01-05T16:47:18+02:00,Papavassiliou Vassilis,8,0,8,1,1,1,0,8.0,8,0
9f44d96,9f44d9651216201ffb1ce868555f9f2fb7cf6b48,2017-01-06T13:06:41+01:00,Marcel Hellkamp,9,1,10,2,3,2,1,5.0,6,2
2f9ccae,2f9ccae095e90b0af6e28f602b5455eb510f468e,2017-01-09T13:43:57+01:00,Marcel Hellkamp,11,10,21,2,6,2,1,10.5,17,2
4348a0a,4348a0af782250e9c02410786a2cfea2919c8029,2017-01-09T14:42:35+01:00,Marcel Hellkamp,4,3,7,1,1,1,0,7.0,7,0
143cbc3,143cbc391454c49d577fe8f7af5cfd5b9e0ed1e1,2017-01-18T18:04:32+08:00,Inndy,1,0,1,1,1,1,0,1.0,1,1
48a3e07,48a3e073b27264d37d8a59dd8a64721a80629aca,2017-01-19T12:52:50+01:00,Alberto Galera,26,26,52,7,20,7,0,7.43,8,0
5a6fc77,5a6fc77c9c57501b08e5b4f9161ae07d277effa9,2017-01-22T16:45:16+01:00,Marcel Hellkamp,1,1,2,1,1,1,0,2.0,2,1
cb2c33d,cb2c33db783a3026c7a65875f1d843c5c1e9b51d,2017-02-01T10:46:56+01:00,Alberto Galera,5,1,6,1,1,1,0,6.0,6,1
5d71ed8,5d71ed8033084eb139917b670f76cdc60442ca63,2017-02-02T13:11:36-06:00,Bradley Wogsland,82,82,164,82,82,11,0,2.0,2,1
af192c2,af192c25f21d46b950f6c6bcf80c9c83e44113e7,2017-03-18T12:23:53+08:00,iamybj,19,6,25,1,3,1,0,25.0,25,1
f37d346,f37d34668444660200318048a312c636b28f0641,2017-03-20T22:51:25+08:00,iamybj,4,4,8,1,3,1,0,8.0,8,1
b50efac,b50efacf7541c66c1015620857bf5152eff51915,2017-03-25T17:33:50+01:00,Marcel Hellkamp,26,0,26,1,1,1,1,26.0,26,1
b9229ee,b9229eef97ea246e3d0e0c455071d54435a1557d,2017-01-28T23:29:29+01:00,06180339,19,0,19,1,1,1,0,19.0,19,1
be90814,be90814117008e6f19a2d8d5c67b876787888aa6,2017-03-25T17:53:27+01:00,Marcel Hellkamp,7,2,9,2,2,2,0,4.5,6,1
617d08a,617d08a2ccca95b2e8668fef7057127049595fd9,2017-03-25T17:59:26+01:00,Marcel Hellkamp,2,1,3,1,2,1,0,3.0,3,1
083cb3e,083cb3ed1cdecb805952edb4724e688f46a94dbc,2017-03-25T18:24:32+01:00,Marcel Hellkamp,21,32,53,3,10,2,0,17.67,23,1
41ed696,41ed6965de9bf7d0060ffd8245bf65ceb616e26b,2017-03-26T17:00:33+02:00,Marcel Hellkamp,3,3,6,1,4,1,0,6.0,6,1
dfea7aa,dfea7aa94cd936170a8543e8a5176fbb9f09d5e0,2017-04-20T16:59:25-05:00,Derek Anderson,3,0,3,1,1,1,0,3.0,3,0
d12acdd,d12acddf3837c6c62b2d4dacc1f51cf47f19cccc,2017-05-08T17:34:36-05:00,Derek Anderson,17,0,17,1,1,1,0,17.0,17,0
960f79d,960f79d3d97ca804ca5540eb476bfdb7273e10c2,2017-05-15T11:38:25-04:00,Max Humber,1,1,2,1,1,1,0,2.0,2,0
69684cf,69684cf9523055c4f4506328687b4b03cb368700,2017-05-15T11:44:30-04:00,Max Humber,7,7,14,1,1,1,0,14.0,14,0
f62d060,f62d0601d1e9df1c1d38e556d054e2a4be6e36b9,2017-06-19T12:02:14+02:00,Pepelisu,4,0,4,1,1,1,0,4.0,4,0
a2e41ad,a2e41ad57560b8757a96dcfe554b20b221988180,2017-06-30T10:04:01+10:00,David Beitey,1,1,2,1,1,1,0,2.0,2,0
8d0054a,8d0054a3a0fa44a86491357b066921983254ff0f,2017-07-13T17:10:12+02:00,provinzkraut,12,2,14,1,4,1,0,14.0,14,1
bbb9b8b,bbb9b8bebe7b9bf72e27d73d869e73937715f4e1,2017-07-13T17:13:44+02:00,provinzkraut,3,0,3,1,1,1,0,3.0,3,0
c92253f,c92253ffe4a349a9043bedd001c063df72ce7502,2017-07-13T17:15:02+02:00,provinzkraut,0,2,2,1,1,1,0,2.0,2,0
2d96ee2,2d96ee2f40b55d576ae2810bf30b4417c976162b,2017-07-13T17:16:28+02:00,provinzkraut,1,1,2,1,1,1,0,2.0,2,0
b26cf80,b26cf80fa564ffb06fead500007ee4b7f16a1dde,2017-07-18T18:17:57+02:00,Gianni,5,5,10,1,5,1,0,10.0,10,1
0282309,028230940b8b29525d4e140d896e6ecd36c4dc2a,2017-07-22T08:19:14+02:00,Oz N Tiram,0,1,1,1,1,1,0,1.0,1,0
c844013,c844013264a72d7f8cec179e328dbed313c74f71,2017-07-22T08:22:04+02:00,Oz N Tiram,1,5,6,1,1,1,0,6.0,6,0
468e0e1,468e0e18c11692d6cf99508d0a9d965a702d0e25,2017-07-22T08:25:00+02:00,Oz N Tiram,0,1,1,1,1,1,0,1.0,1,0
600e501,600e50156acf7cce054a9fd0d5322d290e3cbd43,2017-06-09T21:33:21+02:00,Marcel Hellkamp,10,8,18,1,5,1,0,18.0,18,1
13eb839,13eb8394ca8f5ee2e113a6a0f701aa976f69f433,2017-07-22T10:38:42+02:00,Marcel Hellkamp,0,2,2,1,1,1,0,2.0,2,0
efc0fec,efc0fecaf238032a57637779993d2aa9257ac67f,2017-09-07T11:52:29+03:00,sheerluck,1,1,2,1,1,1,0,2.0,2,0
8fcdae9,8fcdae957b14e1ca14e727f2148f344b5c4dc58b,2017-10-18T16:15:21+02:00,Frederic Junod,5,5,10,5,5,2,0,2.0,2,1
4e53151,4e53151ec4142704e6e652469e5834ef53d360f6,2017-10-27T17:13:01+05:30,Chaitanya1416,1,1,2,1,1,1,0,2.0,2,0
4434916,443491630426c79befcc19f3c3bb4e654a6a25e5,2017-11-05T13:59:45+01:00,Josef Gajdusek,3,3,6,1,1,1,0,6.0,6,1
55a505b,55a505b3a54bb7de23e9554cb8ce7f8e160c31a0,2017-10-18T15:01:50+02:00,Oz N Tiram,1,1,2,1,1,1,0,2.0,2,0
459b8e9,459b8e93dba5fded88415de7340021d8a7db138b,2017-11-06T04:34:29-08:00,Dustin D'Avignon,2,2,4,1,1,1,0,4.0,4,0
06cc47b,06cc47b1f5403767ccc792b4ac739c4948982de4,2017-12-09T20:20:16+08:00,花浅葱,1,1,2,1,1,1,0,2.0,2,1
56ccbba,56ccbba1df3b09cbb1274fad27522e2d7fd3d489,2017-12-09T07:23:01-05:00,Noah Rosamilia,1,1,2,1,1,1,0,2.0,2,0
245386e,245386e4cb45320047f2e3f9f1912d3f7e1eef42,2018-02-05T20:33:25+09:00,Yosuke Otosu,3,1,4,1,2,1,0,4.0,4,1
063b8e8,063b8e89465ade5c056fcde34315aa12b766b177,2018-02-14T12:16:06+01:00,Marcel Hellkamp,6,4,10,1,3,1,0,10.0,10,1
862fe6b,862fe6b867f300654f6556543f3962b0b36a1651,2017-12-19T09:42:20+01:00,Jonathan Huot,3,0,3,1,1,1,0,3.0,3,0
1de2415,1de24157e74a6971d136550afe1b63eec5b0df2b,2018-03-13T19:37:10+08:00,root,3,1,4,1,3,1,0,4.0,4,1
dd55a13,dd55a1375b96503c94a2644e62665b327473bf95,2018-06-11T01:56:25+03:00,Dime Mikhalchenko,9,10,19,5,9,1,1,3.8,6,5
06da32a,06da32a5f4017c51fe9504730ccfb2ef6fa26a29,2017-09-12T19:45:51+02:00,cclauss,1,1,2,1,1,1,1,2.0,2,1
28793eb,28793eb604578deb2b11cc1725a5d8985af711fe,2018-04-19T19:07:48+02:00,Alberto Galera,3,3,6,1,3,1,0,6.0,6,0
dacb956,dacb9560e8c9ae1c330ef0d1b5ecbe47c1d7de0f,2018-04-06T11:08:36+02:00,Thibault Roche,7,1,8,1,2,1,0,8.0,8,1
b8eab8b,b8eab8b357665e005e7c86b5e8a4f96a28b4aa8a,2018-03-21T18:01:10-05:00,Logan Collins,1,1,2,1,1,1,0,2.0,2,1
4c77788,4c777885bb6f3a7ae2afcc7997c82b882f09e665,2018-07-19T13:12:17+02:00,cclauss,6,1,7,1,3,1,0,7.0,7,0
84c1ee1,84c1ee14e1717ec63782dd5a159fe5848fce1cc4,2018-07-19T13:39:12+02:00,cclauss,2,0,2,1,1,1,0,2.0,2,1
5aeb256,5aeb2562de4c8133dcba8a8cf49b6ec90cd15d1f,2018-07-19T13:39:59+02:00,cclauss,0,2,2,1,1,1,0,2.0,2,1
e76a736,e76a736ae57a615d7c64e143a352b3cf66494836,2018-03-08T14:45:34+01:00,Marcel Hellkamp,17,5,22,2,6,2,1,11.0,12,2
a4fae48,a4fae4815955e6d6b6f8b83d509dfebc65c13868,2018-10-25T15:53:17+02:00,Marcel Hellkamp,2,2,4,2,2,1,0,2.0,2,1
774f376,774f376df74ce8e30cb4833ccaac95c5de11c243,2018-10-25T18:42:56+02:00,Marcel Hellkamp,8,0,8,1,3,1,0,8.0,8,0
33d1b83,33d1b8359776a3777509bbcc4be0496c435c8e34,2018-10-25T18:45:44+02:00,Marcel Hellkamp,90,111,201,24,45,2,1,8.38,82,17
4dab7d8,4dab7d81a7a843541088d397011ac2f132791ff7,2018-10-25T19:35:10+02:00,Marcel Hellkamp,44,16,60,2,11,2,1,30.0,30,2
9fb3b05,9fb3b05846b33e508545a26e424785e151d02323,2018-10-25T20:07:11+02:00,Marcel Hellkamp,54,13,67,3,3,3,1,22.33,49,1
5813b87,5813b873a885094759178583f65cc0f0f2bc576b,2018-12-11T13:01:30+01:00,Marcel Hellkamp,9,3,12,2,6,2,1,6.0,9,2
c8179b2,c8179b28d93b2875a31866c6b84a9b5b59c0c8b4,2018-12-13T08:26:27+01:00,Marcel Hellkamp,1,1,2,1,1,1,0,2.0,2,1
0607494,0607494b142d2d3276c3aa9559d5e8c0674fe95f,2019-01-05T13:30:04+09:00,Hanaasagi,12,3,15,2,5,1,1,7.5,9,2
a454029,a454029f6e8a087e5cb570eb6ee36c2087d26e4d,2019-01-05T13:33:17+09:00,Hanaasagi,12,20,32,1,4,1,1,32.0,32,1
eff4960,eff4960d941b51629f8378b1bd9498ed2aec92c7,2019-05-08T16:48:24+01:00,Adam Johnson,1,1,2,1,1,1,0,2.0,2,1
357a0cb,357a0cb39cb8337f8467f5396e4b7caaa7e4f25c,2019-01-02T14:48:41+01:00,Sebastian Pipping,21,30,51,17,24,8,0,3.0,10,1
375fb78,375fb78b38158154fd3be8b9669e312717ed4d29,2019-08-26T13:50:21-04:00,Luo Zhaoyu,1,1,2,1,1,1,0,2.0,2,1
0dd1951,0dd195111621b4db5e9b7d5e5852fab3c6270098,2019-08-30T16:20:45+02:00,Marcel Hellkamp,2,6,8,1,3,1,0,8.0,8,0
3c31f63,3c31f636b11f3d652579daa9ce7fffe832ccedb5,2019-12-01T15:41:58+01:00,Marcel Hellkamp,1,0,1,1,1,1,0,1.0,1,0
b742f53,b742f53a239a0c304e597995043c08f6e3a27ce3,2019-12-01T15:44:07+01:00,Marcel Hellkamp,7,4,11,1,5,1,0,11.0,11,1
61eeba1,61eeba12d0e6895129abf646a28eb37f9a75a463,2019-12-01T16:44:05+01:00,Marcel Hellkamp,2,3,5,1,3,1,0,5.0,5,0
c9dd680,c9dd6808bb8363014c39865cc8f03fc4f2d8cfb0,2019-12-01T19:14:09+01:00,Marcel Hellkamp,37,0,37,2,2,1,0,18.5,22,1
7eb0af2,7eb0af28c89d38dd2f860ec75718664e6b9f362d,2019-09-27T09:19:49-07:00,Ashwin Ramaswami,1,1,2,1,1,1,0,2.0,2,1
977b589,977b589b4fb5a7032c188e583e7ce3f1a6fa38e2,2019-09-07T21:58:25+02:00,Oz Tiram,2,2,4,1,2,1,0,4.0,4,0
b23f2e8,b23f2e84b3fb6ac8247b8523fd9a80c5e4a1675e,2018-08-29T11:17:31+02:00,Thomas,1,1,2,1,1,1,0,2.0,2,0
a194622,a194622e0ba69a9af0c4ed27e49b6ecefa7e00d2,2019-12-01T19:30:55Z,Vinay Sajip,15,0,15,1,1,1,0,15.0,15,0
5b857b9,5b857b922c8d99458a23da9ff243ecd0ddab7046,2019-12-05T05:24:35+01:00,Christian Clauss,1,1,2,1,1,1,0,2.0,2,0
07cce60,07cce60ba1ed6aa4b4f7df47fdd1b0ec47d61fea,2019-12-08T19:16:18+01:00,Marcel Hellkamp,1,1,2,1,1,1,0,2.0,2,0
4164c3f,4164c3f714edff1c7595b7c10af2d7482f535a1f,2019-12-08T19:31:43+01:00,Marcel Hellkamp,10,3,13,1,2,1,0,13.0,13,1
201d0b0,201d0b02b2d6f242d577c0fd4d7e2c88db6b2013,2019-12-08T19:44:01+01:00,Marcel Hellkamp,10,9,19,1,4,1,0,19.0,19,1
1c22d42,1c22d42f4d5d237f7963ab39621d88a1f47973b7,2019-12-08T20:32:22+01:00,Marcel Hellkamp,23,3,26,1,5,1,1,26.0,26,1
e3492db,e3492dba468fdc8bcd582a09340d1a174204268f,2019-12-09T09:07:09+01:00,Marcel Hellkamp,10,12,22,1,5,1,0,22.0,22,1
3e8cca9,3e8cca99565f150969fb4a9a75d21befeb5c1b91,2019-01-01T21:15:53+01:00,Sebastian Pipping,32,31,63,1,6,1,0,63.0,63,1
6f5e1af,6f5e1af31055d5c76ca0d4e009a88c3e81df5086,2019-01-01T21:34:55+01:00,Sebastian Pipping,11,7,18,1,4,1,0,18.0,18,1
227d4ff,227d4fffdd17b620fc093da02e8ae21cd87c7267,2019-01-01T21:46:29+01:00,Sebastian Pipping,14,0,14,1,1,1,1,14.0,14,1
112e137,112e1376d6381247555c2c2e7894287579166a45,2019-01-01T22:05:40+01:00,Sebastian Pipping,1,1,2,1,1,1,1,2.0,2,1
84559e5,84559e57dc247ba08cce20eb8f70dbd6f8f591b8,2019-01-01T22:22:17+01:00,Sebastian Pipping,3,2,5,2,3,1,1,2.5,4,2
86a38bb,86a38bb1e2cdda13f1fc16adaf37b67971696913,2019-01-01T23:52:52+01:00,Sebastian Pipping,1,0,1,1,1,1,1,1.0,1,1
c684287,c684287381877ea8430296deb68e5a797ddb0d3a,2019-01-01T23:46:25+01:00,Sebastian Pipping,2,71,73,12,14,11,1,6.08,10,4
8be27c7,8be27c727c9f34b77691d83b1dd32242a5ed175b,2019-01-01T21:59:46+01:00,Sebastian Pipping,2,2,4,2,2,2,0,2.0,2,2
ccadf88,ccadf88107eb934c500be6526811d39a9b449ceb,2019-01-01T23:31:34+01:00,Sebastian Pipping,1,0,1,1,1,1,0,1.0,1,1
3d9a8c1,3d9a8c1d862a5fbbeb2676c283f5c42917702aa5,2019-01-02T13:02:18+01:00,Sebastian Pipping,7,18,25,3,7,3,0,8.33,21,3
a47e4b9,a47e4b9176d0a7973d4297a230e8f64412a558f4,2019-01-02T00:06:31+01:00,Sebastian Pipping,5,3,8,1,1,1,1,8.0,8,1
db2b7c9,db2b7c996babc2a8ce9855462b626ee720686f27,2019-12-09T23:45:17+01:00,Sebastian Pipping,0,1,1,1,1,1,0,1.0,1,0
5c52eb0,5c52eb0c0b7f21836375b3584896094735171a9f,2019-12-18T11:46:18+01:00,Marcel Hellkamp,25,1,26,2,5,2,1,13.0,17,2
085f186,085f18615fe8ab63588eebfd25bb90337aac2ba0,2019-12-18T12:05:35+01:00,Marcel Hellkamp,2,3,5,1,2,1,0,5.0,5,1
e33f045,e33f045a7e87a2779e0cf14a48f29949b429f193,2019-12-18T12:16:21+01:00,Marcel Hellkamp,10,11,21,2,3,2,1,10.5,17,2
e543073,e543073b4769c614bf3ec6a0d84e0ffa16cfb914,2019-12-18T13:19:33+01:00,Marcel Hellkamp,4,109,113,5,5,4,0,22.6,44,1
8e898e4,8e898e408a9d7460151c328b5c09079e91e0d6c9,2015-01-10T19:26:32Z,vascop,1,1,2,1,1,1,0,2.0,2,1
9f81b80,9f81b8087ba1486a475c27208a3fd678a526f6fc,2019-12-19T11:59:12+08:00,张酉夫,27,19,46,2,11,2,1,23.0,28,2
73ffcce,73ffccef399d3b1b1bb26509f17eed25273a4679,2019-12-19T12:28:58+08:00,张酉夫,1,1,2,1,1,1,0,2.0,2,1
71fc15f,71fc15feb22f8afd3ccf5df461917fd94d4b3c2d,2019-12-19T11:59:12+08:00,张酉夫,1,1,2,1,1,1,1,2.0,2,1
48e9dfe,48e9dfef69d94d1acabb46cd6976acfcc214377b,2019-12-19T12:27:11Z,Robert Coup,5,4,9,1,2,1,0,9.0,9,1
8561ffb,8561ffbc2ed2b16b4f7f90520d148e37e251d107,2019-12-19T17:07:15+01:00,Marcel Hellkamp,3,2,5,1,2,1,0,5.0,5,1
c84c57f,c84c57f6eaf329266d72fddfa524fb9b360d67ae,2020-01-03T19:49:09+01:00,Marcel Hellkamp,1,1,2,1,1,1,0,2.0,2,1
aaee93a,aaee93a5b1dfc78cb9119797df5c766a53872c5b,2020-01-03T19:51:16+01:00,Marcel Hellkamp,1,1,2,1,1,1,0,2.0,2,1
332215b,332215b2b1b3de5a321ba9f3497777fc93662893,2020-01-03T20:01:09+01:00,Marcel Hellkamp,1,1,2,1,1,1,0,2.0,2,1
8294b30,8294b30341f08da30b10d3d35aadb2fb13beda00,2020-04-11T10:29:00+02:00,Wouter Wijsman,2,2,4,1,2,1,0,4.0,4,0
f2ba40d,f2ba40de7f1dc209369872387018022fd0fc51e8,2020-05-09T12:17:18+01:00,Rui Carmo,1,1,2,1,1,1,0,2.0,2,1
533c2cd,533c2cd76039b4e22a5c36c0e97df82b37c63670,2020-03-08T18:27:35+01:00,Felix Breidenstein,1,1,2,1,1,1,0,2.0,2,0
0131e74,0131e74145fb17d4ee2d5fbc475fcbf7de3ced4f,2020-10-14T22:29:10+08:00,Felix Yan,1,1,2,1,1,1,0,2.0,2,1
f5a9f76,f5a9f76586e06a1cb7bbea8b395000fe9fde7f31,2020-11-11T19:33:05+01:00,Marcel Hellkamp,1,1,2,1,1,1,0,2.0,2,1
971bc50,971bc5028340ebd8b7afe6ce909934e8fed54a47,2020-12-25T20:28:40+03:00,SergBobrovsky,1,1,2,1,1,1,0,2.0,2,1
2802c44,2802c44f9014187b7de422cf52bcc09b2e59b3c2,2020-12-24T17:43:22+03:00,SergBobrovsky,1,4,5,1,1,1,0,5.0,5,1
74ec190,74ec1909cb9074815f067c4b05a457c5e28d3550,2020-12-24T06:34:58+03:00,SergBobrovsky,1,1,2,1,1,1,0,2.0,2,1
c8fc141,c8fc1416be2bef41d5fcbe87e9e8b7c2264a2f4c,2020-12-24T06:01:20+03:00,SergBobrovsky,2,2,4,1,1,1,0,4.0,4,1
eeede5e,eeede5e77a2735b905c26110c96db4e10a9c788c,2020-12-24T03:01:23+03:00,SergBobrovsky,1,1,2,1,1,1,0,2.0,2,1
207d51d,207d51d9a3bb2ae7a9732a686355ab89acc38ac7,2020-12-24T01:05:16+03:00,SergBobrovsky,1,1,2,1,1,1,0,2.0,2,1
cf53eab,cf53eabff29edf3f5486c551fb3e6a510e641a29,2020-09-29T16:11:15+03:00,Mantas,7,2,9,1,3,1,1,9.0,9,1
4ba312f,4ba312fa335b67406890454eb57f20f5051387ae,2020-09-28T13:31:58+08:00,Braedon Vickers,11,1,12,2,2,2,1,6.0,10,2
7d7fb55,7d7fb55f86ba71b853fdd81f7fe8342ff6edb809,2020-09-16T12:40:10+02:00,Oz N Tiram,2,3,5,2,3,1,0,2.5,3,1
0d2fc45,0d2fc452ff453676b0f84e53d5b70c212109f6d8,2020-09-16T13:00:28+02:00,Oz N Tiram,2,3,5,2,3,1,0,2.5,3,1
d2a91df,d2a91df453c40bdd48aac329100e8aa5869866c2,2020-09-16T13:02:29+02:00,Oz N Tiram,2,0,2,1,1,1,0,2.0,2,1
4ad33b8,4ad33b8ee347e797d301584d5f81bee9e0e6eba8,2020-08-28T19:43:21+09:00,tatsuya4559,1,1,2,1,1,1,0,2.0,2,0
6208b98,6208b98fd745408a7a3bcf92efa75bf49f593288,2020-08-24T13:31:00-06:00,alfonsocv12,4,2,6,1,3,1,0,6.0,6,0
25683b1,25683b1eb3d54e095071e1b92bc9c747aa26f18b,2020-05-10T04:14:18Z,Karthikeyan Singaravelan,2,2,4,1,2,1,1,4.0,4,1
1b54afb,1b54afbc42e2d7b5f42ce659e66a71e65d0328b3,2020-05-05T10:11:17+05:30,Arjoonn Sharma,3,0,3,1,1,1,0,3.0,3,0
5c48cee,5c48cee0ec3922fc8d83cd217d480d9486fcab2d,2018-09-27T15:09:23+12:00,Braedon Vickers,8,1,9,1,4,1,0,9.0,9,1
2243ab2,2243ab241a4a3f05160d22dc42f054a824c426dd,2018-10-14T01:54:51+03:00,BubaVV,30,0,30,1,1,1,1,30.0,30,1
f796498,f796498aaaaf2bc110efd494d4036d48999b1a61,2020-04-17T19:42:23+08:00,Braedon Vickers,0,3,3,1,3,1,0,3.0,3,1
f8fc2c1,f8fc2c122b562f07dcc90b37cc6e01cec2b4cc92,2020-12-31T19:00:29+01:00,Marcel Hellkamp,30,49,79,10,25,4,1,7.9,27,3
30d310c,30d310cfb78a4a4f26508e6140dca49cac471905,2020-12-31T19:13:55+01:00,Marcel Hellkamp,22764,4327,27091,115,3874,17,0,235.57,1488,0
f793c04,f793c0420170b50916e20111cabc1871976727de,2020-12-31T19:17:32+01:00,Marcel Hellkamp,1,0,1,1,1,1,1,1.0,1,1
57402ad,57402ad01233b70370153d2360b7ef50d2a3fd2c,2020-12-18T15:42:49+01:00,Oz N Tiram,1,1,2,1,1,1,0,2.0,2,1
f48c9eb,f48c9eb0dcb9ea7a2c230928ff0556e9e6586336,2020-01-06T20:41:32+05:30,Karthikeyan Singaravelan,3,3,6,3,3,1,0,2.0,2,0
4e78a67,4e78a67564ae080a4f458bd3ebbea12d7127c75e,2020-01-07T22:18:45+05:30,Karthikeyan Singaravelan,3,3,6,1,3,1,0,6.0,6,1
5abef29,5abef2921de3cead5413883e5813fb48a82477a7,2019-12-29T13:37:24-05:00,Stephen Daves,1,1,2,1,1,1,0,2.0,2,0
b3fa1d6,b3fa1d687c3170416a3ada7d69715a9077b748a9,2020-12-31T19:43:00+01:00,Marcel Hellkamp,1,1,2,1,1,1,0,2.0,2,1
5e2efb6,5e2efb6ad9c12d986c59926d0b3f99be003189d0,2021-01-01T14:57:53+01:00,Marcel Hellkamp,14,17,31,1,10,1,0,31.0,31,1
f998fe9,f998fe9897a8a8ccc300832b8c09cf0c87b0c584,2021-01-01T15:04:28+01:00,Marcel Hellkamp,2,1,3,1,1,1,1,3.0,3,1
d3c50b1,d3c50b1793b299a60e5bb0d4f74b977927570afa,2021-01-01T15:21:31+01:00,Marcel Hellkamp,2,1,3,2,2,2,1,1.5,2,2
f9b1849,f9b1849db4dd724e36a93a1032be592193fba581,2021-01-01T09:01:51+03:00,SergBobrovsky,3,3,6,1,2,1,0,6.0,6,1
a1e603a,a1e603a7b34d4016050bcfb6a8248a04e752f120,2021-03-27T15:15:25+01:00,Marcel Hellkamp,4,0,4,1,1,1,0,4.0,4,1
ae7a40b,ae7a40b1c2db255dbb1aafd669a4b011bee7e674,2021-03-27T15:17:07+01:00,Marcel Hellkamp,16,16,32,1,5,1,0,32.0,32,1
d1413a8,d1413a81ead7a6f130a06e21a17ca98f4ea30df6,2021-07-07T13:02:33+02:00,Marcel Hellkamp,3,3,6,1,2,1,0,6.0,6,1
71bb933,71bb933649ba009cd537c2e973519d6e024c02a2,2021-06-06T04:30:04-07:00,Emil Sadek,2,2,4,1,2,1,0,4.0,4,0
60e103d,60e103d70d4dcf62dce9c36d79fc1b49089cc7f4,2022-01-20T12:36:01+02:00,Marius Gedminas,1,1,2,1,1,1,0,2.0,2,1
646bd51,646bd51ac6f8da3bb4e45d5937523c71f6f728b6,2022-01-24T11:37:47+05:30,Pawel Borkar,1,1,2,1,1,1,0,2.0,2,0
72f6a4b,72f6a4b9ba25c3627dbff44a2768f4f49f0ae222,2021-12-03T15:01:18+01:00,Joris Hartog,4,1,5,2,2,2,1,2.5,3,2
a885fd0,a885fd02737508de84ba7c0422b5d076ba6d3265,2022-01-05T11:21:26+01:00,Kathy Tafel,1,1,2,1,1,1,0,2.0,2,1
eb1982e,eb1982ea22937a042f5a6e98c5709f779a8fd66c,2021-10-11T13:53:49+08:00,Braedon Vickers,7,2,9,2,2,2,1,4.5,5,2
3f7574b,3f7574b0af03d3ecb88ccb98993f81fd6acb36c5,2022-03-01T22:02:15+02:00,Andrii Oriekhov,3,0,3,1,1,1,0,3.0,3,1
d1f2ab5,d1f2ab570d437184c025247a98ea4b6f3d5b8b6e,2022-05-27T11:06:54+02:00,Marcel Hellkamp,6,4,10,2,6,2,1,5.0,6,2
ca6762c,ca6762c559c5e71e0dff71dc97eb4c6b3ed9bbcd,2022-06-12T15:15:35+02:00,Marcel Hellkamp,7,2,9,1,2,1,0,9.0,9,1
8dbae77,8dbae77560a13f04c8a622b575c924ed9918d22d,2022-06-12T20:54:46+02:00,Marcel Hellkamp,1,1,2,1,1,1,0,2.0,2,1
21453ba,21453baec0d47761183240b32401af15d3ae76aa,2022-06-14T10:59:44+02:00,Marcel Hellkamp,8,10,18,1,6,1,0,18.0,18,1
e14127d,e14127d88a3b633ebc0a56f7ef48c3be5f9e899c,2022-06-21T17:38:29+08:00,akgnah,1,1,2,1,1,1,0,2.0,2,0
1677de0,1677de087ee6517eb3f09a4cffe6f91758ef07ba,2022-06-29T09:36:25+02:00,Marcel Hellkamp,3,2,5,1,3,1,0,5.0,5,1
d21be50,d21be50c20fbd926a06becd51dbb382a537c1647,2022-08-03T09:44:52+02:00,Marcel Hellkamp,24,18,42,1,6,1,0,42.0,42,0
fd78d67,fd78d672ebb362f0e5116ad7c0057da114b25b40,2022-08-03T12:48:42+02:00,Marcel Hellkamp,9,28,37,1,3,1,0,37.0,37,1
9d523f6,9d523f6576d98d093ab92c72a11f598b7073479b,2022-08-03T15:48:56+02:00,Marcel Hellkamp,1,0,1,1,1,1,0,1.0,1,1
c5f49d1,c5f49d1ce28989e779784e8365c84214650f8c38,2022-07-07T09:09:31+02:00,Alexej Simakov,6,6,12,3,5,1,0,4.0,4,0
63587be,63587be6f7e0038bc5baa7412d5649da463e88ee,2022-09-05T09:41:56-03:00,clavedeluna,3,3,6,1,3,1,0,6.0,6,0
66c2a12,66c2a122ed06b471ab0d3eaced647f4debc14afc,2022-09-05T14:59:34+02:00,Marcel Hellkamp,2,2,4,1,1,1,0,4.0,4,0
df67999,df67999584a0e51ec5b691146c7fa4f3c87f5aac,2022-08-14T23:41:46+09:00,Sagar Giri,1,1,2,1,1,1,0,2.0,2,1
99341ff,99341ff3791b2e7e705d7373e71937e9018eb081,2022-09-05T11:33:02-03:00,clavedeluna,3,3,6,1,2,1,0,6.0,6,0
3fdb8b2,3fdb8b2a2e0d1641374b53ef2b051fe7f54508b5,2023-08-06T12:39:52+03:00,Vitaliy,1,1,2,1,1,1,0,2.0,2,0
0fc2b72,0fc2b723a61428299bd090732d409d7500935450,2023-11-04T12:34:03+01:00,Marcel Hellkamp,986,32,1018,6,16,3,1,169.67,706,4
bc1171e,bc1171e52c7ee4f8b3542e8e27173297f73ae0d8,2024-08-28T15:40:55+02:00,Marcel Hellkamp,1401,1487,2888,23,287,4,0,125.57,669,2
39d192e,39d192edadd964bd42134649cd7e85ea8970b369,2024-08-28T15:52:28+02:00,Marcel Hellkamp,11,15,26,2,5,1,0,13.0,16,1
b12638b,b12638b50f1743505a7560e5b428f31f932cfb8f,2024-08-28T15:55:44+02:00,Marcel Hellkamp,0,165,165,3,3,1,1,55.0,121,3
4780272,4780272623c309b3103ba821bcf846c1fa48babb,2024-08-28T15:56:40+02:00,Marcel Hellkamp,2,0,2,1,2,1,0,2.0,2,0
5948ba3,5948ba318bc0d03ddae3bdcb1fcc401c14f2392d,2024-08-28T16:09:43+02:00,Marcel Hellkamp,1,1,2,1,1,1,0,2.0,2,1
d9b6540,d9b654053d8c2d5bf4d28b5ea99a5b3304b8d103,2024-08-28T17:00:31+02:00,Marcel Hellkamp,6,5,11,1,6,1,1,11.0,11,1
98bf0d7,98bf0d7e555ad0f6901280c9937b853f5c10bd54,2024-08-28T20:19:00+02:00,Marcel Hellkamp,2,2,4,2,2,1,0,2.0,2,1
11f36c4,11f36c4162d1dc5a0ae412fe612a0dda15f54deb,2024-08-28T20:53:07+02:00,Marcel Hellkamp,5,5,10,1,4,1,0,10.0,10,1
fbee2a0,fbee2a09b27c9a72d2e969eef014508ef2f77bbf,2024-08-28T21:03:14+02:00,Marcel Hellkamp,1,1,2,1,1,1,0,2.0,2,1
dcea468,dcea468565929bf6b2816e046e2c1129cc55b64e,2024-08-28T21:41:15+02:00,Marcel Hellkamp,15,4,19,2,7,2,1,9.5,12,2
444d960,444d9601f91c87f66e0d994804b6b81295a78f5f,2024-08-28T21:54:05+02:00,Marcel Hellkamp,14,6,20,1,5,1,1,20.0,20,1
7604fb4,7604fb43d5a3468ce87b13a33fe9bf328e986078,2024-08-28T21:54:40+02:00,Marcel Hellkamp,4,1,5,1,2,1,1,5.0,5,1
6d28b04,6d28b04a71ba6384bf041237552dc0d832881c8c,2024-08-28T22:37:36+02:00,Marcel Hellkamp,32,29,61,5,18,1,1,12.2,27,5
a06a608,a06a608c3d6c5be6c4419f7203e60f79d897f1ad,2024-08-28T22:39:13+02:00,Marcel Hellkamp,1,2,3,1,1,1,0,3.0,3,0
957d9f1,957d9f14391048cdddeb8e43726ed705acf28dad,2024-09-02T12:10:38+02:00,Marcel Hellkamp,4,3,7,2,3,2,0,3.5,4,2
3a3477c,3a3477ca57e1d30de2b107cb7554dc65155002af,2024-09-04T15:14:22+02:00,Marcel Hellkamp,34,20,54,3,9,2,0,18.0,30,0
4d739b8,4d739b8a6fbbf588433dfe38c274098c7a8ba95d,2024-09-04T15:33:20+02:00,Marcel Hellkamp,1,1,2,1,1,1,0,2.0,2,0
d0d16fb,d0d16fb18e725af2968d142ae0ba33c0e069a9cc,2024-09-04T16:35:31+02:00,Marcel Hellkamp,1,1,2,1,1,1,0,2.0,2,0
0213798,02137987220dd9b311b2c589afc2d097c66bacb1,2024-09-05T09:56:16+02:00,Marcel Hellkamp,27,49,76,3,25,1,0,25.33,49,0
90d749b,90d749bef49120396ecc347ea67df98881157030,2024-09-05T10:55:49+02:00,Marcel Hellkamp,6,0,6,1,1,1,0,6.0,6,1
ee61a68,ee61a68e8409ca3d57ae66f49f5f18a975a7d687,2021-10-14T11:51:21+02:00,Marcel Hellkamp,28,17,45,3,12,3,1,15.0,31,2
dee9a17,dee9a17c9ced90118cc57ea11ed20accbaa09a2b,2024-09-05T11:45:43+02:00,Marcel Hellkamp,4,4,8,2,3,1,0,4.0,6,0
f16a6d0,f16a6d0059e1a9d3a8139db4a321845f12981a4b,2024-09-05T11:52:26+02:00,Marcel Hellkamp,1,7,8,1,3,1,0,8.0,8,0
157d844,157d8445c59210a3eb135214b6a3f2f58fd34d81,2024-09-05T11:55:11+02:00,Marcel Hellkamp,1,1,2,1,1,1,1,2.0,2,1
e6bc34b,e6bc34b06f32d63c7517505c240c28a52e3ac990,2024-09-05T14:13:10+02:00,Marcel Hellkamp,7,2,9,3,3,2,0,3.0,5,1
f0b6279,f0b62797bf6ccce42263ed32f1ab930dcb11e873,2024-09-05T14:52:42+02:00,Marcel Hellkamp,10,5,15,1,2,1,0,15.0,15,1
686e362,686e362bae6468a08b7dd4801d01c531de7eff41,2024-09-06T12:01:22+02:00,Marcel Hellkamp,15,15,30,2,7,2,0,15.0,24,0
a014a6c,a014a6c4ce4faa411d1fceb571aad3373a82517d,2024-09-06T17:13:13+02:00,Marcel Hellkamp,24,42,66,3,10,3,0,22.0,56,1
c833529,c833529a5294d2c2b41802c80b6eba0f5185379e,2024-09-07T08:31:24+02:00,Marcel Hellkamp,55,55,110,6,35,3,0,18.33,60,1
c925160,c92516069e664efc9bac3746004402bd6f3cc9ec,2024-09-07T10:21:01+02:00,Marcel Hellkamp,95,134,229,11,25,2,0,20.82,77,3
7a53615,7a53615efc42cc521e6031bb363c4d754b8446a4,2024-09-07T11:02:20+02:00,Marcel Hellkamp,6,4,10,3,3,3,1,3.33,5,2
959e02d,959e02d7e9bc3dbd6e52150c25dc0b28dfe7a732,2024-09-07T12:20:34+02:00,Marcel Hellkamp,0,1,1,1,1,1,0,1.0,1,0
fcd774a,fcd774a2343aeadd8987fc94966038704ff4168c,2024-09-07T18:28:37+02:00,Marcel Hellkamp,2,2,4,1,1,1,0,4.0,4,1
4684711,4684711e90d46b2e0eaf2bc8e18a4e6e0b217f4a,2024-09-07T18:29:03+02:00,Marcel Hellkamp,9,7,16,1,7,1,0,16.0,16,1
1d010ca,1d010ca16c58611236a13dcd4fede7a477739d64,2024-09-07T18:48:36+02:00,Marcel Hellkamp,9,103,112,1,10,1,0,112.0,112,0
0568460,0568460f056e8d81738d207c4396947bfac587a9,2021-01-09T16:54:04+03:00,SergBobrovsky,1,1,2,1,1,1,0,2.0,2,1
582e5ca,582e5ca18a63ced4e29f854d538814f5de094bdf,2024-09-07T19:24:17+02:00,Marcel Hellkamp,8,14,22,2,3,1,0,11.0,16,0
52c57b0,52c57b07c260a0dbb27ef21fc7b1cc26563a7fa2,2024-09-07T19:38:31+02:00,Marcel Hellkamp,4,2,6,1,2,1,0,6.0,6,0
f961ffb,f961ffbfa70d3bcbf3415a37e757da744303ef9e,2024-09-07T19:43:36+02:00,Marcel Hellkamp,1,1,2,1,1,1,0,2.0,2,0
1d5b441,1d5b4415a4286c8bf355f6611889f8b6271230b8,2021-01-09T13:43:48+03:00,SergBobrovsky,1,2,3,1,1,1,0,3.0,3,1
966ebde,966ebdeb4bb725c560f4b9462ad353b62831e83e,2024-09-08T15:06:57+02:00,Marcel Hellkamp,11,6,17,1,6,1,0,17.0,17,0
dd6be60,dd6be603b211ffaed9023a0623478c5920a59a9d,2024-09-08T15:09:02+02:00,Marcel Hellkamp,3,1,4,2,2,1,0,2.0,3,0
397eb83,397eb8373ed8a0dc73e62fafeedf0840c852623a,2024-09-11T10:59:02-03:00,Adjamilton Junior,1,1,2,1,1,1,0,2.0,2,0
87b2bf1,87b2bf16d811f840ab7eaf589ad8c1784a230520,2024-09-11T09:05:58-05:00,Stephen Rosen,4,2,6,2,2,2,0,3.0,4,1
a93eda4,a93eda4deda5a510703e9b269de11c28add29ede,2024-09-14T12:51:31+02:00,Marcel Hellkamp,1,1,2,1,1,1,0,2.0,2,1
5053b23,5053b2322afd2f5387f596adb489d5ec2cb71663,2024-09-16T17:16:28+02:00,Marcel Hellkamp,37,15,52,5,18,2,0,10.4,33,1
566e6a9,566e6a939d1cf147a966712052b31b1926fd347b,2024-09-16T21:21:48+02:00,Marcel Hellkamp,1,0,1,1,1,1,0,1.0,1,0
c60fcc3,c60fcc30bcfe4f88c0eff77cccd5d7ae13a5ceb7,2024-09-16T22:02:44+02:00,Marcel Hellkamp,5,2,7,1,2,1,0,7.0,7,0
5740f17,5740f177946194d4e6e7d11e11e7015a5c319d99,2024-09-26T14:33:52+02:00,Marcel Hellkamp,1,1,2,1,1,1,0,2.0,2,1
cb36a7d,cb36a7d83dc560e81dd131a365ee09db2f756a52,2024-10-01T01:03:01-03:00,Adjamilton Junior,2,2,4,1,2,1,0,4.0,4,0
1a6d990,1a6d99022f42b22bd42417a5e22c6511f049dd4a,2024-10-12T16:56:15+02:00,Christian Clauss,2,1,3,1,2,1,0,3.0,3,0
7a7e544,7a7e544495f780ea4d5f52296fc8e26cb69b37ea,2024-10-12T14:21:53+02:00,Marcel Hellkamp,1,0,1,1,1,1,0,1.0,1,1
7af7135,7af7135965e6e02993fea89d8932a4bc713b6692,2024-10-28T16:53:55-04:00,cgmark101,1,1,2,1,1,1,0,2.0,2,0
6917b86,6917b86ea59cdcd1e84841d0d14aba92901ad389,2024-10-22T12:06:15+02:00,Marcel Hellkamp,1,1,2,1,1,1,0,2.0,2,1
a8dfef3,a8dfef301dec35f13e7578306002c40796651629,2024-11-18T17:08:48+01:00,Marcel Hellkamp,28,0,28,1,1,1,0,28.0,28,0
726da54,726da5454a5c83cf2ef01e2817129abb54b12a63,2024-09-14T12:45:25+02:00,Marcel Hellkamp,80,152,232,6,21,3,1,38.67,184,5
4a18349,4a183493ae08bb097860e7199c02f66c24a51092,2024-09-16T21:56:49+02:00,Marcel Hellkamp,14,16,30,4,15,3,1,7.5,12,3
7ee66b4,7ee66b485c9bd7f4cb5f073eaae003411c537869,2024-09-16T22:13:44+02:00,Marcel Hellkamp,0,1,1,1,1,1,0,1.0,1,1
39d1336,39d133682708ff5b59c60b4fb4b2e1c83737f48c,2024-09-16T22:14:46+02:00,Marcel Hellkamp,5,5,10,1,5,1,0,10.0,10,1
3b9e865,3b9e86527130682fb5029bef56c0328fb762a361,2024-10-04T19:28:44+02:00,Marcel Hellkamp,59,114,173,6,38,3,1,28.83,110,4
8804dd9,8804dd957f544255e71a5a4bade7bd7483ba8073,2024-10-12T14:16:41+02:00,Marcel Hellkamp,3,3,6,1,1,1,0,6.0,6,1
8585d8c,8585d8cac3a4748627a4cd967fcdd25e25158469,2024-11-18T16:07:53+01:00,Marcel Hellkamp,22,26,48,2,23,2,0,24.0,44,2
750fcbe,750fcbebbc90ef871c58a225ab333f3508a7a1dd,2024-12-06T16:41:07+01:00,Marcel Hellkamp,13,15,28,1,4,1,0,28.0,28,1
1a4618c,1a4618c7bd6ef96214bd3e2722c6fc487cc6a235,2024-12-06T16:46:07+01:00,Marcel Hellkamp,1,1,2,1,1,1,1,2.0,2,1
ee24927,ee24927c458eeb4cae73939f0aaf788ab17c5ba5,2024-12-06T18:45:19+01:00,Marcel Hellkamp,9,6,15,4,5,2,0,3.75,6,0
c65347f,c65347fb43846976f7bc827eec90fe307212ec05,2025-02-15T09:50:52+01:00,Marcel Hellkamp,2,5,7,1,2,1,0,7.0,7,1
2fa7afd,2fa7afd35feb8f4c67699b670cc45556e93f62c2,2025-02-16T12:12:17+01:00,Jochen Schnelle,541,384,925,1,216,1,0,925.0,925,0
e0c5ed1,e0c5ed19e25c77efe8944402353ff9b88abd1ae5,2025-04-21T15:09:22+02:00,Marcel Hellkamp,76,12,88,4,15,3,1,22.0,45,3
a565987,a565987507dbb4b30995d1602d16d393ba2c2a8a,2025-04-21T15:12:02+02:00,Marcel Hellkamp,21,21,42,1,21,1,0,42.0,42,1
1dab4e7,1dab4e7a793bed7cc7d1c8f2df17ee258b130b50,2025-04-21T15:27:54+02:00,Marcel Hellkamp,6,7,13,4,6,3,0,3.25,5,0
3b666ca,3b666ca8f3fd40d2a0a03aa28943e1044f881a58,2025-04-21T15:24:08+02:00,Christian Clauss,1,1,2,1,1,1,0,2.0,2,0
b6fd20c,b6fd20c4fd162198f2b2c756483a585b3b2972d4,2025-04-21T08:48:06-05:00,Guye17,2,2,4,2,2,1,0,2.0,2,1
60fdec7,60fdec7aa3916b29b9bd0c05b9ae41ae46da21b8,2025-04-21T16:10:34+02:00,Marcel Hellkamp,0,2,2,1,1,1,0,2.0,2,0
b2cf884,b2cf884ed87656183d063490c5e9f7b2204aef2e,2025-04-21T18:32:29+03:00,SergBobrovsky,1,1,2,1,1,1,0,2.0,2,1
57bdb52,57bdb520a2e3263bba33ccd15d979470ad978b2e,2025-04-23T10:22:10+02:00,Marcel Hellkamp,2,0,2,1,1,1,0,2.0,2,0
b5631d1,b5631d1d8ab9dd8e7a149a83a0be9a883468ef9f,2025-05-09T01:19:02+03:00,Vladyslav Prudius,1,1,2,1,1,1,0,2.0,2,1
21a8db0,21a8db0f0649c61d032a6b06f9f993a08b6320f9,2025-06-13T17:58:25+02:00,Marcel Hellkamp,1,0,1,1,1,1,0,1.0,1,0
011016c,011016ce30f92e450bd111b0c9844e93ebad5243,2025-06-12T14:50:09+03:00,Sakari Cajanus,44,17,61,3,20,1,1,20.33,53,3
e3d8e71,e3d8e71107a05f96dd57f8a848cef2d7cfc6e6fd,2025-06-15T11:52:53+02:00,Marcel Hellkamp,81,13,94,3,8,3,1,31.33,58,2
b1bd8bb,b1bd8bbeaf10080f65e7bb325f2b614dffd28a78,2025-06-15T19:00:28+02:00,Marcel Hellkamp,57,62,119,1,48,1,0,119.0,119,1
0207a34,0207a34f0c5716cd292dd4480253ad35d3da49f3,2025-06-27T12:14:03+02:00,Marcel Hellkamp,2,1,3,1,1,1,0,3.0,3,1
a8086ff,a8086fffd74f1be11d9cf6483041f67fb272b0d4,2025-09-13T08:18:37+02:00,Mickaël Schoentgen,1,1,2,1,1,1,0,2.0,2,1
3d0ace4,3d0ace47fe8e5ac5177b49597bd8ff872ff08d7b,2025-09-19T12:50:34+09:00,AN Long,1,1,2,1,1,1,0,2.0,2,0
da7e372,da7e372f215cb530e537123e471616300336cde7,2026-01-02T11:11:21+01:00,Marcel Hellkamp,16,8,24,2,5,2,1,12.0,19,2
62ca0c3,62ca0c31987ead4e4776122962294ba976f9dbf9,2026-01-02T11:24:06+01:00,Marcel Hellkamp,86,86,172,17,61,4,1,10.12,36,2
24e80dc,24e80dc026c0c6e5026981530b37887a43122cb6,2026-02-16T15:16:14-08:00,Yisu Remy Wang,8,6,14,1,2,1,0,14.0,14,0
870cc35,870cc35c924be757d947e4599db60340cf7c5864,2026-03-23T11:04:06+01:00,Marcel Hellkamp,17,0,17,1,1,1,0,17.0,17,0
2a743a3,2a743a302a71460bfe4c0b8b7cb99a306b0328c6,2025-07-31T00:25:52+03:00,Mikhail Bodrov,1,1,2,1,1,1,0,2.0,2,1
b73bd1d,b73bd1db5b7a915cf6a78656955c4059f58195ae,2026-07-19T09:16:45+02:00,Marcel Hellkamp,23,4,27,2,3,2,1,13.5,18,2
62d7e07,62d7e076e1f7d10ed4d9e13314df32c6a1e80173,2026-07-19T09:19:13+02:00,Marcel Hellkamp,5,5,10,1,2,1,0,10.0,10,1
457a8fa,457a8fa82f2c96d18c6f5934288387ad83ac12fa,2026-09-06T13:21:24+02:00,Marcel Hellkamp,28,10,38,2,8,2,1,19.0,29,2
